{"-2.0": 0.8694311838174273, "-1.9": 0.8681353137028068, "-1.8": 0.8667631818179342, "-1.7": 0.8656540340299747, "-1.6": 0.86508805144916, "-1.5": 0.8652130542981875, "-1.4": 0.8659983724723582, "-1.2999999999999998": 0.8672283506733149, "-1.2": 0.8685397355613361, "-1.1": 0.8694975479938157, "-1.0": 0.8696949881206699, "-0.8999999999999999": 0.8688564377095225, "-0.7999999999999998": 0.8669202477682192, "-0.7": 0.8640804784610476, "-0.5999999999999999": 0.8607738644459343, "-0.5": 0.8576088125900228, "-0.3999999999999999": 0.8552452332386647, "-0.2999999999999998": 0.8542450931814825, "-0.19999999999999996": 0.8549214522668679, "-0.09999999999999987": 0.8572166285012008, "0.0": 0.8606371561652252, "0.10000000000000009": 0.8642646014317477, "0.20000000000000018": 0.8668484356937374, "0.30000000000000027": 0.8669722830500138, "0.40000000000000036": 0.8632706849413698, "0.5": 0.8546627657327658, "0.6000000000000001": 0.8405639957834482, "0.7000000000000002": 0.8210388158960894, "0.8000000000000003": 0.7968651647794179, "0.9000000000000004": 0.7694956457154409, "1.0": 0.7409168526185289, "1.1": 0.7134253043114104, "1.2000000000000002": 0.6893524873433805, "1.3000000000000003": 0.6707801460324412, "1.4000000000000004": 0.6592886111279995, "1.5": 0.6557753171342006, "1.6": 0.660368742941299, "1.7000000000000002": 0.6724469836564768, "1.8000000000000003": 0.6907529265599173, "1.9000000000000004": 0.7135826617791449}