{"-2.0": 0.850073443077012, "-1.9": 0.8497320162339086, "-1.8": 0.8462740577710788, "-1.7": 0.8388847559255863, "-1.6": 0.8271250563191035, "-1.5": 0.8110622259469178, "-1.4": 0.791339723948642, "-1.2999999999999998": 0.7691681673900571, "-1.2": 0.7462305351591405, "-1.1": 0.7245082890331264, "-1.0": 0.7060486031243041, "-0.8999999999999999": 0.6927040207270075, "-0.7999999999999998": 0.6858825036358555, "-0.7": 0.6863465644931371, "-0.5999999999999999": 0.6940944950755517, "-0.5": 0.7083452358197574, "-0.3999999999999999": 0.7276328312437782, "-0.2999999999999998": 0.7499991400074322, "-0.19999999999999996": 0.7732573777699916, "-0.09999999999999987": 0.7952869420319167, "0.0": 0.8143140011781964, "0.10000000000000009": 0.8291337420630721, "0.20000000000000018": 0.8392389484862407, "0.30000000000000027": 0.8448344462315653, "0.40000000000000036": 0.8467355367588536, "0.5": 0.846167788897453, "0.6000000000000001": 0.8445022181248677, "0.7000000000000002": 0.8429710817662619, "0.8000000000000003": 0.8424132600299243, "0.9000000000000004": 0.843093721540312, "1.0": 0.8446295231900995, "1.1": 0.846037104554028, "1.2000000000000002": 0.8458952283232444, "1.3000000000000003": 0.8425982050549182, "1.4000000000000004": 0.8346583498225245, "1.5": 0.8210076189190066, "1.6": 0.8012476183547567, "1.7000000000000002": 0.7758048295799954, "1.8000000000000003": 0.7459627147624204, "1.9000000000000004": 0.7137618971337085}