{"-2.0": 0.8341753788050004, "-1.9": 0.8349784539116003, "-1.8": 0.8366864516644394, "-1.7": 0.8389639719552482, "-1.6": 0.8412511570666911, "-1.5": 0.8428121688078153, "-1.4": 0.8428169453814217, "-1.2999999999999998": 0.8404470976864936, "-1.2": 0.8350127803839854, "-1.1": 0.8260650992781694, "-1.0": 0.8134884265390876, "-0.8999999999999999": 0.797558927937473, "-0.7999999999999998": 0.7789594129861694, "-0.7": 0.7587458092611752, "-0.5999999999999999": 0.7382664783099443, "-0.5": 0.7190414969340305, "-0.3999999999999999": 0.7026142031006243, "-0.2999999999999998": 0.6903911260867157, "-0.19999999999999996": 0.6834884235388893, "-0.09999999999999987": 0.6826028771496744, "0.0": 0.6879233227830208, "0.10000000000000009": 0.6990943046466008, "0.20000000000000018": 0.7152381471258106, "0.30000000000000027": 0.7350351036857491, "0.40000000000000036": 0.7568544632850587, "0.5": 0.7789232255142968, "0.6000000000000001": 0.7995139407612974, "0.7000000000000002": 0.8171302081424425, "0.8000000000000003": 0.8306676220461027, "0.9000000000000004": 0.8395299087463972, "1.0": 0.8436845525743838, "1.1": 0.8436490064503285, "1.2000000000000002": 0.8404069271441993, "1.3000000000000003": 0.835262819339606, "1.4000000000000004": 0.8296518935511105, "1.5": 0.8249286856044473, "1.6": 0.8221620168734648, "1.7000000000000002": 0.82196444439521, "1.8000000000000003": 0.8243811275717011, "1.9000000000000004": 0.8288562017934828}