{"-2.0": 0.8259164323380587, "-1.9": 0.8269916580058833, "-1.8": 0.8278256835870158, "-1.7": 0.828105525071692, "-1.6": 0.82761051006325, "-1.5": 0.8262803500898483, "-1.4": 0.8242515845880588, "-1.2999999999999998": 0.8218497423749646, "-1.2": 0.8195333181773932, "-1.1": 0.8177960515466605, "-1.0": 0.8170439162340363, "-0.8999999999999999": 0.8174705429771414, "-0.7999999999999998": 0.8189577837123575, "-0.7": 0.8210258457908238, "-0.5999999999999999": 0.8228499659367519, "-0.5": 0.8233490931237943, "-0.3999999999999999": 0.8213385190876266, "-0.2999999999999998": 0.8157253600083897, "-0.19999999999999996": 0.8057158145376101, "-0.09999999999999987": 0.7909982979713408, "0.0": 0.7718680828417653, "0.10000000000000009": 0.7492670045860259, "0.20000000000000018": 0.7247249484868402, "0.30000000000000027": 0.7002060240446066, "0.40000000000000036": 0.6778787166522698, "0.5": 0.6598429221635435, "0.6000000000000001": 0.6478550872392413, "0.7000000000000002": 0.6430940817926127, "0.8000000000000003": 0.6460045378659629, "0.9000000000000004": 0.6562421445020122, "1.0": 0.6727288989214942, "1.1": 0.6938084744209447, "1.2000000000000002": 0.717475822933287, "1.3000000000000003": 0.7416437050202664, "1.4000000000000004": 0.7644040009845137, "1.5": 0.7842441581156019, "1.6": 0.8001883764597968, "1.7000000000000002": 0.8118473068118017, "1.8000000000000003": 0.8193764328693481, "1.9000000000000004": 0.8233588797428024}