{"-2.0": 0.8245740638710602, "-1.9": 0.8243142223675647, "-1.8": 0.8247033156370829, "-1.7": 0.8257002234890809, "-1.6": 0.8270218281660208, "-1.5": 0.8281376496574246, "-1.4": 0.8283179707406539, "-1.2999999999999998": 0.8267326175482186, "-1.2": 0.8225869523306574, "-1.1": 0.8152730151244926, "-1.0": 0.8045089458796248, "-0.8999999999999999": 0.7904399576751224, "-0.7999999999999998": 0.7736794029972737, "-0.7": 0.7552780634929157, "-0.5999999999999999": 0.7366220177229245, "-0.5": 0.7192720650997261, "-0.3999999999999999": 0.7047683431404563, "-0.2999999999999998": 0.6944304353745944, "-0.19999999999999996": 0.6891846245351362, "-0.09999999999999987": 0.689445686827216, "0.0": 0.6950714955121609, "0.10000000000000009": 0.7053963765938939, "0.20000000000000018": 0.7193359118597633, "0.30000000000000027": 0.7355441577888405, "0.40000000000000036": 0.7525961812717492, "0.5": 0.7691658263102982, "0.6000000000000001": 0.7841711534176197, "0.7000000000000002": 0.796867404260625, "0.8000000000000003": 0.8068780761478404, "0.9000000000000004": 0.8141665685229744, "1.0": 0.81896153487335, "1.1": 0.8216564811291062, "1.2000000000000002": 0.8227069422090283, "1.3000000000000003": 0.8225463577579751, "1.4000000000000004": 0.8215352099732742, "1.5": 0.8199486291164103, "1.6": 0.8179976329982351, "1.7000000000000002": 0.8158706880318285, "1.8000000000000003": 0.8137772586169865, "1.9000000000000004": 0.8119745981832531}