{"-2.0": 0.8708984060518672, "-1.9": 0.8687261396240323, "-1.8": 0.8620297352795823, "-1.7": 0.8498182308738074, "-1.6": 0.8316612552361402, "-1.5": 0.8078347530236325, "-1.4": 0.7793709205011599, "-1.2999999999999998": 0.7479979568795021, "-1.2": 0.7159731227418958, "-1.1": 0.6858304742599588, "-1.0": 0.6600793134537846, "-0.8999999999999999": 0.6408981848898808, "-0.7999999999999998": 0.6298705082706396, "-0.7": 0.627801361374386, "-0.5999999999999999": 0.634641634121353, "-0.5": 0.6495281021307299, "-0.3999999999999999": 0.6709290564967384, "-0.2999999999999998": 0.6968683369190227, "-0.19999999999999996": 0.7251889087531207, "-0.09999999999999987": 0.7538125129239643, "0.0": 0.7809550926631992, "0.10000000000000009": 0.8052679114269917, "0.20000000000000018": 0.8258894773142387, "0.30000000000000027": 0.8424106357973941, "0.40000000000000036": 0.8547712016808751, "0.5": 0.8631182762234131, "0.6000000000000001": 0.8676617925722605, "0.7000000000000002": 0.8685609625520037, "0.8000000000000003": 0.8658666846100459, "0.9000000000000004": 0.8595314420326122, "1.0": 0.8494825381031025, "1.1": 0.8357398457249985, "1.2000000000000002": 0.8185485422097364, "1.3000000000000003": 0.7984927169552334, "1.4000000000000004": 0.7765582367958014, "1.5": 0.7541223975803066, "1.6": 0.7328619425284931, "1.7000000000000002": 0.7145872802259744, "1.8000000000000003": 0.7010260324769464, "1.9000000000000004": 0.6935903894041068}