{"-2.0": 0.8518303964164428, "-1.9": 0.8525853292023323, "-1.8": 0.853270828969239, "-1.7": 0.8537017111157517, "-1.6": 0.8537108364591256, "-1.5": 0.8531940914947691, "-1.4": 0.8521486901153948, "-1.2999999999999998": 0.8506935505370516, "-1.2": 0.8490627242200887, "-1.1": 0.8475675568341117, "-1.0": 0.8465297232213522, "-0.8999999999999999": 0.8461943008537166, "-0.7999999999999998": 0.8466381668566203, "-0.7": 0.8476927824969025, "-0.5999999999999999": 0.8489007569608205, "-0.5": 0.8495219460025688, "-0.3999999999999999": 0.8485974873759515, "-0.2999999999999998": 0.8450701323975041, "-0.19999999999999996": 0.8379481762748984, "-0.09999999999999987": 0.8264902632560859, "0.0": 0.8103813879367011, "0.10000000000000009": 0.789868170470854, "0.20000000000000018": 0.7658248373168393, "0.30000000000000027": 0.7397301949123017, "0.40000000000000036": 0.7135491083309494, "0.5": 0.6895275595608161, "0.6000000000000001": 0.6699256503629258, "0.7000000000000002": 0.6567251905423909, "0.8000000000000003": 0.6513553975024035, "0.9000000000000004": 0.6544801734862274, "1.0": 0.665883020371187, "1.1": 0.6844717793215885, "1.2000000000000002": 0.7084071121962664, "1.3000000000000003": 0.7353389113179992, "1.4000000000000004": 0.762716953564537, "1.5": 0.7881292287896794, "1.6": 0.8096158404039868, "1.7000000000000002": 0.8259093663335906, "1.8000000000000003": 0.8365638071075849, "1.9000000000000004": 0.8419520248086586}