{"-2.0": 0.8888163465983182, "-1.9": 0.8886663951876703, "-1.8": 0.8882547406530185, "-1.7": 0.8877830553778483, "-1.6": 0.8874908047224732, "-1.5": 0.8875960181757399, "-1.4": 0.8882343511764662, "-1.2999999999999998": 0.8894108509604692, "-1.2": 0.8909774898760593, "-1.1": 0.892645041658578, "-1.0": 0.8940309457628168, "-0.8999999999999999": 0.8947367283688261, "-0.7999999999999998": 0.8944409913283606, "-0.7": 0.8929886485697683, "-0.5999999999999999": 0.8904553705502372, "-0.5": 0.8871688393910331, "-0.3999999999999999": 0.8836753195680401, "-0.2999999999999998": 0.8806502124343107, "-0.19999999999999996": 0.8787629220422648, "-0.09999999999999987": 0.8785172808287125, "0.0": 0.8800966784857679, "0.10000000000000009": 0.8832460176368031, "0.20000000000000018": 0.8872196043005747, "0.30000000000000027": 0.8908150697903455, "0.40000000000000036": 0.8924995770428402, "0.5": 0.8906180754810179, "0.6000000000000001": 0.8836570991815529, "0.7000000000000002": 0.8705245986040178, "0.8000000000000003": 0.8507992207302505, "0.9000000000000004": 0.8249030673869845, "1.0": 0.7941607429761609, "1.1": 0.7607234786890459, "1.2000000000000002": 0.7273579661311772, "1.3000000000000003": 0.6971219214111246, "1.4000000000000004": 0.6729685480745541, "1.5": 0.6573363895395846, "1.6": 0.6517868181855001, "1.7000000000000002": 0.6567472194421144, "1.8000000000000003": 0.6714040696182627, "1.9000000000000004": 0.6937685128292315}