{"-2.0": 0.8279621144407607, "-1.9": 0.828305401790918, "-1.8": 0.8281794912374755, "-1.7": 0.8275165052597818, "-1.6": 0.8263980298385307, "-1.5": 0.825056368642475, "-1.4": 0.823834470022628, "-1.2999999999999998": 0.8231080423449826, "-1.2": 0.8231825816368594, "-1.1": 0.8241853289586094, "-1.0": 0.8259758312183131, "-0.8999999999999999": 0.8280977356774144, "-0.7999999999999998": 0.8297885570014496, "-0.7": 0.8300542596868358, "-0.5999999999999999": 0.8278033098162554, "-0.5": 0.8220226440481881, "-0.3999999999999999": 0.8119681896115043, "-0.2999999999999998": 0.7973372155010201, "-0.19999999999999996": 0.778390206676043, "-0.09999999999999987": 0.7559963830274916, "0.0": 0.7315885446243106, "0.10000000000000009": 0.7070277140151383, "0.20000000000000018": 0.6843934838469705, "0.30000000000000027": 0.6657292728859685, "0.40000000000000036": 0.6527803688315632, "0.5": 0.646765004484644, "0.6000000000000001": 0.6482142104085002, "0.7000000000000002": 0.6569054967214215, "0.8000000000000003": 0.6719003628925422, "0.9000000000000004": 0.691678853323453, "1.0": 0.7143488318846035, "1.1": 0.7378960820629191, "1.2000000000000002": 0.7604357595763662, "1.3000000000000003": 0.7804270332574316, "1.4000000000000004": 0.7968205790314288, "1.5": 0.8091213788386948, "1.6": 0.8173645699746004, "1.7000000000000002": 0.8220170221393335, "1.8000000000000003": 0.8238291532887518, "1.9000000000000004": 0.8236681469482003}