{"-2.0": 0.8652713012640447, "-1.9": 0.8642543262413462, "-1.8": 0.8638938311916144, "-1.7": 0.8643332945724493, "-1.6": 0.865522806318437, "-1.5": 0.867213909243229, "-1.4": 0.8690006600650634, "-1.2999999999999998": 0.8704009972743031, "-1.2": 0.8709631035775394, "-1.1": 0.870374770900143, "-1.0": 0.8685513902223436, "-0.8999999999999999": 0.8656808498361743, "-0.7999999999999998": 0.8622110751390673, "-0.7": 0.8587769203542729, "-0.5999999999999999": 0.856075580255366, "-0.5": 0.8547111761795209, "-0.3999999999999999": 0.8550373066334983, "-0.2999999999999998": 0.8570293131421225, "-0.19999999999999996": 0.8602149106970316, "-0.09999999999999987": 0.8636829355807415, "0.0": 0.8661766822122768, "0.10000000000000009": 0.8662629569289853, "0.20000000000000018": 0.862553384818758, "0.30000000000000027": 0.8539434462481039, "0.40000000000000036": 0.8398294042388286, "0.5": 0.8202649165329882, "0.6000000000000001": 0.7960276481861032, "0.7000000000000002": 0.768580270442991, "0.8000000000000003": 0.7399274503580981, "0.9000000000000004": 0.7123877763125882, "1.0": 0.6883139286579775, "1.1": 0.6698031988956087, "1.2000000000000002": 0.6584420853615409, "1.3000000000000003": 0.6551228474764247, "1.4000000000000004": 0.6599576448056624, "1.5": 0.6722994495774235, "1.6": 0.6908612828309108, "1.7000000000000002": 0.7139096611585697, "1.8000000000000003": 0.73949723002988, "1.9000000000000004": 0.7656952608281787}