{"-2.0": 0.8791201750103207, "-1.9": 0.8780848222988923, "-1.8": 0.8768549656639818, "-1.7": 0.8756680706975815, "-1.6": 0.8747593491059014, "-1.5": 0.8743098209469757, "-1.4": 0.8744030061776821, "-1.2999999999999998": 0.8749998502279748, "-1.2": 0.8759382904915428, "-1.1": 0.8769592186789652, "-1.0": 0.8777553327226151, "-0.8999999999999999": 0.8780344965313897, "-0.7999999999999998": 0.8775856974886979, "-0.7": 0.8763342547893863, "-0.5999999999999999": 0.8743739683597669, "-0.5": 0.8719673449587851, "-0.3999999999999999": 0.869510384683535, "-0.2999999999999998": 0.8674647795233106, "-0.19999999999999996": 0.8662666682808879, "-0.09999999999999987": 0.8662261823108278, "0.0": 0.8674349469210941, "0.10000000000000009": 0.8696988583205186, "0.20000000000000018": 0.8725106760396025, "0.30000000000000027": 0.8750715886910535, "0.40000000000000036": 0.8763637043216777, "0.5": 0.8752674838155293, "0.6000000000000001": 0.8707107178337855, "0.7000000000000002": 0.8618299264280606, "0.8000000000000003": 0.84812196734093, "0.9000000000000004": 0.8295637070991001, "1.0": 0.8066808907474273, "1.1": 0.7805534097715466, "1.2000000000000002": 0.7527521707167099, "1.3000000000000003": 0.7252115909176381, "1.4000000000000004": 0.7000501721231402, "1.5": 0.6793584871473981, "1.6": 0.6649783602241659, "1.7000000000000002": 0.6582984885437143, "1.8000000000000003": 0.6600901167851013, "1.9000000000000004": 0.6704019239971404}