{"-2.0": 0.8386943977811107, "-1.9": 0.8376149436056566, "-1.8": 0.8324195019856195, "-1.7": 0.8232483308602081, "-1.6": 0.8107615587088302, "-1.5": 0.7960706514558636, "-1.4": 0.7806083818237236, "-1.2999999999999998": 0.7659547836455407, "-1.2": 0.7536426567725499, "-1.1": 0.7449688595425832, "-1.0": 0.7408365759116764, "-0.8999999999999999": 0.741649209525768, "-0.7999999999999998": 0.7472692617000926, "-0.7": 0.7570465813033416, "-0.5999999999999999": 0.7699110100884717, "-0.5": 0.7845159689214464, "-0.3999999999999999": 0.7994130482439694, "-0.2999999999999998": 0.8132339772224633, "-0.19999999999999996": 0.8248558473642156, "-0.09999999999999987": 0.8335281260116835, "0.0": 0.8389453809486436, "0.10000000000000009": 0.8412569934901062, "0.20000000000000018": 0.8410134938451254, "0.30000000000000027": 0.8390574511606156, "0.40000000000000036": 0.8363740718847693, "0.5": 0.8339219362215347, "0.6000000000000001": 0.8324670079711678, "0.7000000000000002": 0.8324428657627161, "0.8000000000000003": 0.8338570337558296, "0.9000000000000004": 0.836257676566782, "1.0": 0.8387674004848508, "1.1": 0.8401823372134505, "1.2000000000000002": 0.8391260888878748, "1.3000000000000003": 0.8342405351166031, "1.4000000000000004": 0.8243899184705219, "1.5": 0.8088518142697707, "1.6": 0.7874690342573933, "1.7000000000000002": 0.7607403131947844, "1.8000000000000003": 0.7298344641749535, "1.9000000000000004": 0.6965218334581771}