{"-2.0": 0.8758922184963195, "-1.9": 0.8775174109175836, "-1.8": 0.8786734289781979, "-1.7": 0.8790077277323682, "-1.6": 0.878302104617638, "-1.5": 0.8765299006867252, "-1.4": 0.8738807213153023, "-1.2999999999999998": 0.8707448364379556, "-1.2": 0.8676562411166107, "-1.1": 0.8652008023036635, "-1.0": 0.8639026909521096, "-0.8999999999999999": 0.8641071764326796, "-0.7999999999999998": 0.8658799094716497, "-0.7": 0.8689415679135204, "-0.5999999999999999": 0.8726522651086812, "-0.5": 0.8760530486556506, "-0.3999999999999999": 0.8779632197010863, "-0.2999999999999998": 0.8771234228572552, "-0.19999999999999996": 0.8723668854083518, "-0.09999999999999987": 0.8627960325660349, "0.0": 0.8479398064531622, "0.10000000000000009": 0.82786869495753, "0.20000000000000018": 0.8032495036819148, "0.30000000000000027": 0.7753295438908294, "0.40000000000000036": 0.7458490457977602, "0.5": 0.7168899280006288, "0.6000000000000001": 0.6906772601146112, "0.7000000000000002": 0.6693557535115131, "0.8000000000000003": 0.6547666706810469, "0.9000000000000004": 0.6482503690926238, "1.0": 0.6504964599247605, "1.1": 0.6614578327566683, "1.2000000000000002": 0.6803374243995164, "1.3000000000000003": 0.7056485807873046, "1.4000000000000004": 0.7353421499824508, "1.5": 0.7669868852990602, "1.6": 0.797984932999183, "1.7000000000000002": 0.8258014598030232, "1.8000000000000003": 0.8481869064818329, "1.9000000000000004": 0.8633717772389723}