{"-2.0": 0.8264059226383265, "-1.9": 0.8270427093515633, "-1.8": 0.8265622016508059, "-1.7": 0.824115332948457, "-1.6": 0.8189872249315477, "-1.5": 0.8107608264260808, "-1.4": 0.7994404728537028, "-1.2999999999999998": 0.7855103322645082, "-1.2": 0.7699138384525105, "-1.1": 0.7539541540543869, "-1.0": 0.7391298760344043, "-0.8999999999999999": 0.7269319508720147, "-0.7999999999999998": 0.7186349106453525, "-0.7": 0.7151167440972769, "-0.5999999999999999": 0.7167367692458191, "-0.5": 0.7232907244009387, "-0.3999999999999999": 0.7340488617083057, "-0.2999999999999998": 0.7478686277206212, "-0.19999999999999996": 0.7633611748326546, "-0.09999999999999987": 0.7790826961300167, "0.0": 0.7937188255123739, "0.10000000000000009": 0.8062334270599935, "0.20000000000000018": 0.8159612198688839, "0.30000000000000027": 0.8226351051024983, "0.40000000000000036": 0.8263514502732203, "0.5": 0.8274874951027258, "0.6000000000000001": 0.8265924002410463, "0.7000000000000002": 0.8242759725578251, "0.8000000000000003": 0.8211165035956114, "0.9000000000000004": 0.817602247705473, "1.0": 0.8141115194384131, "1.1": 0.8109264003345849, "1.2000000000000002": 0.8082668601325713, "1.3000000000000003": 0.8063275405344835, "1.4000000000000004": 0.8052995349360659, "1.5": 0.8053642098643489, "1.6": 0.8066544042529361, "1.7000000000000002": 0.8091883402272062, "1.8000000000000003": 0.8127909783871394, "1.9000000000000004": 0.8170240969767995}