{"-2.0": 0.8566400663728289, "-1.9": 0.8544416614136047, "-1.8": 0.8542859520774653, "-1.7": 0.8563554056625251, "-1.6": 0.8603706128030167, "-1.5": 0.865559173309821, "-1.4": 0.8707085299302397, "-1.2999999999999998": 0.874301615901579, "-1.2": 0.8747195970487864, "-1.1": 0.8704834182166447, "-1.0": 0.860497627864526, "-0.8999999999999999": 0.8442576541088298, "-0.7999999999999998": 0.8219859126207187, "-0.7": 0.7946722642688381, "-0.5999999999999999": 0.764008771142788, "-0.5": 0.7322250125951771, "-0.3999999999999999": 0.7018456630223701, "-0.2999999999999998": 0.6754039949342837, "-0.19999999999999996": 0.6551514653189023, "-0.09999999999999987": 0.6428035494809179, "0.0": 0.6393556243767086, "0.10000000000000009": 0.6449911960866148, "0.20000000000000018": 0.6590902005477428, "0.30000000000000027": 0.68033004023988, "0.40000000000000036": 0.70685900664137, "0.5": 0.7365128684854628, "0.6000000000000001": 0.7670419389161595, "0.7000000000000002": 0.796318100000899, "0.8000000000000003": 0.8224982581035926, "0.9000000000000004": 0.8441308868310884, "1.0": 0.860203551715892, "1.1": 0.8701394058067351, "1.2000000000000002": 0.873757766077188, "1.3000000000000003": 0.8712169024053927, "1.4000000000000004": 0.8629558684135725, "1.5": 0.8496472577438288, "1.6": 0.8321655930155483, "1.7000000000000002": 0.8115684735561521, "1.8000000000000003": 0.7890814656904392, "1.9000000000000004": 0.7660744863330453}