{"-2.0": 0.8625206695497857, "-1.9": 0.8634250397051773, "-1.8": 0.8635946771742075, "-1.7": 0.8628491229701496, "-1.6": 0.8612274784935544, "-1.5": 0.8590053780178674, "-1.4": 0.8566561252820486, "-1.2999999999999998": 0.8547577719169224, "-1.2": 0.8538599036152626, "-1.1": 0.854334066114185, "-1.0": 0.8562378581462456, "-0.8999999999999999": 0.8592231828790491, "-0.7999999999999998": 0.8625134675836109, "-0.7": 0.8649635225081354, "-0.5999999999999999": 0.8652009336007971, "-0.5": 0.8618321161059315, "-0.3999999999999999": 0.8536823894319804, "-0.2999999999999998": 0.840030436654278, "-0.19999999999999996": 0.8207952802012048, "-0.09999999999999987": 0.7966392410869394, "0.0": 0.7689626570948903, "0.10000000000000009": 0.7397834803605093, "0.20000000000000018": 0.7115142993943138, "0.30000000000000027": 0.6866673786040961, "0.40000000000000036": 0.6675316596232304, "0.5": 0.6558717657757385, "0.6000000000000001": 0.6526965980307521, "0.7000000000000002": 0.6581343465937508, "0.8000000000000003": 0.6714334301280191, "0.9000000000000004": 0.691088005492134, "1.0": 0.7150659509100105, "1.1": 0.7411003241254241, "1.2000000000000002": 0.7669952810908528, "1.3000000000000003": 0.7908961229588397, "1.4000000000000004": 0.8114807513715855, "1.5": 0.8280449497916706, "1.6": 0.8404737811949557, "1.7000000000000002": 0.8491123339888136, "1.8000000000000003": 0.8545671953279911, "1.9000000000000004": 0.8574820418596378}