{"-2.0": 0.8509333483257852, "-1.9": 0.8512630813579577, "-1.8": 0.850443553837473, "-1.7": 0.8476393646872713, "-1.6": 0.8420274433386791, "-1.5": 0.8329470492678648, "-1.4": 0.8200517473679059, "-1.2999999999999998": 0.8034361363919792, "-1.2": 0.7837110930939801, "-1.1": 0.7620072891105578, "-1.0": 0.7398971005361809, "-0.8999999999999999": 0.7192382340891276, "-0.7999999999999998": 0.7019562505598517, "-0.7": 0.6897951955201788, "-0.5999999999999999": 0.6840734245818891, "-0.5": 0.6854837131311391, "-0.3999999999999999": 0.6939721058935946, "-0.2999999999999998": 0.7087190857206453, "-0.19999999999999996": 0.7282310703025318, "-0.09999999999999987": 0.7505324560047079, "0.0": 0.7734314207306331, "0.10000000000000009": 0.7948194796539759, "0.20000000000000018": 0.8129578291264348, "0.30000000000000027": 0.8267042817251894, "0.40000000000000036": 0.8356432499516994, "0.5": 0.8400965555874377, "0.6000000000000001": 0.8410123919616869, "0.7000000000000002": 0.8397502948894755, "0.8000000000000003": 0.8377979662594183, "0.9000000000000004": 0.8364680723949603, "1.0": 0.8366274540879103, "1.1": 0.8385066172652482, "1.2000000000000002": 0.8416245262880054, "1.3000000000000003": 0.8448446452977041, "1.4000000000000004": 0.8465560277304676, "1.5": 0.8449517774294234, "1.6": 0.8383600672788944, "1.7000000000000002": 0.8255730688069813, "1.8000000000000003": 0.8061183602607087, "1.9000000000000004": 0.7804258499111941}