{"-2.0": 0.775157235027288, "-1.9": 0.7777363934714352, "-1.8": 0.7820818637801339, "-1.7": 0.7875798177799695, "-1.6": 0.7936086195808442, "-1.5": 0.7996361342586858, "-1.4": 0.8052886789491014, "-1.2999999999999998": 0.8103798336590968, "-1.2": 0.8148961340865271, "-1.1": 0.8189459990609926, "-1.0": 0.8226861291779874, "-0.8999999999999999": 0.8262443548692656, "-0.7999999999999998": 0.8296584510577174, "-0.7": 0.8328465828026157, "-0.5999999999999999": 0.8356175458962751, "-0.5": 0.8377193644347964, "-0.3999999999999999": 0.8389151519069575, "-0.2999999999999998": 0.8390675695677081, "-0.19999999999999996": 0.8382095053595253, "-0.09999999999999987": 0.8365797848556108, "0.0": 0.834608858561677, "0.10000000000000009": 0.8328494893423319, "0.20000000000000018": 0.8318596052352697, "0.30000000000000027": 0.8320562596855325, "0.40000000000000036": 0.8335685521251185, "0.5": 0.8361213338667632, "0.6000000000000001": 0.8389793509683823, "0.7000000000000002": 0.8409731019939275, "0.8000000000000003": 0.8406142809230377, "0.9000000000000004": 0.8362924558023541, "1.0": 0.8265285015222459, "1.1": 0.8102473133653079, "1.2000000000000002": 0.7870251096314115, "1.3000000000000003": 0.7572668843049272, "1.4000000000000004": 0.7222776997502399, "1.5": 0.6842065013595915, "1.6": 0.6458606925256036, "1.7000000000000002": 0.6104106215667905, "1.8000000000000003": 0.5810218383553029, "1.9000000000000004": 0.5604661887731097}