{"-2.0": 0.8654217507173845, "-1.9": 0.8624742594082218, "-1.8": 0.8547870238070117, "-1.7": 0.8416060861480305, "-1.6": 0.8228123922189903, "-1.5": 0.7990284295079225, "-1.4": 0.7716171970662281, "-1.2999999999999998": 0.7425661346692762, "-1.2": 0.7142680228943905, "-1.1": 0.6892289435631191, "-1.0": 0.6697468391221187, "-0.8999999999999999": 0.6576104607165015, "-0.7999999999999998": 0.6538662325638739, "-0.7": 0.6586899989083941, "-0.5999999999999999": 0.6713834963445608, "-0.5": 0.6904946753289579, "-0.3999999999999999": 0.7140403471605046, "-0.2999999999999998": 0.7397927544649748, "-0.19999999999999996": 0.7655815983490324, "-0.09999999999999987": 0.7895616231573811, "0.0": 0.8104033064471209, "0.10000000000000009": 0.8273791434582756, "0.20000000000000018": 0.840337685276618, "0.30000000000000027": 0.8495782465268426, "0.40000000000000036": 0.8556572003670616, "0.5": 0.8591687001963062, "0.6000000000000001": 0.8605463211564492, "0.7000000000000002": 0.8599268612220006, "0.8000000000000003": 0.8571044124818917, "0.9000000000000004": 0.8515843174056811, "1.0": 0.8427262803333367, "1.1": 0.8299475781281498, "1.2000000000000002": 0.812944496556787, "1.3000000000000003": 0.7918852699102898, "1.4000000000000004": 0.7675318874691943, "1.5": 0.741260444687932, "1.6": 0.7149680112026223, "1.7000000000000002": 0.6908748930176744, "1.8000000000000003": 0.6712508216718204, "1.9000000000000004": 0.6581083745080879}