{"-2.0": 0.7846536458072476, "-1.9": 0.7754750593145532, "-1.8": 0.7676537944272099, "-1.7": 0.7617823328262806, "-1.6": 0.7583889043210917, "-1.5": 0.7578734138958068, "-1.4": 0.7604429890372677, "-1.2999999999999998": 0.766057949898131, "-1.2": 0.7744000205327533, "-1.1": 0.784873252679863, "-1.0": 0.7966442659672873, "-0.8999999999999999": 0.8087224004270543, "-0.7999999999999998": 0.8200731322000436, "-0.7": 0.8297509167120912, "-0.5999999999999999": 0.837031955163722, "-0.5": 0.8415245690600921, "-0.3999999999999999": 0.84323584482301, "-0.2999999999999998": 0.8425782682006, "-0.19999999999999996": 0.8403087357552418, "-0.09999999999999987": 0.8374033931805871, "0.0": 0.8348834141247099, "0.10000000000000009": 0.8336170189425304, "0.20000000000000018": 0.8341297448070482, "0.30000000000000027": 0.8364566871963894, "0.40000000000000036": 0.8400663949140383, "0.5": 0.8438765549506377, "0.6000000000000001": 0.8463677941954763, "0.7000000000000002": 0.8457859430152814, "0.8000000000000003": 0.8404075636369592, "0.9000000000000004": 0.828831141383239, "1.0": 0.8102493762548331, "1.1": 0.7846579858273028, "1.2000000000000002": 0.7529637101881248, "1.3000000000000003": 0.7169679370331101, "1.4000000000000004": 0.6792205507498897, "1.5": 0.6427584362812361, "1.6": 0.6107613495773021, "1.7000000000000002": 0.5861715791333574, "1.8000000000000003": 0.5713306292539045, "1.9000000000000004": 0.567684812832792}