{"-2.0": 0.8784269459378237, "-1.9": 0.8787122168125976, "-1.8": 0.8795584672490074, "-1.7": 0.8807556328951546, "-1.6": 0.8820038668784216, "-1.5": 0.882969845180034, "-1.4": 0.8833602555660062, "-1.2999999999999998": 0.8829977937336784, "-1.2": 0.881882078206302, "-1.1": 0.8802185469317719, "-1.0": 0.8784029098216772, "-0.8999999999999999": 0.8769565977056495, "-0.7999999999999998": 0.876418595868485, "-0.7": 0.8772092335698061, "-0.5999999999999999": 0.8794898320508139, "-0.5": 0.8830466696635219, "-0.3999999999999999": 0.8872271507937964, "-0.2999999999999998": 0.8909499031075033, "-0.19999999999999996": 0.8927993720432307, "-0.09999999999999987": 0.8912009586996331, "0.0": 0.8846572801622969, "0.10000000000000009": 0.8720125352738631, "0.20000000000000018": 0.8527029349150033, "0.30000000000000027": 0.8269487725433297, "0.40000000000000036": 0.7958489730011828, "0.5": 0.7613515496364175, "0.6000000000000001": 0.7260916590878094, "0.7000000000000002": 0.6931100823404843, "0.8000000000000003": 0.6654855077183606, "0.9000000000000004": 0.645930375995453, "1.0": 0.6364092326553509, "1.1": 0.6378385761860803, "1.2000000000000002": 0.649917637369192, "1.3000000000000003": 0.6711215390360835, "1.4000000000000004": 0.6988645133410674, "1.5": 0.7298150072366909, "1.6": 0.7603207588538591, "1.7000000000000002": 0.7868842052476211, "1.8000000000000003": 0.8066198913816265, "1.9000000000000004": 0.8176274472548578}