{"-2.0": 0.881451661269186, "-1.9": 0.8841477286161272, "-1.8": 0.8840333106349499, "-1.7": 0.8797987813254073, "-1.6": 0.8705090401397844, "-1.5": 0.855799656212353, "-1.4": 0.8359939504013222, "-1.2999999999999998": 0.8121152089175606, "-1.2": 0.7857854339076292, "-1.1": 0.7590216319488481, "-1.0": 0.7339591325021662, "-0.8999999999999999": 0.712545407012482, "-0.7999999999999998": 0.6962546347662874, "-0.7": 0.685871379131359, "-0.5999999999999999": 0.6813812797154755, "-0.5": 0.6819892733951133, "-0.3999999999999999": 0.686264463287209, "-0.2999999999999998": 0.6923890744048127, "-0.19999999999999996": 0.6984708013532757, "-0.09999999999999987": 0.7028665243067997, "0.0": 0.704462927992108, "0.10000000000000009": 0.7028665243067991, "0.20000000000000018": 0.6984708013532764, "0.30000000000000027": 0.6923890744048095, "0.40000000000000036": 0.6862644632872089, "0.5": 0.681989273395113, "0.6000000000000001": 0.6813812797154756, "0.7000000000000002": 0.6858713791313575, "0.8000000000000003": 0.6962546347662847, "0.9000000000000004": 0.7125454070124801, "1.0": 0.7339591325021648, "1.1": 0.759021631948847, "1.2000000000000002": 0.7857854339076288, "1.3000000000000003": 0.8121152089175612, "1.4000000000000004": 0.8359939504013219, "1.5": 0.8557996562123535, "1.6": 0.8705090401397844, "1.7000000000000002": 0.8797987813254085, "1.8000000000000003": 0.8840333106349507, "1.9000000000000004": 0.8841477286161264}