{"-2.0": 0.8699391125029398, "-1.9": 0.8685398144513591, "-1.8": 0.8677731609056561, "-1.7": 0.8678497196359388, "-1.6": 0.8687947376759099, "-1.5": 0.8704293123129087, "-1.4": 0.8723955806800037, "-1.2999999999999998": 0.8742231877151915, "-1.2": 0.875425369261189, "-1.1": 0.8756060171132347, "-1.0": 0.8745555880015012, "-0.8999999999999999": 0.8723145505053134, "-0.7999999999999998": 0.8691882693312468, "-0.7": 0.865705972957347, "-0.5999999999999999": 0.8625271743704603, "-0.5": 0.8603096044889134, "-0.3999999999999999": 0.8595612949763086, "-0.2999999999999998": 0.8605041660219884, "-0.19999999999999996": 0.8629762687986748, "-0.09999999999999987": 0.8663945360945079, "0.0": 0.8697902966062512, "0.10000000000000009": 0.8719175232713829, "0.20000000000000018": 0.8714209675569774, "0.30000000000000027": 0.8670402795426924, "0.40000000000000036": 0.8578189485354691, "0.5": 0.843284785713269, "0.6000000000000001": 0.8235721616401316, "0.7000000000000002": 0.7994647606372831, "0.8000000000000003": 0.7723497730242324, "0.9000000000000004": 0.7440881315186292, "1.0": 0.7168182720806042, "1.1": 0.6927207965694636, "1.2000000000000002": 0.6737767302013327, "1.3000000000000003": 0.6615520372397843, "1.4000000000000004": 0.6570358796767114, "1.5": 0.6605508698367489, "1.6": 0.6717420429279728, "1.7000000000000002": 0.6896395464858333, "1.8000000000000003": 0.7127801223383409, "1.9000000000000004": 0.7393659090531965}