{"-2.0": 0.862021525697523, "-1.9": 0.8642940776025182, "-1.8": 0.8644573575807268, "-1.7": 0.8611295070837045, "-1.6": 0.8531315087876135, "-1.5": 0.8397216810763076, "-1.4": 0.8207852140767489, "-1.2999999999999998": 0.7969419215970736, "-1.2": 0.7695473127413431, "-1.1": 0.740579151909078, "-1.0": 0.7124209685206525, "-0.8999999999999999": 0.6875720676102557, "-0.7999999999999998": 0.6683271560063786, "-0.7": 0.6564751469337089, "-0.5999999999999999": 0.653064687456039, "-0.5": 0.6582736373726784, "-0.3999999999999999": 0.6714028058748702, "-0.2999999999999998": 0.6909936514108265, "-0.19999999999999996": 0.7150490136446528, "-0.09999999999999987": 0.7413189672272196, "0.0": 0.7676036251064127, "0.10000000000000009": 0.7920230271159132, "0.20000000000000018": 0.8132114193954412, "0.30000000000000027": 0.8304079272531717, "0.40000000000000036": 0.8434351259788441, "0.5": 0.852577710599705, "0.6000000000000001": 0.8583915277396517, "0.7000000000000002": 0.8614853264839774, "0.8000000000000003": 0.8623214946676535, "0.9000000000000004": 0.8610770905604818, "1.0": 0.8575936387663651, "1.1": 0.8514258944655787, "1.2000000000000002": 0.8419795717835098, "1.3000000000000003": 0.8287097256524758, "1.4000000000000004": 0.8113385613676968, "1.5": 0.790046400105635, "1.6": 0.7655933536401094, "1.7000000000000002": 0.7393412950862659, "1.8000000000000003": 0.7131637530032572, "1.9000000000000004": 0.6892520748778326}