{"-2.0": 0.8767219914889864, "-1.9": 0.8732177941710336, "-1.8": 0.8698594612381945, "-1.7": 0.8669915488537466, "-1.6": 0.8649650417954873, "-1.5": 0.8640720198010581, "-1.4": 0.86446839191475, "-1.2999999999999998": 0.8660967256644779, "-1.2": 0.8686243880818401, "-1.1": 0.8714129514272655, "-1.0": 0.8735324959724474, "-0.8999999999999999": 0.8738289982925735, "-0.7999999999999998": 0.8710449762834945, "-0.7": 0.8639841048841795, "-0.5999999999999999": 0.8517011823337559, "-0.5": 0.8336913550610137, "-0.3999999999999999": 0.8100485032601623, "-0.2999999999999998": 0.7815633005855585, "-0.19999999999999996": 0.7497371321015219, "-0.09999999999999987": 0.7166983690388006, "0.0": 0.6850211827868072, "0.10000000000000009": 0.6574621569143182, "0.20000000000000018": 0.6366440397899716, "0.30000000000000027": 0.6247266665303962, "0.40000000000000036": 0.6231103592080225, "0.5": 0.6322157485323063, "0.6000000000000001": 0.651375734683645, "0.7000000000000002": 0.6788611241861717, "0.8000000000000003": 0.7120432699074152, "0.9000000000000004": 0.7476774737196328, "1.0": 0.7822729872452213, "1.1": 0.8125020107034987, "1.2000000000000002": 0.835593357857571, "1.3000000000000003": 0.849657629321436, "1.4000000000000004": 0.8538997881632763, "1.5": 0.8486906824092418, "1.6": 0.8354889715011926, "1.7000000000000002": 0.8166260615376679, "1.8000000000000003": 0.7949858087122251, "1.9000000000000004": 0.7736250039850718}