{"-2.0": 0.8236001393206344, "-1.9": 0.8246534570533067, "-1.8": 0.8259303824074028, "-1.7": 0.8269142917609572, "-1.6": 0.82693036483012, "-1.5": 0.8252402604083482, "-1.4": 0.8211652643559234, "-1.2999999999999998": 0.8142177173802675, "-1.2": 0.8042171068962967, "-1.1": 0.7913681704314676, "-1.0": 0.7762837456217353, "-0.8999999999999999": 0.7599440727075873, "-0.7999999999999998": 0.7435952289821316, "-0.7": 0.7286003230912415, "-0.5999999999999999": 0.7162659149101118, "-0.5": 0.7076711208749508, "-0.3999999999999999": 0.7035269836381973, "-0.2999999999999998": 0.7040888155704961, "-0.19999999999999996": 0.7091352118066232, "-0.09999999999999987": 0.7180159209624796, "0.0": 0.7297589059252615, "0.10000000000000009": 0.7432169495572134, "0.20000000000000018": 0.7572279327143467, "0.30000000000000027": 0.7707615826534477, "0.40000000000000036": 0.7830292530646179, "0.5": 0.7935413511715805, "0.6000000000000001": 0.802107730993205, "0.7000000000000002": 0.8087875678076152, "0.8000000000000003": 0.813804674657835, "0.9000000000000004": 0.8174500403596836, "1.0": 0.8199944291315683, "1.1": 0.8216300335407641, "1.2000000000000002": 0.8224522806718966, "1.3000000000000003": 0.8224826697024774, "1.4000000000000004": 0.8217231844260711, "1.5": 0.8202246451714216, "1.6": 0.8181471906611834, "1.7000000000000002": 0.8157919489043798, "1.8000000000000003": 0.813588856526649, "1.9000000000000004": 0.8120354326250899}