{"-2.0": 0.8678454510372503, "-1.9": 0.8640233217425082, "-1.8": 0.8612607593204722, "-1.7": 0.8600184763529739, "-1.6": 0.8605617235562064, "-1.5": 0.8628751378587647, "-1.4": 0.8666069798774546, "-1.2999999999999998": 0.871055476053789, "-1.2": 0.8752051451532361, "-1.1": 0.8778144773644752, "-1.0": 0.8775489802375925, "-0.8999999999999999": 0.873146431268676, "-0.7999999999999998": 0.8635952508786259, "-0.7": 0.8483031903818006, "-0.5999999999999999": 0.8272327167215936, "-0.5": 0.8009818917113826, "-0.3999999999999999": 0.7707950658779747, "-0.2999999999999998": 0.7384957630064275, "-0.19999999999999996": 0.7063437581473534, "-0.09999999999999987": 0.6768283154941721, "0.0": 0.6524185123807296, "0.10000000000000009": 0.6352982690590541, "0.20000000000000018": 0.6271171271376913, "0.30000000000000027": 0.6287873775518936, "0.40000000000000036": 0.6403537418282361, "0.5": 0.6609539012905419, "0.6000000000000001": 0.6888776772697144, "0.7000000000000002": 0.7217208914862097, "0.8000000000000003": 0.756618380341641, "0.9000000000000004": 0.7905308002412998, "1.0": 0.8205530391582833, "1.1": 0.844209155521208, "1.2000000000000002": 0.8597002022116307, "1.3000000000000003": 0.866076896182315, "1.4000000000000004": 0.8633181503511524, "1.5": 0.8523078290053531, "1.6": 0.8347142610712179, "1.7000000000000002": 0.8127884898859994, "1.8000000000000003": 0.7891065083352868, "1.9000000000000004": 0.7662866838845187}