{"-2.0": 0.8438415424566508, "-1.9": 0.8438843582975334, "-1.8": 0.843386293880838, "-1.7": 0.8423926772040328, "-1.6": 0.8410623636544122, "-1.5": 0.8396460025545868, "-1.4": 0.8384418629925707, "-1.2999999999999998": 0.8377346734789273, "-1.2": 0.8377265278583644, "-1.1": 0.8384712565114992, "-1.0": 0.8398242890213403, "-0.8999999999999999": 0.841418730770129, "-0.7999999999999998": 0.8426752283586751, "-0.7": 0.8428485884099216, "-0.5999999999999999": 0.8411086669141562, "-0.5": 0.8366475445215471, "-0.3999999999999999": 0.8288002742264378, "-0.2999999999999998": 0.8171632819795919, "-0.19999999999999996": 0.8016933788988939, "-0.09999999999999987": 0.7827715902625707, "0.0": 0.7612195792111123, "0.10000000000000009": 0.7382619683947957, "0.20000000000000018": 0.7154346764815789, "0.30000000000000027": 0.6944466156937892, "0.40000000000000036": 0.6770087725168947, "0.5": 0.664649880124749, "0.6000000000000001": 0.6585408122053413, "0.7000000000000002": 0.6593499793004205, "0.8000000000000003": 0.667149235587911, "0.9000000000000004": 0.6813843356893208, "1.0": 0.700916416727661, "1.1": 0.7241322253106298, "1.2000000000000002": 0.7491119657814506, "1.3000000000000003": 0.7738358789856782, "1.4000000000000004": 0.7964050422948014, "1.5": 0.8152492451649446, "1.6": 0.8292956122224233, "1.7000000000000002": 0.8380759485391299, "1.8000000000000003": 0.8417581342257515, "1.9000000000000004": 0.8410964338619198}