{"-2.0": 0.8248300698326994, "-1.9": 0.827947058194384, "-1.8": 0.8268528693037617, "-1.7": 0.8221900988510646, "-1.6": 0.8150344573948497, "-1.5": 0.8067114156788946, "-1.4": 0.7985882201382899, "-1.2999999999999998": 0.7918755304275207, "-1.2": 0.7874691972207662, "-1.1": 0.785853945671774, "-1.0": 0.7870787871194425, "-0.8999999999999999": 0.7908011766262113, "-0.7999999999999998": 0.796385633739634, "-0.7": 0.8030347040269761, "-0.5999999999999999": 0.8099269488441719, "-0.5": 0.8163383416384707, "-0.3999999999999999": 0.8217292973181061, "-0.2999999999999998": 0.8257880809850919, "-0.19999999999999996": 0.8284306223257711, "-0.09999999999999987": 0.8297648745853314, "0.0": 0.8300332544697763, "0.10000000000000009": 0.829548515701061, "0.20000000000000018": 0.8286366091694494, "0.30000000000000027": 0.8275954302741848, "0.40000000000000036": 0.8266722097387302, "0.5": 0.8260563002810332, "0.6000000000000001": 0.8258797746491959, "0.7000000000000002": 0.8262166537538957, "0.8000000000000003": 0.8270731030370041, "0.9000000000000004": 0.8283651635089705, "1.0": 0.8298864199013627, "1.1": 0.8312739041302515, "1.2000000000000002": 0.8319848452781307, "1.3000000000000003": 0.8312982529732024, "1.4000000000000004": 0.8283530223118036, "1.5": 0.8222283599087795, "1.6": 0.812063789320813, "1.7000000000000002": 0.7972064349748633, "1.8000000000000003": 0.7773647265653489, "1.9000000000000004": 0.7527421037224271}