{"-2.0": 0.7750946631586682, "-1.9": 0.7473468832743447, "-1.8": 0.7202635977689197, "-1.7": 0.696287554199901, "-1.6": 0.677661514436796, "-1.5": 0.666130390993172, "-1.4": 0.6627101728704009, "-1.2999999999999998": 0.6675605876235059, "-1.2": 0.6799814778864621, "-1.1": 0.6985322645813217, "-1.0": 0.7212532744927372, "-0.8999999999999999": 0.745950818356023, "-0.7999999999999998": 0.7704977676034188, "-0.7": 0.793099830741754, "-0.5999999999999999": 0.8124850465540475, "-0.5": 0.8279888366007037, "-0.3999999999999999": 0.8395265543744148, "-0.2999999999999998": 0.8474662110016682, "-0.19999999999999996": 0.8524321140552978, "-0.09999999999999987": 0.8550821955379134, "0.0": 0.8559056209345837, "0.10000000000000009": 0.8550821955379141, "0.20000000000000018": 0.8524321140552966, "0.30000000000000027": 0.847466211001668, "0.40000000000000036": 0.8395265543744154, "0.5": 0.8279888366007043, "0.6000000000000001": 0.8124850465540477, "0.7000000000000002": 0.7930998307417559, "0.8000000000000003": 0.7704977676034148, "0.9000000000000004": 0.7459508183560235, "1.0": 0.7212532744927367, "1.1": 0.6985322645813223, "1.2000000000000002": 0.6799814778864627, "1.3000000000000003": 0.6675605876235056, "1.4000000000000004": 0.6627101728704011, "1.5": 0.666130390993172, "1.6": 0.6776615144367962, "1.7000000000000002": 0.6962875541998987, "1.8000000000000003": 0.7202635977689182, "1.9000000000000004": 0.7473468832743443}