{"-2.0": 0.8565497053955285, "-1.9": 0.857680899651421, "-1.8": 0.8560948524477712, "-1.7": 0.8506167352552411, "-1.6": 0.8403841237326224, "-1.5": 0.8250446088161224, "-1.4": 0.8048947116248097, "-1.2999999999999998": 0.780930212393465, "-1.2": 0.7547910818035339, "-1.1": 0.7286012146055589, "-1.0": 0.7047212340216479, "-0.8999999999999999": 0.6854485391224265, "-0.7999999999999998": 0.6727095266024616, "-0.7": 0.66779236204704, "-0.5999999999999999": 0.6711638770369907, "-0.5": 0.6824016629461949, "-0.3999999999999999": 0.7002541708296237, "-0.2999999999999998": 0.7228206629648875, "-0.19999999999999996": 0.7478228255774123, "-0.09999999999999987": 0.7729243034012814, "0.0": 0.7960461926822174, "0.10000000000000009": 0.815627212828399, "0.20000000000000018": 0.8307868821703078, "0.30000000000000027": 0.8413669633040989, "0.40000000000000036": 0.8478477912583301, "0.5": 0.8511580965370453, "0.6000000000000001": 0.8524156681571822, "0.7000000000000002": 0.8526482998291779, "0.8000000000000003": 0.8525477195007243, "0.9000000000000004": 0.8523029859773379, "1.0": 0.8515452138353026, "1.1": 0.8494150455088331, "1.2000000000000002": 0.8447416731207575, "1.3000000000000003": 0.8363014743504052, "1.4000000000000004": 0.8231091951063122, "1.5": 0.8046878200571786, "1.6": 0.781266065070907, "1.7000000000000002": 0.753864337066225, "1.8000000000000003": 0.7242489459364904, "1.9000000000000004": 0.6947569843142757}