{"-2.0": 0.8860477434961861, "-1.9": 0.8850128383492463, "-1.8": 0.8841522236990726, "-1.7": 0.8836534817034369, "-1.6": 0.8836194600614335, "-1.5": 0.884034120106248, "-1.4": 0.8847537278238011, "-1.2999999999999998": 0.8855283297850541, "-1.2": 0.8860519672826118, "-1.1": 0.8860332291162483, "-1.0": 0.8852720004375154, "-0.8999999999999999": 0.883725004060621, "-0.7999999999999998": 0.881542922407779, "-0.7": 0.87906586360368, "-0.5999999999999999": 0.8767712614593973, "-0.5": 0.875177804334214, "-0.3999999999999999": 0.8747189384838674, "-0.2999999999999998": 0.8756078966915327, "-0.19999999999999996": 0.8777211938621694, "-0.09999999999999987": 0.880527743597094, "0.0": 0.8830856346085706, "0.10000000000000009": 0.8841186024515604, "0.20000000000000018": 0.8821707607057613, "0.30000000000000027": 0.8758234207581187, "0.40000000000000036": 0.8639444590614884, "0.5": 0.845931273823667, "0.6000000000000001": 0.8219049732303756, "0.7000000000000002": 0.7928171768962112, "0.8000000000000003": 0.7604416061935447, "0.9000000000000004": 0.7272391361097527, "1.0": 0.6961047329794179, "1.1": 0.6700245399225608, "1.2000000000000002": 0.6516879295123427, "1.3000000000000003": 0.6431096410258716, "1.4000000000000004": 0.6453191006891423, "1.5": 0.6581669489394584, "1.6": 0.6802834258456829, "1.7000000000000002": 0.7092017687742783, "1.8000000000000003": 0.7416354200228431, "1.9000000000000004": 0.7738744580400639}