{"-2.0": 0.850771084505812, "-1.9": 0.8492849450730333, "-1.8": 0.8488795176844534, "-1.7": 0.8497237603744965, "-1.6": 0.8516571883993866, "-1.5": 0.8541394870039417, "-1.4": 0.8562690697082034, "-1.2999999999999998": 0.8568771764624828, "-1.2": 0.8546901103203381, "-1.1": 0.84853828707094, "-1.0": 0.8375796323576449, "-0.8999999999999999": 0.8214988647953315, "-0.7999999999999998": 0.8006448767364378, "-0.7": 0.7760761143202679, "-0.5999999999999999": 0.7494976035586283, "-0.5": 0.7230909127816295, "-0.3999999999999999": 0.6992568811146228, "-0.2999999999999998": 0.6803070549070587, "-0.19999999999999996": 0.6681504247611965, "-0.09999999999999987": 0.6640250773819025, "0.0": 0.6683189050416238, "0.10000000000000009": 0.6805101990872686, "0.20000000000000018": 0.6992398852948386, "0.30000000000000027": 0.7225055370956702, "0.40000000000000036": 0.7479468799332158, "0.5": 0.7731769109823766, "0.6000000000000001": 0.7961048548872582, "0.7000000000000002": 0.8151984901781439, "0.8000000000000003": 0.8296438198986431, "0.9000000000000004": 0.8393778932088597, "1.0": 0.8449927309643951, "1.1": 0.8475308738313786, "1.2000000000000002": 0.848212044908599, "1.3000000000000003": 0.8481423953694972, "1.4000000000000004": 0.8480606050497295, "1.5": 0.8481681960467636, "1.6": 0.8480759839585074, "1.7000000000000002": 0.8468773715487345, "1.8000000000000003": 0.8433359656730803, "1.9000000000000004": 0.8361539230179548}