{"-2.0": 0.8451714237380709, "-1.9": 0.8460517080989566, "-1.8": 0.8471949728908266, "-1.7": 0.8483868967503652, "-1.6": 0.8493704319676985, "-1.5": 0.8498922953287341, "-1.4": 0.8497544221068272, "-1.2999999999999998": 0.8488609425316312, "-1.2": 0.8472509015141128, "-1.1": 0.8451083491050687, "-1.0": 0.8427445310789478, "-0.8999999999999999": 0.8405513511806455, "-0.7999999999999998": 0.838930427780743, "-0.7": 0.8382071012076531, "-0.5999999999999999": 0.8385427653185279, "-0.5": 0.8398610771783572, "-0.3999999999999999": 0.8418033506088136, "-0.2999999999999998": 0.8437255275729687, "-0.19999999999999996": 0.8447437440054023, "-0.09999999999999987": 0.8438283045085436, "0.0": 0.8399378697961509, "0.10000000000000009": 0.8321780959497205, "0.20000000000000018": 0.8199631455078144, "0.30000000000000027": 0.8031555468333511, "0.40000000000000036": 0.7821605639754978, "0.5": 0.7579557741832723, "0.6000000000000001": 0.7320445400808521, "0.7000000000000002": 0.7063325177150458, "0.8000000000000003": 0.6829377929085252, "0.9000000000000004": 0.6639559504760411, "1.0": 0.6512096158323839, "1.1": 0.6460163106584256, "1.2000000000000002": 0.6490079150657846, "1.3000000000000003": 0.66002942743118, "1.4000000000000004": 0.6781346491669566, "1.5": 0.7016832207301905, "1.6": 0.728528981602454, "1.7000000000000002": 0.7562760872466306, "1.8000000000000003": 0.7825688037212065, "1.9000000000000004": 0.8053751365089042}