{"-2.0": 0.8016543618091357, "-1.9": 0.814878558570177, "-1.8": 0.8241572049362019, "-1.7": 0.8293173537759226, "-1.6": 0.8306905195804782, "-1.5": 0.8290130163006523, "-1.4": 0.8252815495353916, "-1.2999999999999998": 0.8205893153209025, "-1.2": 0.8159683504774499, "-1.1": 0.8122602041026415, "-1.0": 0.8100301701888087, "-0.8999999999999999": 0.8095318165318511, "-0.7999999999999998": 0.8107199985894045, "-0.7": 0.8133034291532946, "-0.5999999999999999": 0.8168232311811348, "-0.5": 0.8207421947929499, "-0.3999999999999999": 0.8245305415033772, "-0.2999999999999998": 0.8277372057320274, "-0.19999999999999996": 0.8300399917157487, "-0.09999999999999987": 0.8312723934975084, "0.0": 0.8314284801336367, "0.10000000000000009": 0.8306494958456482, "0.20000000000000018": 0.8291965860098491, "0.30000000000000027": 0.8274136260615107, "0.40000000000000036": 0.8256830841458689, "0.5": 0.8243768772077673, "0.6000000000000001": 0.8238038709743895, "0.7000000000000002": 0.8241563382936244, "0.8000000000000003": 0.825459262674241, "0.9000000000000004": 0.8275284124557452, "1.0": 0.8299448973964979, "1.1": 0.8320546406132087, "1.2000000000000002": 0.8330001683043183, "1.3000000000000003": 0.8317889864278063, "1.4000000000000004": 0.8273977068135059, "1.5": 0.8189046573412725, "1.6": 0.8056370591222337, "1.7000000000000002": 0.7873133305644643, "1.8000000000000003": 0.7641580233964336, "1.9000000000000004": 0.73696734270884}