{"-2.0": 0.8776604202322127, "-1.9": 0.8749521377048185, "-1.8": 0.8672396252165986, "-1.7": 0.8533035690694717, "-1.6": 0.8324682365020971, "-1.5": 0.8047800103389463, "-1.4": 0.7710993203972476, "-1.2999999999999998": 0.7330859914402051, "-1.2": 0.6930737963632515, "-1.1": 0.6538469545382481, "-1.0": 0.6183466418782202, "-0.8999999999999999": 0.589346716601344, "-0.7999999999999998": 0.5691429420512935, "-0.7": 0.5592981575775983, "-0.5999999999999999": 0.5604774329330541, "-0.5": 0.572393672117641, "-0.3999999999999999": 0.5938676906928967, "-0.2999999999999998": 0.6229902013871111, "-0.19999999999999996": 0.6573590943922292, "-0.09999999999999987": 0.6943560760956915, "0.0": 0.7314234475437784, "0.10000000000000009": 0.7663048018746215, "0.20000000000000018": 0.7972218579636704, "0.30000000000000027": 0.822971792768302, "0.40000000000000036": 0.8429430050756193, "0.5": 0.8570598377820746, "0.6000000000000001": 0.8656763219977684, "0.7000000000000002": 0.86944408151631, "0.8000000000000003": 0.8691796489461076, "0.9000000000000004": 0.865752038780977, "1.0": 0.8600037518124108, "1.1": 0.8527092311253182, "1.2000000000000002": 0.8445660908909056, "1.3000000000000003": 0.8362079058315964, "1.4000000000000004": 0.828224140583099, "1.5": 0.8211733198730595, "1.6": 0.8155794002785548, "1.7000000000000002": 0.8119074286345137, "1.8000000000000003": 0.8105214548182391, "1.9000000000000004": 0.8116336971393262}