{"-2.0": 0.8390467634779857, "-1.9": 0.8387064866470381, "-1.8": 0.8377696231365789, "-1.7": 0.8363816985672946, "-1.6": 0.8348174257698998, "-1.5": 0.8334315244443063, "-1.4": 0.8325838840264959, "-1.2999999999999998": 0.8325513684677879, "-1.2": 0.8334423437548448, "-1.1": 0.8351309723235237, "-1.0": 0.8372261413416435, "-0.8999999999999999": 0.839084830670245, "-0.7999999999999998": 0.8398725800503164, "-0.7": 0.8386656868791338, "-0.5999999999999999": 0.8345822486517264, "-0.5": 0.8269234891809786, "-0.3999999999999999": 0.8153040046078529, "-0.2999999999999998": 0.7997501761854977, "-0.19999999999999996": 0.7807499802884876, "-0.09999999999999987": 0.7592441659531739, "0.0": 0.7365571877133185, "0.10000000000000009": 0.7142750273287352, "0.20000000000000018": 0.694084728508413, "0.30000000000000027": 0.6775959215605528, "0.40000000000000036": 0.6661670421850785, "0.5": 0.6607580740085185, "0.6000000000000001": 0.6618277260837772, "0.7000000000000002": 0.6692867161020296, "0.8000000000000003": 0.6825113054121918, "0.9000000000000004": 0.7004135847381134, "1.0": 0.7215583250715546, "1.1": 0.7443113253280929, "1.2000000000000002": 0.7670015874967542, "1.3000000000000003": 0.7880794164595063, "1.4000000000000004": 0.8062544031320698, "1.5": 0.8206006740752609, "1.6": 0.8306211188396592, "1.7000000000000002": 0.8362668875398089, "1.8000000000000003": 0.8379127554205515, "1.9000000000000004": 0.8362926345051603}