{"-2.0": 0.8538410381808926, "-1.9": 0.855512424891486, "-1.8": 0.8567604612471532, "-1.7": 0.85653452413843, "-1.6": 0.8536754966197863, "-1.5": 0.8471080999840143, "-1.4": 0.8360504687535147, "-1.2999999999999998": 0.8202046925107986, "-1.2": 0.7998918814031752, "-1.1": 0.776101945508237, "-1.0": 0.7504409362873844, "-0.8999999999999999": 0.7249755123434737, "-0.7999999999999998": 0.7019920148104211, "-0.7": 0.6837035433340819, "-0.5999999999999999": 0.6719492981362412, "-0.5": 0.6679340732785063, "-0.3999999999999999": 0.6720511667435844, "-0.2999999999999998": 0.6838196021690462, "-0.19999999999999996": 0.7019483586047028, "-0.09999999999999987": 0.7245193311949925, "0.0": 0.7492606517138389, "0.10000000000000009": 0.7738663849507376, "0.20000000000000018": 0.7963103708930739, "0.30000000000000027": 0.815102726705256, "0.40000000000000036": 0.8294472911473291, "0.5": 0.8392754930882167, "0.6000000000000001": 0.8451537916389876, "0.7000000000000002": 0.8480841513946946, "0.8000000000000003": 0.849235993669308, "0.9000000000000004": 0.8496602660157812, "1.0": 0.8500394434709666, "1.1": 0.850520767736672, "1.2000000000000002": 0.8506649368657169, "1.3000000000000003": 0.8495214274703093, "1.4000000000000004": 0.845818403050289, "1.5": 0.8382338948246638, "1.6": 0.8256994651702831, "1.7000000000000002": 0.80768068644161, "1.8000000000000003": 0.784381767222669, "1.9000000000000004": 0.756834049443914}