{"-2.0": 0.8864697140299639, "-1.9": 0.8840763390331695, "-1.8": 0.8809044358312896, "-1.7": 0.877027027597472, "-1.6": 0.8727111960479916, "-1.5": 0.8684021929683237, "-1.4": 0.864657428089746, "-1.2999999999999998": 0.8620358830226658, "-1.2": 0.8609594089959959, "-1.1": 0.8615711742214186, "-1.0": 0.8636211526555044, "-0.8999999999999999": 0.8664075766031083, "-0.7999999999999998": 0.8687963068796496, "-0.7": 0.8693278706734242, "-0.5999999999999999": 0.866406348794059, "-0.5": 0.8585480499210421, "-0.3999999999999999": 0.8446540333067254, "-0.2999999999999998": 0.8242618683349302, "-0.19999999999999996": 0.7977306202225007, "-0.09999999999999987": 0.7663197905863848, "0.0": 0.7321372405488621, "0.10000000000000009": 0.6979509816913826, "0.20000000000000018": 0.6668820026073943, "0.30000000000000027": 0.6420162519493144, "0.40000000000000036": 0.6259897987507769, "0.5": 0.6206090159692313, "0.6000000000000001": 0.62656563569611, "0.7000000000000002": 0.6432945912794654, "0.8000000000000003": 0.6690022937109059, "0.9000000000000004": 0.700867476626239, "1.0": 0.7353900671828747, "1.1": 0.768840086047449, "1.2000000000000002": 0.7977422878952176, "1.3000000000000003": 0.8193259263801405, "1.4000000000000004": 0.831873830058308, "1.5": 0.834920218246044, "1.6": 0.8292699261125033, "1.7000000000000002": 0.8168391618192895, "1.8000000000000003": 0.8003451028360731, "1.9000000000000004": 0.7828941395851482}