{"-2.0": 0.8370667421483492, "-1.9": 0.8348351628926918, "-1.8": 0.830802704953059, "-1.7": 0.8247184048146082, "-1.6": 0.8165106914211545, "-1.5": 0.8063275176919334, "-1.4": 0.7945516027756838, "-1.2999999999999998": 0.7817873434995334, "-1.2": 0.7688196570952155, "-1.1": 0.7565485671172967, "-1.0": 0.7459062861530228, "-0.8999999999999999": 0.7377655715532113, "-0.7999999999999998": 0.7328490898428459, "-0.7": 0.7316494317424932, "-0.5999999999999999": 0.7343683974046118, "-0.5": 0.7408824071020851, "-0.3999999999999999": 0.750738585241689, "-0.2999999999999998": 0.7631833935505843, "-0.19999999999999996": 0.7772228008453309, "-0.09999999999999987": 0.7917100042821684, "0.0": 0.8054538068318238, "0.10000000000000009": 0.8173381010035989, "0.20000000000000018": 0.8264407693510126, "0.30000000000000027": 0.8321390093042814, "0.40000000000000036": 0.8341879691081331, "0.5": 0.832760946490478, "0.6000000000000001": 0.828442428088237, "0.7000000000000002": 0.8221698993333018, "0.8000000000000003": 0.815126320936724, "0.9000000000000004": 0.808591846200667, "1.0": 0.8037698870363579, "1.1": 0.8016080174840537, "1.2000000000000002": 0.8026374233780049, "1.3000000000000003": 0.8068548380466284, "1.4000000000000004": 0.8136676774432323, "1.5": 0.8219164316692519, "1.6": 0.82997887529919, "1.7000000000000002": 0.8359494554833753, "1.8000000000000003": 0.8378758445072829, "1.9000000000000004": 0.8340248386582756}