{"-2.0": 0.8913306998064914, "-1.9": 0.8927109436281975, "-1.8": 0.8943239910275849, "-1.7": 0.8958160738531803, "-1.6": 0.896866092064241, "-1.5": 0.8972605715965454, "-1.4": 0.8969452045174934, "-1.2999999999999998": 0.8960402365175786, "-1.2": 0.8948147676025138, "-1.1": 0.8936242739928202, "-1.0": 0.8928243409460948, "-0.8999999999999999": 0.892679754966383, "-0.7999999999999998": 0.8932902442315214, "-0.7": 0.8945515936440248, "-0.5999999999999999": 0.896163906249903, "-0.5": 0.8976887205657125, "-0.3999999999999999": 0.8986455534559606, "-0.2999999999999998": 0.8986285985401075, "-0.19999999999999996": 0.8974180080537095, "-0.09999999999999987": 0.8950590365955853, "0.0": 0.89188694628634, "0.10000000000000009": 0.8884854006708574, "0.20000000000000018": 0.8855794143916687, "0.30000000000000027": 0.8838782381514251, "0.40000000000000036": 0.8838959346194966, "0.5": 0.8857851350485961, "0.6000000000000001": 0.8892206174484922, "0.7000000000000002": 0.893363174199383, "0.8000000000000003": 0.8969214157130831, "0.9000000000000004": 0.898311725230396, "1.0": 0.8958976120696516, "1.1": 0.8882727710598886, "1.2000000000000002": 0.8745406327763704, "1.3000000000000003": 0.854539631975791, "1.4000000000000004": 0.8289690108423667, "1.5": 0.7993842308035417, "1.6": 0.7680518683857931, "1.7000000000000002": 0.7376777750443676, "1.8000000000000003": 0.7110451149220628, "1.9000000000000004": 0.690616498405056}