{"-2.0": 0.8557787216666124, "-1.9": 0.8432458635000406, "-1.8": 0.8250667852416804, "-1.7": 0.8018287781546259, "-1.6": 0.7748665573589584, "-1.5": 0.7461481026343069, "-1.4": 0.7180561357287006, "-1.2999999999999998": 0.6930953658531538, "-1.2": 0.6735693041087353, "-1.1": 0.6612768659116107, "-1.0": 0.6572768024010022, "-0.8999999999999999": 0.6617574263792358, "-0.7999999999999998": 0.6740318655717282, "-0.7": 0.6926581732978008, "-0.5999999999999999": 0.7156627556651347, "-0.5": 0.7408284754489974, "-0.3999999999999999": 0.7659985523266208, "-0.2999999999999998": 0.789345850772012, "-0.19999999999999996": 0.8095645969334903, "-0.09999999999999987": 0.8259566119999343, "0.0": 0.8384040080977702, "0.10000000000000009": 0.8472412891700315, "0.20000000000000018": 0.8530580491769502, "0.30000000000000027": 0.8564755924926272, "0.40000000000000036": 0.857944589526335, "0.5": 0.8576056590852217, "0.6000000000000001": 0.8552415604438879, "0.7000000000000002": 0.8503310028239613, "0.8000000000000003": 0.8421934845409769, "0.9000000000000004": 0.8301959666676417, "1.0": 0.8139791039348356, "1.1": 0.7936557019329087, "1.2000000000000002": 0.7699380447375086, "1.3000000000000003": 0.7441630513464389, "1.4000000000000004": 0.7182026232261558, "1.5": 0.6942676503799683, "1.6": 0.6746340548688246, "1.7000000000000002": 0.6613342920668628, "1.8000000000000003": 0.6558651232610063, "1.9000000000000004": 0.6589608488125186}