{"-2.0": 0.8831715356319438, "-1.9": 0.8829823133582297, "-1.8": 0.8800200804075122, "-1.7": 0.8731085965795433, "-1.6": 0.8612273587539978, "-1.5": 0.8436766942274141, "-1.4": 0.8202223474143119, "-1.2999999999999998": 0.7911976055316641, "-1.2": 0.7575455611952077, "-1.1": 0.7207913976080362, "-1.0": 0.6829435887393043, "-0.8999999999999999": 0.6463323401297686, "-0.7999999999999998": 0.6134020902727424, "-0.7": 0.5864812225853125, "-0.5999999999999999": 0.5675554065675541, "-0.5": 0.5580707570481943, "-0.3999999999999999": 0.5587893525082753, "-0.2999999999999998": 0.5697131578167297, "-0.19999999999999996": 0.5900840118583822, "-0.09999999999999987": 0.6184582546015212, "0.0": 0.6528460121639172, "0.10000000000000009": 0.6908982230581473, "0.20000000000000018": 0.7301199737460093, "0.30000000000000027": 0.768087029915426, "0.40000000000000036": 0.8026435984362202, "0.5": 0.8320629512492003, "0.6000000000000001": 0.8551579157678901, "0.7000000000000002": 0.8713345537846167, "0.8000000000000003": 0.880588754092851, "0.9000000000000004": 0.8834511936492808, "1.0": 0.8808906101539182, "1.1": 0.8741882486214472, "1.2000000000000002": 0.8647976145772881, "1.3000000000000003": 0.8542034163932034, "1.4000000000000004": 0.8437920877021646, "1.5": 0.834743903469043, "1.6": 0.8279538051023854, "1.7000000000000002": 0.8239849544048204, "1.8000000000000003": 0.8230559976768553, "1.9000000000000004": 0.8250602217819933}