{"-2.0": 0.8469242741351735, "-1.9": 0.8458761477020482, "-1.8": 0.8431874623511971, "-1.7": 0.8382971522481052, "-1.6": 0.8307460323547828, "-1.5": 0.8202732629842567, "-1.4": 0.8069040793356246, "-1.2999999999999998": 0.7910126204814024, "-1.2": 0.7733450523508674, "-1.1": 0.7549923875963076, "-1.0": 0.7373091154413485, "-0.8999999999999999": 0.7217821059681813, "-0.7999999999999998": 0.7098629716344341, "-0.7": 0.7027846581933356, "-0.5999999999999999": 0.7013880341197335, "-0.5": 0.7059854946647055, "-0.3999999999999999": 0.7162854849168371, "-0.2999999999999998": 0.7313944783201232, "-0.19999999999999996": 0.7499021828904615, "-0.09999999999999987": 0.770043115187107, "0.0": 0.7899151611547357, "0.10000000000000009": 0.807725448083326, "0.20000000000000018": 0.8220276713766013, "0.30000000000000027": 0.8319142689443147, "0.40000000000000036": 0.8371319906089871, "0.5": 0.8380999716383176, "0.6000000000000001": 0.8358239452563128, "0.7000000000000002": 0.8317165272467245, "0.8000000000000003": 0.8273489737476593, "0.9000000000000004": 0.8241718617129477, "1.0": 0.8232486359035851, "1.1": 0.8250456087091236, "1.2000000000000002": 0.8293145805058386, "1.3000000000000003": 0.8350907233237818, "1.4000000000000004": 0.8408107362307561, "1.5": 0.8445372733456902, "1.6": 0.8442583035930626, "1.7000000000000002": 0.8382172275797788, "1.8000000000000003": 0.8252234204144397, "1.9000000000000004": 0.804894513145992}