{"-2.0": 0.8952078115885238, "-1.9": 0.8941339838443244, "-1.8": 0.8916048656903365, "-1.7": 0.8873894469229867, "-1.6": 0.8815701853677812, "-1.5": 0.874584847679539, "-1.4": 0.867195339877686, "-1.2999999999999998": 0.8603797692919368, "-1.2": 0.8551596249561196, "-1.1": 0.8523887593928604, "-1.0": 0.8525417383253824, "-0.8999999999999999": 0.8555435915023686, "-0.7999999999999998": 0.8606796335292578, "-0.7": 0.8666128505368567, "-0.5999999999999999": 0.8715189069014844, "-0.5": 0.873327964522654, "-0.3999999999999999": 0.8700419085337772, "-0.2999999999999998": 0.8600790987066931, "-0.19999999999999996": 0.8425897324173802, "-0.09999999999999987": 0.8176854357826115, "0.0": 0.7865372700365112, "0.10000000000000009": 0.7513156160997506, "0.20000000000000018": 0.7149704061026547, "0.30000000000000027": 0.6808767687248559, "0.40000000000000036": 0.6523947554509357, "0.5": 0.6324081894268782, "0.6000000000000001": 0.6229137342918033, "0.7000000000000002": 0.6247256445537941, "0.8000000000000003": 0.6373449680801782, "0.9000000000000004": 0.6590168020230902, "1.0": 0.6869696549530661, "1.1": 0.7178019628668642, "1.2000000000000002": 0.7479572368148008, "1.3000000000000003": 0.7742151876006896, "1.4000000000000004": 0.79412388466727, "1.5": 0.8063079451350448, "1.6": 0.810608205996376, "1.7000000000000002": 0.8080358079793795, "1.8000000000000003": 0.80055344106416, "1.9000000000000004": 0.7907236459776472}