{"-2.0": 0.8531178290227863, "-1.9": 0.8509402735209881, "-1.8": 0.8491043011903121, "-1.7": 0.8480639614582821, "-1.6": 0.8481614558778547, "-1.5": 0.8495069976274137, "-1.4": 0.8518843193406174, "-1.2999999999999998": 0.854706240653417, "-1.2": 0.8570377396086662, "-1.1": 0.8576927009152799, "-1.0": 0.855396802935307, "-0.8999999999999999": 0.8489953505375443, "-0.7999999999999998": 0.837673936345772, "-0.7": 0.8211539530466527, "-0.5999999999999999": 0.7998257014752019, "-0.5": 0.7747894989700521, "-0.3999999999999999": 0.7477888487962404, "-0.2999999999999998": 0.7210372546848063, "-0.19999999999999996": 0.696958679234279, "-0.09999999999999987": 0.6778776497015319, "0.0": 0.6657055872290333, "0.10000000000000009": 0.6616729096579558, "0.20000000000000018": 0.666150962331268, "0.30000000000000027": 0.6785945007920478, "0.40000000000000036": 0.6976163631772846, "0.5": 0.7211843180656214, "0.6000000000000001": 0.7469096058197802, "0.7000000000000002": 0.7723810496016525, "0.8000000000000003": 0.7954906622092235, "0.9000000000000004": 0.8146979670264008, "1.0": 0.8291907101792599, "1.1": 0.8389175469596958, "1.2000000000000002": 0.8444905579701356, "1.3000000000000003": 0.846978183781464, "1.4000000000000004": 0.8476283261853662, "1.5": 0.8475735129751604, "1.6": 0.8475729513456339, "1.7000000000000002": 0.8478394289424604, "1.8000000000000003": 0.8479835409096337, "1.9000000000000004": 0.8470863572398514}