{"-2.0": 0.8518175217620994, "-1.9": 0.8519465976372865, "-1.8": 0.8516731938666995, "-1.7": 0.8509499746166178, "-1.6": 0.8498345964289097, "-1.5": 0.848498467104466, "-1.4": 0.8472087694656566, "-1.2999999999999998": 0.8462817476527974, "-1.2": 0.8460113301465816, "-1.1": 0.8465834035401996, "-1.0": 0.8479911362416067, "-0.8999999999999999": 0.8499694390822118, "-0.7999999999999998": 0.8519660425457759, "-0.7": 0.8531624391854311, "-0.5999999999999999": 0.8525504525760892, "-0.5": 0.8490605127568935, "-0.3999999999999999": 0.8417274556691146, "-0.2999999999999998": 0.8298707194039894, "-0.19999999999999996": 0.8132600231033406, "-0.09999999999999987": 0.7922364049372331, "0.0": 0.7677625551555436, "0.10000000000000009": 0.7413854803065688, "0.20000000000000018": 0.7151074971071326, "0.30000000000000027": 0.691176399160541, "0.40000000000000036": 0.6718198937872333, "0.5": 0.6589605243276588, "0.6000000000000001": 0.6539531174081927, "0.7000000000000002": 0.6573859690762781, "0.8000000000000003": 0.6689792454364781, "0.9000000000000004": 0.6876003585166466, "1.0": 0.711398415446587, "1.1": 0.7380410417501327, "1.2000000000000002": 0.7650200819375532, "1.3000000000000003": 0.789980798844686, "1.4000000000000004": 0.8110244048137379, "1.5": 0.8269370944367301, "1.6": 0.8373098788735848, "1.7000000000000002": 0.8425307693340531, "1.8000000000000003": 0.8436514565099612, "1.9000000000000004": 0.8421511825668746}