{"-2.0": 0.8774697949040329, "-1.9": 0.8786729948237975, "-1.8": 0.8787186128445967, "-1.7": 0.8774593905315077, "-1.6": 0.8750115480987107, "-1.5": 0.8717550912732461, "-1.4": 0.8682808475120326, "-1.2999999999999998": 0.86528940899248, "-1.2": 0.8634564575181783, "-1.1": 0.8632861858321251, "-1.0": 0.8649783150719844, "-0.8999999999999999": 0.8683337127967413, "-0.7999999999999998": 0.8727187449048103, "-0.7": 0.8770999167769647, "-0.5999999999999999": 0.8801494041920345, "-0.5": 0.880410512789614, "-0.3999999999999999": 0.8765018449785531, "-0.2999999999999998": 0.8673317167428758, "-0.19999999999999996": 0.8522913936399211, "-0.09999999999999987": 0.8313975531684054, "0.0": 0.8053607949372286, "0.10000000000000009": 0.775567037790457, "0.20000000000000018": 0.743970722037351, "0.30000000000000027": 0.7129110256120047, "0.40000000000000036": 0.6848729558240773, "0.5": 0.6622226426025867, "0.6000000000000001": 0.6469494216347246, "0.7000000000000002": 0.6404460212570278, "0.8000000000000003": 0.6433527196108968, "0.9000000000000004": 0.655482687324709, "1.0": 0.6758352603280839, "1.1": 0.7026931522411011, "1.2000000000000002": 0.7337900859322117, "1.3000000000000003": 0.7665281631697918, "1.4000000000000004": 0.798220207147907, "1.5": 0.8263314960067676, "1.6": 0.8486974639424483, "1.7000000000000002": 0.8636984153044969, "1.8000000000000003": 0.8703781991374183, "1.9000000000000004": 0.8685002118177578}