{"-2.0": 0.8851677953320679, "-1.9": 0.8839627942987655, "-1.8": 0.8837170860908273, "-1.7": 0.8843526159883014, "-1.6": 0.8853555126653098, "-1.5": 0.8857438469192916, "-1.4": 0.8841239841460871, "-1.2999999999999998": 0.8788399341995387, "-1.2": 0.8682032020368885, "-1.1": 0.8507742800409019, "-1.0": 0.8256541739880287, "-0.8999999999999999": 0.7927378418704004, "-0.7999999999999998": 0.7528828040913145, "-0.7": 0.7079557859822236, "-0.5999999999999999": 0.6607369556173355, "-0.5": 0.6146826752510656, "-0.3999999999999999": 0.573570302751842, "-0.2999999999999998": 0.5410686890337673, "-0.19999999999999996": 0.5202921190785498, "-0.09999999999999987": 0.5134009336583885, "0.0": 0.5213077203110792, "0.10000000000000009": 0.5435341780330358, "0.20000000000000018": 0.5782425405171858, "0.30000000000000027": 0.6224400726969741, "0.40000000000000036": 0.6723296631976485, "0.5": 0.7237580144602468, "0.6000000000000001": 0.7726988459088183, "0.7000000000000002": 0.8157041165679294, "0.8000000000000003": 0.8502621850439722, "0.9000000000000004": 0.8750169970495071, "1.0": 0.8898242529019031, "1.1": 0.8956454287725606, "1.2000000000000002": 0.8943044437748432, "1.3000000000000003": 0.8881508812906832, "1.4000000000000004": 0.8796850883750799, "1.5": 0.8712026612186649, "1.6": 0.8645088359472408, "1.7000000000000002": 0.8607387287622535, "1.8000000000000003": 0.860299996570009, "1.9000000000000004": 0.8629337859044758}