{"-2.0": 0.8378321242577215, "-1.9": 0.8386392320171469, "-1.8": 0.8386799278641878, "-1.7": 0.8371641248729983, "-1.6": 0.833324850011222, "-1.5": 0.8265620323432754, "-1.4": 0.8165735764047611, "-1.2999999999999998": 0.8034510310929092, "-1.2": 0.7877221979941564, "-1.1": 0.7703310402990537, "-1.0": 0.7525549195099173, "-0.8999999999999999": 0.7358689115349749, "-0.7999999999999998": 0.7217751671723563, "-0.7": 0.7116207000240216, "-0.5999999999999999": 0.7064288126304724, "-0.5": 0.7067674156713579, "-0.3999999999999999": 0.7126721678759348, "-0.2999999999999998": 0.7236345858719576, "-0.19999999999999996": 0.7386562936236166, "-0.09999999999999987": 0.7563617596427474, "0.0": 0.775154452845823, "0.10000000000000009": 0.793396282269411, "0.20000000000000018": 0.8095880016172639, "0.30000000000000027": 0.8225290301992816, "0.40000000000000036": 0.8314385244255614, "0.5": 0.8360248723122782, "0.6000000000000001": 0.8364972465988225, "0.7000000000000002": 0.8335195799305206, "0.8000000000000003": 0.8281135526645103, "0.9000000000000004": 0.8215223227319478, "1.0": 0.8150504027148673, "1.1": 0.8098971290849677, "1.2000000000000002": 0.8070015598202683, "1.3000000000000003": 0.806915472447179, "1.4000000000000004": 0.8097185656826784, "1.5": 0.814986175472187, "1.6": 0.8218150115477831, "1.7000000000000002": 0.8289068673624559, "1.8000000000000003": 0.8347043035540376, "1.9000000000000004": 0.8375664136864605}