{"-2.0": 0.8291973704315769, "-1.9": 0.8272098681711642, "-1.8": 0.8256236543758855, "-1.7": 0.8248874568827846, "-1.6": 0.8252886655535934, "-1.5": 0.8268454332117865, "-1.4": 0.8292407034856822, "-1.2999999999999998": 0.8318163571041551, "-1.2": 0.8336351963663824, "-1.1": 0.833605905369917, "-1.0": 0.8306537816776232, "-0.8999999999999999": 0.8239103074015848, "-0.7999999999999998": 0.8128894522297636, "-0.7": 0.7976190984520674, "-0.5999999999999999": 0.7787022236535541, "-0.5": 0.757293470363856, "-0.3999999999999999": 0.73499057472239, "-0.2999999999999998": 0.7136543698223549, "-0.19999999999999996": 0.6951831816532791, "-0.09999999999999987": 0.6812752348455853, "0.0": 0.6732148028071503, "0.10000000000000009": 0.6717139290364351, "0.20000000000000018": 0.6768323616166019, "0.30000000000000027": 0.687985570255649, "0.40000000000000036": 0.7040366582428337, "0.5": 0.7234551202805072, "0.6000000000000001": 0.7445159237819117, "0.7000000000000002": 0.765507810619177, "0.8000000000000003": 0.7849205849890455, "0.9000000000000004": 0.8015870065719977, "1.0": 0.8147643863259487, "1.1": 0.8241521239250169, "1.2000000000000002": 0.8298520714372463, "1.3000000000000003": 0.8322868277410383, "1.4000000000000004": 0.8320955314145366, "1.5": 0.8300269304739473, "1.6": 0.8268458643328227, "1.7000000000000002": 0.8232629655447459, "1.8000000000000003": 0.8198900348262987, "1.9000000000000004": 0.81721693630994}