{"-2.0": 0.8264354948746697, "-1.9": 0.8278034253805767, "-1.8": 0.8297120029945866, "-1.7": 0.8316065208093709, "-1.6": 0.8327399264120303, "-1.5": 0.8322736370843975, "-1.4": 0.829407895030268, "-1.2999999999999998": 0.8235209044606021, "-1.2": 0.8142931976687029, "-1.1": 0.8017951062511711, "-1.0": 0.7865207019606075, "-0.8999999999999999": 0.769360180115235, "-0.7999999999999998": 0.7515128473732341, "-0.7": 0.7343527975849985, "-0.5999999999999999": 0.7192672128953004, "-0.5": 0.7074916017450248, "-0.3999999999999999": 0.6999664295086716, "-0.2999999999999998": 0.6972355575049002, "-0.19999999999999996": 0.6993995081088965, "-0.09999999999999987": 0.7061272533557397, "0.0": 0.7167207393582129, "0.10000000000000009": 0.7302184414994839, "0.20000000000000018": 0.7455192661745011, "0.30000000000000027": 0.7615068232364952, "0.40000000000000036": 0.7771564873961001, "0.5": 0.7916130172150924, "0.6000000000000001": 0.8042335211762681, "0.7000000000000002": 0.8145976912296545, "0.8000000000000003": 0.8224929640109733, "0.9000000000000004": 0.8278854923779285, "1.0": 0.8308879959368043, "1.1": 0.8317328969998904, "1.2000000000000002": 0.8307544803672441, "1.3000000000000003": 0.8283784431080922, "1.4000000000000004": 0.8251125886249137, "1.5": 0.8215298599948637, "1.6": 0.818235218640916, "1.7000000000000002": 0.8158111951126288, "1.8000000000000003": 0.8147426707077039, "1.9000000000000004": 0.81532835743008}