{"-2.0": 0.8429120990687168, "-1.9": 0.8435250887672041, "-1.8": 0.8436178059918128, "-1.7": 0.8424931568912489, "-1.6": 0.8394007766939466, "-1.5": 0.8336602586901123, "-1.4": 0.8247916429291505, "-1.2999999999999998": 0.8126325408349111, "-1.2": 0.7974217018270336, "-1.1": 0.7798325123399382, "-1.0": 0.7609464432207909, "-0.8999999999999999": 0.7421649493370397, "-0.7999999999999998": 0.7250675523952653, "-0.7": 0.7112324167167153, "-0.5999999999999999": 0.7020423150245518, "-0.5": 0.6985023871184398, "-0.3999999999999999": 0.7010958563166642, "-0.2999999999999998": 0.7096997660240482, "-0.19999999999999996": 0.7235752870801049, "-0.09999999999999987": 0.7414372052578646, "0.0": 0.7615961994290232, "0.10000000000000009": 0.7821570352970785, "0.20000000000000018": 0.8012473693196861, "0.30000000000000027": 0.8172467676937231, "0.40000000000000036": 0.8289846293737992, "0.5": 0.8358792090015351, "0.6000000000000001": 0.8379974805564092, "0.7000000000000002": 0.8360261891937318, "0.8000000000000003": 0.8311566683881761, "0.9000000000000004": 0.8248981494906136, "1.0": 0.8188446345634438, "1.1": 0.8144274378010921, "1.2000000000000002": 0.8126881654529524, "1.3000000000000003": 0.8141047398063764, "1.4000000000000004": 0.8184962965776893, "1.5": 0.8250222695537184, "1.6": 0.8322781348097307, "1.7000000000000002": 0.838476880117653, "1.8000000000000003": 0.8416931566735723, "1.9000000000000004": 0.8401379638930766}