{"-2.0": 0.8672944018830784, "-1.9": 0.8625942773058776, "-1.8": 0.8590486952152794, "-1.7": 0.8573119502598253, "-1.6": 0.8578210308470935, "-1.5": 0.8606616649676818, "-1.4": 0.8654705082780626, "-1.2999999999999998": 0.8713966338914115, "-1.2": 0.8771383595738852, "-1.1": 0.8810606652310738, "-1.0": 0.8813855363275274, "-0.8999999999999999": 0.8764345548704614, "-0.7999999999999998": 0.8648921748774856, "-0.7": 0.8460513982601532, "-0.5999999999999999": 0.8200024827030628, "-0.5": 0.7877304842313192, "-0.3999999999999999": 0.751098469477737, "-0.2999999999999998": 0.7127087281351696, "-0.19999999999999996": 0.6756520565313882, "-0.09999999999999987": 0.6431724636150143, "0.0": 0.618288709502862, "0.10000000000000009": 0.6034225632018486, "0.20000000000000018": 0.6000850047935221, "0.30000000000000027": 0.6086653305854012, "0.40000000000000036": 0.6283549754251807, "0.5": 0.6572196792636797, "0.6000000000000001": 0.6924130623319511, "0.7000000000000002": 0.73050481811618, "0.8000000000000003": 0.7678805943907774, "0.9000000000000004": 0.8011606615722738, "1.0": 0.8275821652405965, "1.1": 0.8452954362993946, "1.2000000000000002": 0.8535375636017263, "1.3000000000000003": 0.8526642176193296, "1.4000000000000004": 0.8440408001160987, "1.5": 0.8298133343109728, "1.6": 0.8125952423778996, "1.7000000000000002": 0.7951160594819775, "1.8000000000000003": 0.7798809545546075, "1.9000000000000004": 0.7688855549223845}