{"-2.0": 0.8500389757993194, "-1.9": 0.8401164935970298, "-1.8": 0.8260142241828227, "-1.7": 0.8082990988029157, "-1.6": 0.7881193289926639, "-1.5": 0.7670973076116592, "-1.4": 0.7471381586990521, "-1.2999999999999998": 0.7301808113685064, "-1.2": 0.7179299920305156, "-1.1": 0.7116126520861618, "-1.0": 0.7117998556481856, "-0.8999999999999999": 0.7183252024780471, "-0.7999999999999998": 0.7303150113763932, "-0.7": 0.7463264465725794, "-0.5999999999999999": 0.7645709214571913, "-0.5": 0.7831849119697796, "-0.3999999999999999": 0.80050162781203, "-0.2999999999999998": 0.8152765629312374, "-0.19999999999999996": 0.8268280315897937, "-0.09999999999999987": 0.8350690789611107, "0.0": 0.8404269630565243, "0.10000000000000009": 0.8436671747000973, "0.20000000000000018": 0.8456568840916561, "0.30000000000000027": 0.8471144210576402, "0.40000000000000036": 0.8483946408027548, "0.5": 0.8493540503447535, "0.6000000000000001": 0.8493253110963408, "0.7000000000000002": 0.8472106670253267, "0.8000000000000003": 0.8416815570993526, "0.9000000000000004": 0.8314511989069411, "1.0": 0.8155720479349323, "1.1": 0.7937035491648687, "1.2000000000000002": 0.7662988231542842, "1.3000000000000003": 0.7346714468550927, "1.4000000000000004": 0.7009232029579836, "1.5": 0.6677371757505894, "1.6": 0.6380637613949584, "1.7000000000000002": 0.6147459663676033, "1.8000000000000003": 0.6001414835701087, "1.9000000000000004": 0.5958005082778872}