{"-2.0": 0.8742273538373185, "-1.9": 0.8746546875679165, "-1.8": 0.8737878921143579, "-1.7": 0.8716533218576129, "-1.6": 0.8685675132030983, "-1.5": 0.8650965815718482, "-1.4": 0.8619576158749515, "-1.2999999999999998": 0.8598763848994954, "-1.2": 0.8594253309443827, "-1.1": 0.8608714876407412, "-1.0": 0.8640643499178664, "-0.8999999999999999": 0.868388525155286, "-0.7999999999999998": 0.8727959265315137, "-0.7": 0.8759189856074335, "-0.5999999999999999": 0.87625215994106, "-0.5": 0.8723764233476219, "-0.3999999999999999": 0.8631927492518296, "-0.2999999999999998": 0.8481274700419746, "-0.19999999999999996": 0.8272754876877463, "-0.09999999999999987": 0.8014561929666937, "0.0": 0.7721701624862038, "0.10000000000000009": 0.7414600151279789, "0.20000000000000018": 0.7116936262862527, "0.30000000000000027": 0.6852997240423353, "0.40000000000000036": 0.6644927786177456, "0.5": 0.6510249871711632, "0.6000000000000001": 0.6459980566007979, "0.7000000000000002": 0.649757444564531, "0.8000000000000003": 0.661878606834949, "0.9000000000000004": 0.6812409550900655, "1.0": 0.7061730165438294, "1.1": 0.734643662895118, "1.2000000000000002": 0.7644704502783792, "1.3000000000000003": 0.7935173551598644, "1.4000000000000004": 0.8198598300875152, "1.5": 0.8419036950909353, "1.6": 0.8584540298626878, "1.7000000000000002": 0.8687389833412634, "1.8000000000000003": 0.8723996455667412, "1.9000000000000004": 0.8694598456610024}