{"-2.0": 0.8541062332603335, "-1.9": 0.8524938915310851, "-1.8": 0.8466149417286366, "-1.7": 0.8360306464344065, "-1.6": 0.8209006174208704, "-1.5": 0.8020308561536394, "-1.4": 0.780825469335264, "-1.2999999999999998": 0.7591425990988925, "-1.2": 0.7390712581404161, "-1.1": 0.722659958834571, "-1.0": 0.7116376582347684, "-0.8999999999999999": 0.7071706893414091, "-0.7999999999999998": 0.70969517049409, "-0.7": 0.7188533099178338, "-0.5999999999999999": 0.7335457267794723, "-0.5": 0.7520930564134302, "-0.3999999999999999": 0.7724818997898055, "-0.2999999999999998": 0.7926558027505685, "-0.19999999999999996": 0.810804007038781, "-0.09999999999999987": 0.8256007311463573, "0.0": 0.8363558739192825, "0.10000000000000009": 0.8430530184679911, "0.20000000000000018": 0.8462699467035847, "0.30000000000000027": 0.8469972435321113, "0.40000000000000036": 0.8463884260851293, "0.5": 0.8454872191660265, "0.6000000000000001": 0.8449819108076644, "0.7000000000000002": 0.8450323166971849, "0.8000000000000003": 0.8452024367654395, "0.9000000000000004": 0.8445134963833364, "1.0": 0.8416108829073083, "1.1": 0.8350181817822889, "1.2000000000000002": 0.8234356210211853, "1.3000000000000003": 0.8060315339852319, "1.4000000000000004": 0.7826754936865982, "1.5": 0.7540705929342112, "1.6": 0.7217584648927067, "1.7000000000000002": 0.6879913269461466, "1.8000000000000003": 0.65548708364003, "1.9000000000000004": 0.627102677525843}