{"-2.0": 0.673580702202055, "-1.9": 0.6614605067876599, "-1.8": 0.6566400614107384, "-1.7": 0.6596042693555209, "-1.6": 0.6701264006334507, "-1.5": 0.6872879981300085, "-1.4": 0.7095791620686536, "-1.2999999999999998": 0.7350667950622248, "-1.2": 0.7616098530102685, "-1.1": 0.7870949253261533, "-1.0": 0.8096632468294506, "-0.8999999999999999": 0.8279017272486755, "-0.7999999999999998": 0.8409754907286981, "-0.7": 0.8486870388091472, "-0.5999999999999999": 0.8514564626109107, "-0.5": 0.8502269383781923, "-0.3999999999999999": 0.8463088332952932, "-0.2999999999999998": 0.8411830432635323, "-0.19999999999999996": 0.8362888489258709, "-0.09999999999999987": 0.8328231128140402, "0.0": 0.8315759272541654, "0.10000000000000009": 0.8328231128140389, "0.20000000000000018": 0.83628884892587, "0.30000000000000027": 0.8411830432635318, "0.40000000000000036": 0.8463088332952936, "0.5": 0.8502269383781925, "0.6000000000000001": 0.8514564626109102, "0.7000000000000002": 0.8486870388091474, "0.8000000000000003": 0.840975490728694, "0.9000000000000004": 0.8279017272486753, "1.0": 0.8096632468294485, "1.1": 0.7870949253261529, "1.2000000000000002": 0.7616098530102691, "1.3000000000000003": 0.735066795062224, "1.4000000000000004": 0.7095791620686548, "1.5": 0.6872879981300084, "1.6": 0.6701264006334505, "1.7000000000000002": 0.6596042693555195, "1.8000000000000003": 0.6566400614107386, "1.9000000000000004": 0.6614605067876606}