{"-2.0": 0.6625618556400564, "-1.9": 0.6811550175745162, "-1.8": 0.7046359739762685, "-1.7": 0.7307401570866241, "-1.6": 0.7570992699037246, "-1.5": 0.7815440973051754, "-1.4": 0.8023641611818408, "-1.2999999999999998": 0.8184858669796858, "-1.2": 0.8295451777253697, "-1.1": 0.8358490840140974, "-1.0": 0.8382389532067569, "-0.8999999999999999": 0.8378848855668696, "-0.7999999999999998": 0.8360506514755434, "-0.7": 0.8338718497285507, "-0.5999999999999999": 0.8321852016802691, "-0.5": 0.8314354115629972, "-0.3999999999999999": 0.831670054549311, "-0.2999999999999998": 0.8326155863056586, "-0.19999999999999996": 0.8338121121973936, "-0.09999999999999987": 0.8347739223769718, "0.0": 0.8351389532942335, "0.10000000000000009": 0.8347739223769721, "0.20000000000000018": 0.8338121121973926, "0.30000000000000027": 0.8326155863056582, "0.40000000000000036": 0.8316700545493112, "0.5": 0.8314354115629966, "0.6000000000000001": 0.8321852016802698, "0.7000000000000002": 0.8338718497285524, "0.8000000000000003": 0.8360506514755397, "0.9000000000000004": 0.8378848855668696, "1.0": 0.8382389532067569, "1.1": 0.8358490840140966, "1.2000000000000002": 0.829545177725368, "1.3000000000000003": 0.8184858669796848, "1.4000000000000004": 0.8023641611818408, "1.5": 0.7815440973051752, "1.6": 0.7570992699037232, "1.7000000000000002": 0.7307401570866239, "1.8000000000000003": 0.7046359739762678, "1.9000000000000004": 0.6811550175745167}