{"-2.0": 0.8630758083297446, "-1.9": 0.8635375406945764, "-1.8": 0.8648313672863145, "-1.7": 0.8667169811649782, "-1.6": 0.8687866103768105, "-1.5": 0.8705445897730802, "-1.4": 0.8715138208058293, "-1.2999999999999998": 0.8713473118650868, "-1.2": 0.8699202115189705, "-1.1": 0.8673800337185669, "-1.0": 0.8641399436556837, "-0.8999999999999999": 0.8608108236598428, "-0.7999999999999998": 0.858080353377905, "-0.7": 0.8565590611068817, "-0.5999999999999999": 0.85662181540702, "-0.5": 0.858276634966018, "-0.3999999999999999": 0.8610900309057177, "-0.2999999999999998": 0.8641895424717686, "-0.19999999999999996": 0.8663510279623574, "-0.09999999999999987": 0.8661629119841515, "0.0": 0.8622447815362938, "0.10000000000000009": 0.8534862846637052, "0.20000000000000018": 0.8392664968309129, "0.30000000000000027": 0.8196150734982259, "0.40000000000000036": 0.7952846337957402, "0.5": 0.7677176537272956, "0.6000000000000001": 0.7389083352364287, "0.7000000000000002": 0.7111774410775271, "0.8000000000000003": 0.6868928141563865, "0.9000000000000004": 0.6681775740195953, "1.0": 0.6566501139306353, "1.1": 0.6532346140305992, "1.2000000000000002": 0.6580688173950375, "1.3000000000000003": 0.6705194594368111, "1.4000000000000004": 0.6892979609628637, "1.5": 0.7126529918124029, "1.6": 0.7386051237657303, "1.7000000000000002": 0.7651839653042486, "1.8000000000000003": 0.7906306038679491, "1.9000000000000004": 0.8135372012066133}