{"-2.0": 0.8818668670214496, "-1.9": 0.8842513395320235, "-1.8": 0.8866994324084666, "-1.7": 0.8886639593812462, "-1.6": 0.8896441783157742, "-1.5": 0.8892996094170287, "-1.4": 0.8875433739246565, "-1.2999999999999998": 0.884592124270473, "-1.2": 0.8809559571812122, "-1.1": 0.8773621597192002, "-1.0": 0.8746195106595054, "-0.8999999999999999": 0.8734427861078695, "-0.7999999999999998": 0.8742675270355776, "-0.7": 0.8770907276034753, "-0.5999999999999999": 0.8813723595962452, "-0.5": 0.8860251288915056, "-0.3999999999999999": 0.8895064001339927, "-0.2999999999999998": 0.890008853690833, "-0.19999999999999996": 0.885728068304604, "-0.09999999999999987": 0.8751691604987306, "0.0": 0.8574439636974668, "0.10000000000000009": 0.8325073135573555, "0.20000000000000018": 0.8012868792795838, "0.30000000000000027": 0.765675182147993, "0.40000000000000036": 0.7283729980477647, "0.5": 0.692597047143746, "0.6000000000000001": 0.6616878176034404, "0.7000000000000002": 0.6386715935790976, "0.8000000000000003": 0.6258409568355772, "0.9000000000000004": 0.624418160219364, "1.0": 0.634355438849197, "1.1": 0.654306911482034, "1.2000000000000002": 0.6817811865138679, "1.3000000000000003": 0.7134561822836363, "1.4000000000000004": 0.7456124820973247, "1.5": 0.7746229166532688, "1.6": 0.7974270983572377, "1.7000000000000002": 0.8119218372698671, "1.8000000000000003": 0.8172114117439899, "1.9000000000000004": 0.8136834170972385}