{"-2.0": 0.8395907610224242, "-1.9": 0.8394895492769312, "-1.8": 0.8402541004391493, "-1.7": 0.8417992831313402, "-1.6": 0.843828799847997, "-1.5": 0.8458287847763064, "-1.4": 0.8470956895759748, "-1.2999999999999998": 0.8468004101439778, "-1.2": 0.8440850843084349, "-1.1": 0.8381831805567057, "-1.0": 0.8285483299548588, "-0.8999999999999999": 0.8149737810737103, "-0.7999999999999998": 0.7976831952449178, "-0.7": 0.7773752600452922, "-0.5999999999999999": 0.7552093665200688, "-0.5": 0.7327269578565793, "-0.3999999999999999": 0.711712218395057, "-0.2999999999999998": 0.6940052534380862, "-0.19999999999999996": 0.6812893289779178, "-0.09999999999999987": 0.6748796402174505, "0.0": 0.6755432795958782, "0.10000000000000009": 0.6833779013331437, "0.20000000000000018": 0.6977700114766614, "0.30000000000000027": 0.7174435472282409, "0.40000000000000036": 0.7405967991141438, "0.5": 0.7651126043145212, "0.6000000000000001": 0.7888151361319478, "0.7000000000000002": 0.809738453172358, "0.8000000000000003": 0.8263687309971807, "0.9000000000000004": 0.8378245467983088, "1.0": 0.8439476164978861, "1.1": 0.8452889835677968, "1.2000000000000002": 0.8429910398906548, "1.3000000000000003": 0.8385816094973266, "1.4000000000000004": 0.8337101685583068, "1.5": 0.8298658638341163, "1.6": 0.8281206865549793, "1.7000000000000002": 0.8289382106361939, "1.8000000000000003": 0.8320790039303805, "1.9000000000000004": 0.836619479803093}