{"-2.0": 0.8744721447544718, "-1.9": 0.8730099620441363, "-1.8": 0.8720679535912484, "-1.7": 0.871872198190917, "-1.6": 0.8725015617705232, "-1.5": 0.8738614699007181, "-1.4": 0.8756918973844281, "-1.2999999999999998": 0.877609884027214, "-1.2": 0.8791800519683803, "-1.1": 0.880000715494788, "-1.0": 0.8797893998661437, "-0.8999999999999999": 0.8784507196698187, "-0.7999999999999998": 0.8761118876627153, "-0.7": 0.8731163265167031, "-0.5999999999999999": 0.8699730933888755, "-0.5": 0.867267860183451, "-0.3999999999999999": 0.8655486025370275, "-0.2999999999999998": 0.8652045946312741, "-0.19999999999999996": 0.8663597576397553, "-0.09999999999999987": 0.8688003416854606, "0.0": 0.8719524087694239, "0.10000000000000009": 0.8749172924438523, "0.20000000000000018": 0.8765642834331371, "0.30000000000000027": 0.8756706578489207, "0.40000000000000036": 0.8710912974253419, "0.5": 0.8619348167586113, "0.6000000000000001": 0.8477211668941603, "0.7000000000000002": 0.8284974386673742, "0.8000000000000003": 0.8048937698543991, "0.9000000000000004": 0.7781090697369092, "1.0": 0.7498255347519399, "1.1": 0.7220602805632457, "1.2000000000000002": 0.696970539358076, "1.3000000000000003": 0.6766346867100481, "1.4000000000000004": 0.6628341797302593, "1.5": 0.656861083082078, "1.6": 0.6593724692601376, "1.7000000000000002": 0.6703072269891087, "1.8000000000000003": 0.6888735749386965, "1.9000000000000004": 0.7136078362116204}