{"-2.0": 0.776711611664191, "-1.9": 0.7884503513236872, "-1.8": 0.8005610227763126, "-1.7": 0.8117906898833263, "-1.6": 0.8210888168008994, "-1.5": 0.8277522765019758, "-1.4": 0.8315130655635911, "-1.2999999999999998": 0.8325538764929081, "-1.2": 0.831449147045886, "-1.1": 0.8290423755766936, "-1.0": 0.8262819517833455, "-0.8999999999999999": 0.824045337779858, "-0.7999999999999998": 0.8229836417887717, "-0.7": 0.8234149191638716, "-0.5999999999999999": 0.8252854734416355, "-0.5": 0.8282055977593337, "-0.3999999999999999": 0.8315519318933995, "-0.2999999999999998": 0.8346155829342748, "-0.19999999999999996": 0.8367658762416914, "-0.09999999999999987": 0.837595934816024, "0.0": 0.8370190852022283, "0.10000000000000009": 0.8352940113121237, "0.20000000000000018": 0.8329701098620509, "0.30000000000000027": 0.8307602116192909, "0.40000000000000036": 0.8293628047866146, "0.5": 0.8292672611213041, "0.6000000000000001": 0.8305810364464008, "0.7000000000000002": 0.8329161353015306, "0.8000000000000003": 0.8353633218730341, "0.9000000000000004": 0.836567969751564, "1.0": 0.8349035190536611, "1.1": 0.8287203826804597, "1.2000000000000002": 0.8166330764898045, "1.3000000000000003": 0.7977991468349944, "1.4000000000000004": 0.7721419677259393, "1.5": 0.740476194265998, "1.6": 0.7045086702784625, "1.7000000000000002": 0.6667066834623001, "1.8000000000000003": 0.6300465068148556, "1.9000000000000004": 0.5976746439763128}