{"-2.0": 0.8791953581895541, "-1.9": 0.8805321934607706, "-1.8": 0.8817150665160386, "-1.7": 0.8824388930738007, "-1.6": 0.8824565804812015, "-1.5": 0.8816365529137915, "-1.4": 0.8800072980463868, "-1.2999999999999998": 0.8777776085814517, "-1.2": 0.8753238498707188, "-1.1": 0.8731404102929913, "-1.0": 0.8717558876263259, "-0.8999999999999999": 0.8716245378684514, "-0.7999999999999998": 0.8730088142021223, "-0.7": 0.8758731618881838, "-0.5999999999999999": 0.8798105202003178, "-0.5": 0.8840205591728906, "-0.3999999999999999": 0.8873524983327638, "-0.2999999999999998": 0.8884160516742639, "-0.19999999999999996": 0.8857528916510985, "-0.09999999999999987": 0.8780497695319465, "0.0": 0.8643650156057049, "0.10000000000000009": 0.8443343865281259, "0.20000000000000018": 0.8183214808985566, "0.30000000000000027": 0.7874828188676294, "0.40000000000000036": 0.7537278802436872, "0.5": 0.7195686954918528, "0.6000000000000001": 0.6878699802545364, "0.7000000000000002": 0.6615267984378633, "0.8000000000000003": 0.6431097321279033, "0.9000000000000004": 0.6345252594814619, "1.0": 0.6367399530882029, "1.1": 0.6496106911933552, "1.2000000000000002": 0.6718499576727082, "1.3000000000000003": 0.701137228647358, "1.4000000000000004": 0.7343669972822848, "1.5": 0.7680042322288904, "1.6": 0.7985020414139753, "1.7000000000000002": 0.822726555112581, "1.8000000000000003": 0.838332156651384, "1.9000000000000004": 0.8440365799339592}