{"-2.0": 0.8204129745570385, "-1.9": 0.8173379441742594, "-1.8": 0.8125804259402152, "-1.7": 0.8063932710900481, "-1.6": 0.7992166663447557, "-1.5": 0.7916369680486388, "-1.4": 0.7843201872348904, "-1.2999999999999998": 0.7779300985321158, "-1.2": 0.773044238150868, "-1.1": 0.7700818241555027, "-1.0": 0.7692556485745056, "-0.8999999999999999": 0.7705556024094335, "-0.7999999999999998": 0.773765562282973, "-0.7": 0.7785090953650393, "-0.5999999999999999": 0.7843141256926855, "-0.5": 0.790683467690867, "-0.3999999999999999": 0.7971576651694413, "-0.2999999999999998": 0.8033589869019184, "-0.19999999999999996": 0.8090102124453087, "-0.09999999999999987": 0.8139279563054709, "0.0": 0.8179963700920614, "0.10000000000000009": 0.8211317444487063, "0.20000000000000018": 0.8232506891059318, "0.30000000000000027": 0.8242536095177923, "0.40000000000000036": 0.8240312086522312, "0.5": 0.8224954990552649, "0.6000000000000001": 0.8196296447143858, "0.7000000000000002": 0.8155444903393841, "0.8000000000000003": 0.8105254609090736, "0.9000000000000004": 0.8050528218626333, "1.0": 0.7997816038478838, "1.1": 0.7954745092623839, "1.2000000000000002": 0.7928907001313683, "1.3000000000000003": 0.7926437392226933, "1.4000000000000004": 0.7950510121063175, "1.5": 0.8000026699332747, "1.6": 0.8068789694898212, "1.7000000000000002": 0.8145401553943912, "1.8000000000000003": 0.8214030717636978, "1.9000000000000004": 0.825604891612487}