{"-2.0": 0.8746656650669736, "-1.9": 0.8733478643077497, "-1.8": 0.8718648005218885, "-1.7": 0.8705444416657075, "-1.6": 0.8696827578568421, "-1.5": 0.8694726270772795, "-1.4": 0.8699524404908647, "-1.2999999999999998": 0.8709869416076355, "-1.2": 0.8722864899208527, "-1.1": 0.8734629561748627, "-1.0": 0.8741124265433735, "-0.8999999999999999": 0.8739084819592422, "-0.7999999999999998": 0.8726864275496725, "-0.7": 0.8704993200650081, "-0.5999999999999999": 0.8676310778434201, "-0.5": 0.8645596677643131, "-0.3999999999999999": 0.8618729770669334, "-0.2999999999999998": 0.8601496936672239, "-0.19999999999999996": 0.859825443151549, "-0.09999999999999987": 0.8610689436923799, "0.0": 0.8636930160295494, "0.10000000000000009": 0.867120706947324, "0.20000000000000018": 0.8704182049634785, "0.30000000000000027": 0.8723950683874112, "0.40000000000000036": 0.8717604887213476, "0.5": 0.8673139825332328, "0.6000000000000001": 0.8581419260333272, "0.7000000000000002": 0.8437890295066429, "0.8000000000000003": 0.8243766855082799, "0.9000000000000004": 0.8006476935927277, "1.0": 0.7739279043058522, "1.1": 0.7460079655581474, "1.2000000000000002": 0.7189604561940658, "1.3000000000000003": 0.6949172349568041, "1.4000000000000004": 0.6758372795425545, "1.5": 0.66329584995654, "1.6": 0.6583215656787346, "1.7000000000000002": 0.6612998529237143, "1.8000000000000003": 0.6719507516395051, "1.9000000000000004": 0.6893781590188789}