{"-2.0": 0.8676781993227719, "-1.9": 0.864950839693707, "-1.8": 0.8617474565191071, "-1.7": 0.8586972423499941, "-1.6": 0.8564876915400502, "-1.5": 0.8557100095789054, "-1.4": 0.8567015307548305, "-1.2999999999999998": 0.8594168907574053, "-1.2": 0.8633569483505047, "-1.1": 0.8675758452220926, "-1.0": 0.8707734689422586, "-0.8999999999999999": 0.871465210508662, "-0.7999999999999998": 0.8682060860352213, "-0.7": 0.8598348322996003, "-0.5999999999999999": 0.8456977703063586, "-0.5": 0.8258133626998952, "-0.3999999999999999": 0.8009465190583909, "-0.2999999999999998": 0.7725755820902063, "-0.19999999999999996": 0.7427522210063012, "-0.09999999999999987": 0.713872153419262, "0.0": 0.6883895752596909, "0.10000000000000009": 0.668517715569851, "0.20000000000000018": 0.6559603233050127, "0.30000000000000027": 0.6517136950783422, "0.40000000000000036": 0.6559669982809238, "0.5": 0.6681122700269309, "0.6000000000000001": 0.6868575248261111, "0.7000000000000002": 0.7104200896554791, "0.8000000000000003": 0.7367654751787587, "0.9000000000000004": 0.7638517891316966, "1.0": 0.7898416708585078, "1.1": 0.8132523779851697, "1.2000000000000002": 0.8330281545407018, "1.3000000000000003": 0.8485346492367318, "1.4000000000000004": 0.8594898826142741, "1.5": 0.8658572758370511, "1.6": 0.8677315267964866, "1.7000000000000002": 0.8652467890189607, "1.8000000000000003": 0.8585291309099858, "1.9000000000000004": 0.8477032963046012}