{"-2.0": 0.8824101551846397, "-1.9": 0.8787929912517032, "-1.8": 0.8773345625457029, "-1.7": 0.8786169085318902, "-1.6": 0.8826327970748704, "-1.5": 0.8886455575996666, "-1.4": 0.8951660798384775, "-1.2999999999999998": 0.9000670656804924, "-1.2": 0.9008315863969839, "-1.1": 0.8949085424273057, "-1.0": 0.8801261117047979, "-0.8999999999999999": 0.8550997772634227, "-0.7999999999999998": 0.819567063356013, "-0.7": 0.7745880475345479, "-0.5999999999999999": 0.722568452659776, "-0.5": 0.6670881218175407, "-0.3999999999999999": 0.6125478559755982, "-0.2999999999999998": 0.5636769918888778, "-0.19999999999999996": 0.5249677376223321, "-0.09999999999999987": 0.5001160390361018, "0.0": 0.4915500888841205, "0.10000000000000009": 0.5001160390361014, "0.20000000000000018": 0.5249677376223317, "0.30000000000000027": 0.5636769918888778, "0.40000000000000036": 0.6125478559755972, "0.5": 0.6670881218175411, "0.6000000000000001": 0.7225684526597759, "0.7000000000000002": 0.7745880475345472, "0.8000000000000003": 0.8195670633560103, "0.9000000000000004": 0.8550997772634215, "1.0": 0.8801261117047977, "1.1": 0.8949085424273072, "1.2000000000000002": 0.9008315863969854, "1.3000000000000003": 0.900067065680493, "1.4000000000000004": 0.8951660798384762, "1.5": 0.8886455575996677, "1.6": 0.8826327970748706, "1.7000000000000002": 0.8786169085318911, "1.8000000000000003": 0.8773345625457066, "1.9000000000000004": 0.878792991251704}