{"-2.0": 0.8346527668339698, "-1.9": 0.8362331483477183, "-1.8": 0.837902726546234, "-1.7": 0.8392406088947957, "-1.6": 0.8398588756294219, "-1.5": 0.8394942091028957, "-1.4": 0.838079216821987, "-1.2999999999999998": 0.8357762553683817, "-1.2": 0.8329631791395993, "-1.1": 0.8301695862651777, "-1.0": 0.8279721105066904, "-0.8999999999999999": 0.8268661860893967, "-0.7999999999999998": 0.8271377123351886, "-0.7": 0.8287598810215666, "-0.5999999999999999": 0.8313375690799082, "-0.5": 0.8341144822798294, "-0.3999999999999999": 0.8360478287166913, "-0.2999999999999998": 0.8359434957932514, "-0.19999999999999996": 0.8326335949662349, "-0.09999999999999987": 0.8251698390056251, "0.0": 0.8130020907895154, "0.10000000000000009": 0.7961123950420438, "0.20000000000000018": 0.7750808055457661, "0.30000000000000027": 0.7510693966176382, "0.40000000000000036": 0.725723331665583, "0.5": 0.7010006711461446, "0.6000000000000001": 0.678953610838532, "0.7000000000000002": 0.6614912523574572, "0.8000000000000003": 0.6501566624599502, "0.9000000000000004": 0.6459485425575072, "1.0": 0.6492108322307272, "1.1": 0.6596032792623227, "1.2000000000000002": 0.6761541868238754, "1.3000000000000003": 0.6973851277008494, "1.4000000000000004": 0.7214881549374924, "1.5": 0.7465302310375604, "1.6": 0.7706578770259188, "1.7000000000000002": 0.7922773185337035, "1.8000000000000003": 0.8101909383553707, "1.9000000000000004": 0.8236784290722211}