{"-2.0": 0.8401025316247098, "-1.9": 0.8412384725526938, "-1.8": 0.8397259472768939, "-1.7": 0.8352872765354163, "-1.6": 0.8280728887051452, "-1.5": 0.818673938528753, "-1.4": 0.8080630396651203, "-1.2999999999999998": 0.7974685145336486, "-1.2": 0.7881996123915563, "-1.1": 0.7814497652063882, "-1.0": 0.7781102375221065, "-0.8999999999999999": 0.7786262782225712, "-0.7999999999999998": 0.7829218575869064, "-0.7": 0.7904080853783475, "-0.5999999999999999": 0.800076221166376, "-0.5": 0.8106612418617474, "-0.3999999999999999": 0.8208489063826133, "-0.2999999999999998": 0.8294905991267065, "-0.19999999999999996": 0.8357876909780473, "-0.09999999999999987": 0.8394114317065738, "0.0": 0.8405349695925304, "0.10000000000000009": 0.839769306819566, "0.20000000000000018": 0.8380122661660248, "0.30000000000000027": 0.8362358267031438, "0.40000000000000036": 0.8352495175014324, "0.5": 0.835483583760002, "0.6000000000000001": 0.8368340577381398, "0.7000000000000002": 0.8386026929177787, "0.8000000000000003": 0.839549319596755, "0.9000000000000004": 0.8380550607233002, "1.0": 0.8323752394193169, "1.1": 0.820944114655076, "1.2000000000000002": 0.8026827733468442, "1.3000000000000003": 0.777258604795119, "1.4000000000000004": 0.7452504820631564, "1.5": 0.7081873057695587, "1.6": 0.6684468109679949, "1.7000000000000002": 0.6290233821065042, "1.8000000000000003": 0.5931944794187507, "1.9000000000000004": 0.5641317084471125}