{"-2.0": 0.8677188149292713, "-1.9": 0.8676868002087618, "-1.8": 0.8685771275742868, "-1.7": 0.8702521564091049, "-1.6": 0.8723804916911763, "-1.5": 0.8744960187230953, "-1.4": 0.8760907020779594, "-1.2999999999999998": 0.8767234132002284, "-1.2": 0.8761225468632413, "-1.1": 0.8742600066220778, "-1.0": 0.8713785245029534, "-0.8999999999999999": 0.8679625690284161, "-0.7999999999999998": 0.8646538266722218, "-0.7": 0.8621234158169487, "-0.5999999999999999": 0.860922447362595, "-0.5": 0.8613383733990022, "-0.3999999999999999": 0.8632854851740639, "-0.2999999999999998": 0.8662535466106432, "-0.19999999999999996": 0.8693294816757399, "-0.09999999999999987": 0.8712947734953966, "0.0": 0.8707879162612838, "0.10000000000000009": 0.8665092715720916, "0.20000000000000018": 0.8574372110735055, "0.30000000000000027": 0.8430210691909945, "0.40000000000000036": 0.8233188757805524, "0.5": 0.7990557477016368, "0.6000000000000001": 0.7715908743059828, "0.7000000000000002": 0.7427951816738677, "0.8000000000000003": 0.7148555888809202, "0.9000000000000004": 0.6900329382328763, "1.0": 0.6704073496863623, "1.1": 0.6576458989187148, "1.2000000000000002": 0.6528231193763191, "1.3000000000000003": 0.6563158225190175, "1.4000000000000004": 0.6677818314780385, "1.5": 0.6862195814365528, "1.6": 0.7100943322100468, "1.7000000000000002": 0.7375087672173974, "1.8000000000000003": 0.766392128676731, "1.9000000000000004": 0.7946830050320001}