{"-2.0": 0.84061129246851, "-1.9": 0.8386108661542532, "-1.8": 0.8366494048253534, "-1.7": 0.8351671973548084, "-1.6": 0.8345651195118053, "-1.5": 0.8351034686939082, "-1.4": 0.8368123288024076, "-1.2999999999999998": 0.8394316453885234, "-1.2": 0.8423955323514675, "-1.1": 0.8448688801844374, "-1.0": 0.8458360623854402, "-0.8999999999999999": 0.8442327575732234, "-0.7999999999999998": 0.8391040672420375, "-0.7": 0.8297665505268165, "-0.5999999999999999": 0.8159495209895488, "-0.5": 0.7978924535852426, "-0.3999999999999999": 0.7763805346848167, "-0.2999999999999998": 0.7527085684737633, "-0.19999999999999996": 0.7285734579925652, "-0.09999999999999987": 0.7059058324674925, "0.0": 0.6866605422249019, "0.10000000000000009": 0.6725922999905567, "0.20000000000000018": 0.6650457009817382, "0.30000000000000027": 0.6647877215999947, "0.40000000000000036": 0.6719056950464433, "0.5": 0.6857853872330387, "0.6000000000000001": 0.7051733138097628, "0.7000000000000002": 0.728316310091164, "0.8000000000000003": 0.7531611320896114, "0.9000000000000004": 0.7775889308067417, "1.0": 0.7996548710703844, "1.1": 0.817802552531069, "1.2000000000000002": 0.8310262800894637, "1.3000000000000003": 0.8389611318432835, "1.4000000000000004": 0.8418902346782922, "1.5": 0.8406694120569885, "1.6": 0.8365800032267133, "1.7000000000000002": 0.8311297996148136, "1.8000000000000003": 0.8258285518579411, "1.9000000000000004": 0.8219675758377373}