{"-2.0": 0.8470392414272874, "-1.9": 0.8461396430226911, "-1.8": 0.8411026100684399, "-1.7": 0.8317063152983265, "-1.6": 0.818290724614386, "-1.5": 0.8017601378341459, "-1.4": 0.7835043489989434, "-1.2999999999999998": 0.7652453051275661, "-1.2": 0.7488280565647039, "-1.1": 0.7359843375244702, "-1.0": 0.7281026245667667, "-0.8999999999999999": 0.7260389134465243, "-0.7999999999999998": 0.7299974462942096, "-0.7": 0.739500804044216, "-0.5999999999999999": 0.753455560087874, "-0.5": 0.770305087487827, "-0.3999999999999999": 0.7882474374328369, "-0.2999999999999998": 0.8054856962886492, "-0.19999999999999996": 0.8204726659401163, "-0.09999999999999987": 0.8321121194567399, "0.0": 0.8398853328339312, "0.10000000000000009": 0.843883168489055, "0.20000000000000018": 0.844738914091589, "0.30000000000000027": 0.843473004465753, "0.40000000000000036": 0.8412751118486264, "0.5": 0.8392595301271669, "0.6000000000000001": 0.8382345534369288, "0.7000000000000002": 0.8385248081116163, "0.8000000000000003": 0.8398774372338665, "0.9000000000000004": 0.841469883975378, "1.0": 0.8420208349022479, "1.1": 0.8399892352504642, "1.2000000000000002": 0.8338318342428058, "1.3000000000000003": 0.8222797797237975, "1.4000000000000004": 0.8045909621504557, "1.5": 0.7807377384543068, "1.6": 0.7514989031604576, "1.7000000000000002": 0.7184388764253817, "1.8000000000000003": 0.6837738447926244, "1.9000000000000004": 0.6501414163003328}