{"-2.0": 0.8644684984362863, "-1.9": 0.8662523526983703, "-1.8": 0.8682354735417369, "-1.7": 0.8699392587183054, "-1.6": 0.8709058043894556, "-1.5": 0.8708051814230902, "-1.4": 0.8695231859535423, "-1.2999999999999998": 0.8672081511386441, "-1.2": 0.8642624292281846, "-1.1": 0.8612747084040716, "-1.0": 0.8589014564499389, "-0.8999999999999999": 0.8577171009356801, "-0.7999999999999998": 0.8580607231856577, "-0.7": 0.8599102346843344, "-0.5999999999999999": 0.862812293303557, "-0.5": 0.8658877962612359, "-0.3999999999999999": 0.8679199764407952, "-0.2999999999999998": 0.8675171585755302, "-0.19999999999999996": 0.8633278419177112, "-0.09999999999999987": 0.8542747047952016, "0.0": 0.8397685847789064, "0.10000000000000009": 0.8198647213850672, "0.20000000000000018": 0.7953315729954304, "0.30000000000000027": 0.7676160901826174, "0.40000000000000036": 0.7387061419435518, "0.5": 0.7109079024802549, "0.6000000000000001": 0.6865703622077353, "0.7000000000000002": 0.6677981383966539, "0.8000000000000003": 0.6561957887460853, "0.9000000000000004": 0.6526814979571484, "1.0": 0.657396275017134, "1.1": 0.6697187936371259, "1.2000000000000002": 0.688378625513816, "1.3000000000000003": 0.7116449795012567, "1.4000000000000004": 0.7375569373836088, "1.5": 0.764156465282193, "1.6": 0.7896878548824539, "1.7000000000000002": 0.812736050622901, "1.8000000000000003": 0.8322896912851494, "1.9000000000000004": 0.8477299516674204}