{"-2.0": 0.8480675749033285, "-1.9": 0.848506908064014, "-1.8": 0.8485892489252672, "-1.7": 0.8482414949454211, "-1.6": 0.8474655774716271, "-1.5": 0.8463501593999082, "-1.4": 0.845066354064202, "-1.2999999999999998": 0.8438445976048629, "-1.2": 0.842932915038399, "-1.1": 0.8425405420208463, "-1.0": 0.8427745774548046, "-0.8999999999999999": 0.8435803117813265, "-0.7999999999999998": 0.8446973861053774, "-0.7": 0.8456434385910794, "-0.5999999999999999": 0.8457341383964294, "-0.5": 0.8441436398548485, "-0.3999999999999999": 0.8400030787930164, "-0.2999999999999998": 0.8325277174859089, "-0.19999999999999996": 0.8211569043523435, "-0.09999999999999987": 0.8056863783380274, "0.0": 0.786370672633357, "0.10000000000000009": 0.7639751278319383, "0.20000000000000018": 0.7397624296608358, "0.30000000000000027": 0.7154071296949504, "0.40000000000000036": 0.69284217640579, "0.5": 0.6740525053187707, "0.6000000000000001": 0.6608404132474869, "0.7000000000000002": 0.6545940460568985, "0.8000000000000003": 0.6560925133159269, "0.9000000000000004": 0.6653781977724188, "1.0": 0.6817188526733203, "1.1": 0.7036700223910075, "1.2000000000000002": 0.7292338687823005, "1.3000000000000003": 0.7560958234625577, "1.4000000000000004": 0.7819079591431788, "1.5": 0.8045796978228514, "1.6": 0.8225339722430287, "1.7000000000000002": 0.8348908759341644, "1.8000000000000003": 0.8415508016463099, "1.9000000000000004": 0.843163704282973}