{"-2.0": 0.8829458869580344, "-1.9": 0.8849545895663603, "-1.8": 0.8864164039848832, "-1.7": 0.8869414962328205, "-1.6": 0.8862945179841409, "-1.5": 0.8844642426772966, "-1.4": 0.8816943204281108, "-1.2999999999999998": 0.8784629928215776, "-1.2": 0.8754084140660341, "-1.1": 0.8732067625695065, "-1.0": 0.8724207014982366, "-0.8999999999999999": 0.8733439160518831, "-0.7999999999999998": 0.8758716147270057, "-0.7": 0.8794258324704681, "-0.5999999999999999": 0.8829577982124911, "-0.5": 0.8850382210235996, "-0.3999999999999999": 0.8840317573541546, "-0.2999999999999998": 0.8783365146011336, "-0.19999999999999996": 0.8666559243646224, "-0.09999999999999987": 0.8482612444496747, "0.0": 0.823200272410151, "0.10000000000000009": 0.7924125257106736, "0.20000000000000018": 0.7577228869808437, "0.30000000000000027": 0.7217030032337685, "0.40000000000000036": 0.6874099973411353, "0.5": 0.6580320836804023, "0.6000000000000001": 0.6364871435740888, "0.7000000000000002": 0.6250303252731653, "0.8000000000000003": 0.6249283631810747, "0.9000000000000004": 0.6362509577979973, "1.0": 0.65781408141887, "1.1": 0.6872886943956218, "1.2000000000000002": 0.7214643126051503, "1.3000000000000003": 0.7566338994686839, "1.4000000000000004": 0.7890482946127164, "1.5": 0.8153777520883648, "1.6": 0.8331168600278859, "1.7000000000000002": 0.8408773787118968, "1.8000000000000003": 0.8385300658488245, "1.9000000000000004": 0.8271787458221272}