{"-2.0": 0.8309291795568234, "-1.9": 0.8289418291640646, "-1.8": 0.8267723947740884, "-1.7": 0.824919248065781, "-1.6": 0.8238732941574257, "-1.5": 0.8239930626788636, "-1.4": 0.825389661599846, "-1.2999999999999998": 0.8278465950470337, "-1.2": 0.8307946558605679, "-1.1": 0.8333530065278231, "-1.0": 0.8344357216462884, "-0.8999999999999999": 0.8329106409202465, "-0.7999999999999998": 0.8277867252745557, "-0.7": 0.8183993115813772, "-0.5999999999999999": 0.8045611453471582, "-0.5": 0.7866512990761307, "-0.3999999999999999": 0.765623454580119, "-0.2999999999999998": 0.7429279675241572, "-0.19999999999999996": 0.7203563815427877, "-0.09999999999999987": 0.6998300860360044, "0.0": 0.6831642857570689, "0.10000000000000009": 0.6718426777573576, "0.20000000000000018": 0.6668364713864305, "0.30000000000000027": 0.6684939878559062, "0.40000000000000036": 0.6765154034435108, "0.5": 0.6900133759190836, "0.6000000000000001": 0.7076467896522279, "0.7000000000000002": 0.7278040286886911, "0.8000000000000003": 0.7488058435112698, "0.9000000000000004": 0.7690969422174728, "1.0": 0.7873998060937859, "1.1": 0.8028128178940351, "1.2000000000000002": 0.8148457707968408, "1.3000000000000003": 0.8233970039845978, "1.4000000000000004": 0.8286856685456947, "1.5": 0.8311583352374942, "1.6": 0.8313904792159477, "1.7000000000000002": 0.8300004163606974, "1.8000000000000003": 0.8275870023676493, "1.9000000000000004": 0.8246944682583229}