{"-2.0": 0.6988950537201932, "-1.9": 0.724377220542274, "-1.8": 0.7506707797612567, "-1.7": 0.775641052419192, "-1.6": 0.7974699813914874, "-1.5": 0.8148520784168689, "-1.4": 0.8271151055358532, "-1.2999999999999998": 0.834250534548608, "-1.2": 0.8368523267338828, "-1.1": 0.8359762316454069, "-1.0": 0.8329434800354744, "-0.8999999999999999": 0.8291206034866567, "-0.7999999999999998": 0.8257099156340798, "-0.7": 0.823582509337791, "-0.5999999999999999": 0.8231779184882819, "-0.5": 0.824483136250605, "-0.3999999999999999": 0.8270903591129173, "-0.2999999999999998": 0.8303198278833889, "-0.19999999999999996": 0.8333835966029224, "-0.09999999999999987": 0.8355597032105163, "0.0": 0.8363450713383046, "0.10000000000000009": 0.8355597032105171, "0.20000000000000018": 0.8333835966029215, "0.30000000000000027": 0.8303198278833896, "0.40000000000000036": 0.8270903591129183, "0.5": 0.8244831362506045, "0.6000000000000001": 0.8231779184882807, "0.7000000000000002": 0.8235825093377911, "0.8000000000000003": 0.8257099156340759, "0.9000000000000004": 0.8291206034866578, "1.0": 0.8329434800354729, "1.1": 0.8359762316454056, "1.2000000000000002": 0.8368523267338824, "1.3000000000000003": 0.8342505345486078, "1.4000000000000004": 0.8271151055358532, "1.5": 0.814852078416868, "1.6": 0.7974699813914867, "1.7000000000000002": 0.7756410524191912, "1.8000000000000003": 0.750670779761258, "1.9000000000000004": 0.7243772205422765}