{"-2.0": 0.8529540555980748, "-1.9": 0.8527712149203656, "-1.8": 0.8541449703850076, "-1.7": 0.8567779091023638, "-1.6": 0.8599284696792309, "-1.5": 0.8624667224675541, "-1.4": 0.8630141074041945, "-1.2999999999999998": 0.8601505436463369, "-1.2": 0.8526581484665096, "-1.1": 0.8397614068234972, "-1.0": 0.8213210810027368, "-0.8999999999999999": 0.7979442992354002, "-0.7999999999999998": 0.7709855504004814, "-0.7": 0.7424308075695383, "-0.5999999999999999": 0.7146767233705661, "-0.5": 0.6902352783099712, "-0.3999999999999999": 0.6714080324510943, "-0.2999999999999998": 0.659980602720704, "-0.19999999999999996": 0.6569858039567, "-0.09999999999999987": 0.6625732466882278, "0.0": 0.6760058247754298, "0.10000000000000009": 0.6957824546557752, "0.20000000000000018": 0.7198653700181369, "0.30000000000000027": 0.7459729988726741, "0.40000000000000036": 0.7718890676834808, "0.5": 0.7957369655917905, "0.6000000000000001": 0.8161758412013762, "0.7000000000000002": 0.8324900161876616, "0.8000000000000003": 0.8445632923978833, "0.9000000000000004": 0.8527509094638825, "1.0": 0.8576803681730814, "1.1": 0.8600246709043519, "1.2000000000000002": 0.8602954891127038, "1.3000000000000003": 0.8586986609909552, "1.4000000000000004": 0.8550812585531987, "1.5": 0.8489807593818852, "1.6": 0.8397661681701748, "1.7000000000000002": 0.8268421820478107, "1.8000000000000003": 0.8098742419761036, "1.9000000000000004": 0.7889870891335676}