{"-2.0": 0.8821434108325721, "-1.9": 0.8822867999946631, "-1.8": 0.8818530713644199, "-1.7": 0.8802252487623561, "-1.6": 0.8766090693946924, "-1.5": 0.8700988401545123, "-1.4": 0.8597830597366536, "-1.2999999999999998": 0.8448808951422442, "-1.2": 0.8248935162087238, "-1.1": 0.7997488924564644, "-1.0": 0.7699161169737534, "-0.8999999999999999": 0.7364664402205943, "-0.7999999999999998": 0.7010632155550519, "-0.7": 0.6658714726496263, "-0.5999999999999999": 0.6333888058947116, "-0.5": 0.6062111477089168, "-0.3999999999999999": 0.5867579660609709, "-0.2999999999999998": 0.5769896640872622, "-0.19999999999999996": 0.5781539631053901, "-0.09999999999999987": 0.5905968964318267, "0.0": 0.6136675752839549, "0.10000000000000009": 0.6457347871388218, "0.20000000000000018": 0.684319190250304, "0.30000000000000027": 0.7263293762254966, "0.40000000000000036": 0.7683756481717173, "0.5": 0.8071241773039302, "0.6000000000000001": 0.839647991265278, "0.7000000000000002": 0.8637310269861005, "0.8000000000000003": 0.8780873704920957, "0.9000000000000004": 0.8824690022735444, "1.0": 0.8776502596091931, "1.1": 0.8652936476036921, "1.2000000000000002": 0.8477171883188972, "1.3000000000000003": 0.8275959528539844, "1.4000000000000004": 0.8076380319072394, "1.5": 0.7902769834022643, "1.6": 0.7774186663736894, "1.7000000000000002": 0.770271134288108, "1.8000000000000003": 0.7692734655345755, "1.9000000000000004": 0.774125078996222}