{"-2.0": 0.82866656473726, "-1.9": 0.8281532694263982, "-1.8": 0.8283994574911093, "-1.7": 0.829430764750925, "-1.6": 0.8310334941364794, "-1.5": 0.8327377055574477, "-1.4": 0.8338501663798248, "-1.2999999999999998": 0.833536665271666, "-1.2": 0.8309436324981414, "-1.1": 0.8253408549679102, "-1.0": 0.8162619317307657, "-0.8999999999999999": 0.8036180497909279, "-0.7999999999999998": 0.7877639811153738, "-0.7": 0.7695023986309137, "-0.5999999999999999": 0.7500224417594801, "-0.5": 0.7307791938796673, "-0.3999999999999999": 0.7133304588937849, "-0.2999999999999998": 0.6991542246122061, "-0.19999999999999996": 0.689473268226378, "-0.09999999999999987": 0.6851120128025328, "0.0": 0.6864053080031914, "0.10000000000000009": 0.6931703359485296, "0.20000000000000018": 0.7047429008867223, "0.30000000000000027": 0.7200697219214981, "0.40000000000000036": 0.7378406514457816, "0.5": 0.7566401922507295, "0.6000000000000001": 0.7750968431087139, "0.7000000000000002": 0.7920115057416166, "0.8000000000000003": 0.806451624723174, "0.9000000000000004": 0.8178046405280234, "1.0": 0.8257912733400377, "1.1": 0.8304448069340611, "1.2000000000000002": 0.832065983584843, "1.3000000000000003": 0.8311639882332517, "1.4000000000000004": 0.8283925321911575, "1.5": 0.8244869965824618, "1.6": 0.8202050301726381, "1.7000000000000002": 0.8162700297057619, "1.8000000000000003": 0.813315453658523, "1.9000000000000004": 0.811828380941213}