{"-2.0": 0.8246528269344642, "-1.9": 0.8229673241876543, "-1.8": 0.8213426408751143, "-1.7": 0.8201991522195937, "-1.6": 0.8199060462067855, "-1.5": 0.8206693704135023, "-1.4": 0.822435736104222, "-1.2999999999999998": 0.8248347965116969, "-1.2": 0.8271782004231969, "-1.1": 0.8285231994928304, "-1.0": 0.8277970886512069, "-0.8999999999999999": 0.8239664074589573, "-0.7999999999999998": 0.8162247251013757, "-0.7": 0.804166976953394, "-0.5999999999999999": 0.7879180966187892, "-0.5": 0.7681894498642994, "-0.3999999999999999": 0.7462475477297145, "-0.2999999999999998": 0.7237938923003644, "-0.19999999999999996": 0.7027700746821272, "-0.09999999999999987": 0.685115632016384, "0.0": 0.6725151774754621, "0.10000000000000009": 0.666174191025042, "0.20000000000000018": 0.666658942567479, "0.30000000000000027": 0.673825897193238, "0.40000000000000036": 0.6868513602424169, "0.5": 0.7043556339797051, "0.6000000000000001": 0.7246005204040451, "0.7000000000000002": 0.745727375838668, "0.8000000000000003": 0.7659971610734461, "0.9000000000000004": 0.7839950053058853, "1.0": 0.7987694110334058, "1.1": 0.8098888574404085, "1.2000000000000002": 0.8174137796402352, "1.3000000000000003": 0.8217968271988203, "1.4000000000000004": 0.8237361573572258, "1.5": 0.824013151524646, "1.6": 0.8233462567140579, "1.7000000000000002": 0.8222867927036819, "1.8000000000000003": 0.8211718838107638, "1.9000000000000004": 0.8201364544806229}