{"-2.0": 0.8633094009997275, "-1.9": 0.8622638971134287, "-1.8": 0.8603676962450388, "-1.7": 0.8579141028351177, "-1.6": 0.8553944242627957, "-1.5": 0.8534037550626657, "-1.4": 0.8525060456394824, "-1.2999999999999998": 0.8530826133858197, "-1.2": 0.8551944326339035, "-1.1": 0.8584890322454246, "-1.0": 0.862177111755336, "-0.8999999999999999": 0.8650927515941228, "-0.7999999999999998": 0.8658361748311648, "-0.7": 0.862982087815835, "-0.5999999999999999": 0.8553227062474883, "-0.5": 0.8421054581971065, "-0.3999999999999999": 0.8232230639160698, "-0.2999999999999998": 0.7993190378947321, "-0.19999999999999996": 0.7717840453128858, "-0.09999999999999987": 0.7426360243903172, "0.0": 0.7142965777638998, "0.10000000000000009": 0.6892943552084845, "0.20000000000000018": 0.6699396476947941, "0.30000000000000027": 0.6580206074907273, "0.40000000000000036": 0.6545690901285168, "0.5": 0.6597333170976108, "0.6000000000000001": 0.6727771549650532, "0.7000000000000002": 0.692204806791565, "0.8000000000000003": 0.7159888260089278, "0.9000000000000004": 0.7418623269620601, "1.0": 0.7676261495633708, "1.1": 0.7914203660468699, "1.2000000000000002": 0.8119171327208419, "1.3000000000000003": 0.8284070792774109, "1.4000000000000004": 0.8407713879159161, "1.5": 0.8493527586862265, "1.6": 0.8547567015797405, "1.7000000000000002": 0.8576266791953482, "1.8000000000000003": 0.8584403366248617, "1.9000000000000004": 0.8573687529174931}