{"-2.0": 0.8459992027273918, "-1.9": 0.8448079192363132, "-1.8": 0.8442853554909266, "-1.7": 0.8446316566739088, "-1.6": 0.8458734441935379, "-1.5": 0.8477965933244695, "-1.4": 0.8499113313248884, "-1.2999999999999998": 0.8514636430656999, "-1.2": 0.8515002175963016, "-1.1": 0.8489849808206076, "-1.0": 0.8429551480559819, "-0.8999999999999999": 0.8326955544028808, "-0.7999999999999998": 0.8179036509903452, "-0.7": 0.7988155079206545, "-0.5999999999999999": 0.7762662777510048, "-0.5": 0.75166678715123, "-0.3999999999999999": 0.7268902212383825, "-0.2999999999999998": 0.7040773869786561, "-0.19999999999999996": 0.685383376290974, "-0.09999999999999987": 0.6727000377431862, "0.0": 0.6673952658009744, "0.10000000000000009": 0.6701102328381318, "0.20000000000000018": 0.6806488890906357, "0.30000000000000027": 0.6979811080896919, "0.40000000000000036": 0.7203636546380329, "0.5": 0.7455644363119526, "0.6000000000000001": 0.771158398101811, "0.7000000000000002": 0.7948509172785075, "0.8000000000000003": 0.8147789555145273, "0.9000000000000004": 0.82974271880088, "1.0": 0.8393309934109041, "1.1": 0.8439201248099356, "1.2000000000000002": 0.8445470992218267, "1.3000000000000003": 0.8426779834938035, "1.4000000000000004": 0.8399105571779417, "1.5": 0.8376612910519791, "1.6": 0.8368898665016704, "1.7000000000000002": 0.8379085546633287, "1.8000000000000003": 0.8403098647115587, "1.9000000000000004": 0.8430261931697478}