{"-2.0": 0.8600882240000643, "-1.9": 0.8616681951320757, "-1.8": 0.8632354695719461, "-1.7": 0.8643719537104179, "-1.6": 0.8647230999916928, "-1.5": 0.8640904667915112, "-1.4": 0.8624966924411378, "-1.2999999999999998": 0.8602046000476802, "-1.2": 0.8576805395778161, "-1.1": 0.8555033518841084, "-1.0": 0.8542323333710689, "-0.8999999999999999": 0.8542578270785578, "-0.7999999999999998": 0.8556643057314198, "-0.7": 0.8581364612833563, "-0.5999999999999999": 0.8609333261654744, "-0.5": 0.8629444785169124, "-0.3999999999999999": 0.8628277160585814, "-0.2999999999999998": 0.859211846457509, "-0.19999999999999996": 0.8509344211238672, "-0.09999999999999987": 0.8372751108574024, "0.0": 0.8181430028223893, "0.10000000000000009": 0.7941812228052817, "0.20000000000000018": 0.766764394790068, "0.30000000000000027": 0.7378816397384661, "0.40000000000000036": 0.709917154871061, "0.5": 0.6853584603021519, "0.6000000000000001": 0.6664758295223672, "0.7000000000000002": 0.6550226606871055, "0.8000000000000003": 0.6520042745814758, "0.9000000000000004": 0.6575520489282127, "1.0": 0.6709226485332774, "1.1": 0.6906213514509408, "1.2000000000000002": 0.7146277732515048, "1.3000000000000003": 0.7406853611645157, "1.4000000000000004": 0.7666059240102353, "1.5": 0.7905390155700533, "1.6": 0.8111634566022083, "1.7000000000000002": 0.8277732869525724, "1.8000000000000003": 0.8402502165861239, "1.9000000000000004": 0.8489355417919956}