{"-2.0": 0.8167753187917319, "-1.9": 0.8137075127031426, "-1.8": 0.8081353004121143, "-1.7": 0.8009143260040572, "-1.6": 0.7931059000858326, "-1.5": 0.785818947707937, "-1.4": 0.7800474394731217, "-1.2999999999999998": 0.7765299680331175, "-1.2": 0.775654232255856, "-1.1": 0.777421191911991, "-1.0": 0.781472996154404, "-0.8999999999999999": 0.7871774338002447, "-0.7999999999999998": 0.7937517234765747, "-0.7": 0.8004018280144969, "-0.5999999999999999": 0.8064513952675318, "-0.5": 0.8114372840528786, "-0.3999999999999999": 0.8151558616871597, "-0.2999999999999998": 0.817654435208879, "-0.19999999999999996": 0.8191732910917273, "-0.09999999999999987": 0.8200536585469703, "0.0": 0.8206335054281394, "0.10000000000000009": 0.8211550800348726, "0.20000000000000018": 0.8217050914890154, "0.30000000000000027": 0.8222009508208207, "0.40000000000000036": 0.8224260633486434, "0.5": 0.822105893089287, "0.6000000000000001": 0.821006756082081, "0.7000000000000002": 0.819033141562435, "0.8000000000000003": 0.8162982346230054, "0.9000000000000004": 0.8131466686592522, "1.0": 0.8101177179056862, "1.1": 0.8078494907816984, "1.2000000000000002": 0.8069378329939961, "1.3000000000000003": 0.8077749565820556, "1.4000000000000004": 0.8103998799683534, "1.5": 0.8143939173238259, "1.6": 0.8188490903675955, "1.7000000000000002": 0.8224260822223273, "1.8000000000000003": 0.8235030014136524, "1.9000000000000004": 0.8203994288463605}