{"-2.0": 0.8719097424184119, "-1.9": 0.8737500989488031, "-1.8": 0.8749181329639901, "-1.7": 0.8750355922245565, "-1.6": 0.8739217985622624, "-1.5": 0.8716512375532048, "-1.4": 0.8685619134844669, "-1.2999999999999998": 0.8652081516624587, "-1.2": 0.8622621149275081, "-1.1": 0.8603787338885218, "-1.0": 0.8600470063903604, "-0.8999999999999999": 0.8614550129201497, "-0.7999999999999998": 0.8643955042234076, "-0.7": 0.8682334139951494, "-0.5999999999999999": 0.8719469369257854, "-0.5": 0.8742415022604565, "-0.3999999999999999": 0.8737232021820239, "-0.2999999999999998": 0.8691072783113607, "-0.19999999999999996": 0.8594301247294269, "-0.09999999999999987": 0.844231278374766, "0.0": 0.8236754803237603, "0.10000000000000009": 0.7985935564673812, "0.20000000000000018": 0.7704331403715321, "0.30000000000000027": 0.7411240669300639, "0.40000000000000036": 0.7128762671149621, "0.5": 0.6879380198738301, "0.6000000000000001": 0.6683478468089397, "0.7000000000000002": 0.6557133815673943, "0.8000000000000003": 0.651045378546005, "0.9000000000000004": 0.6546657159891364, "1.0": 0.6661965494975846, "1.1": 0.6846257759619612, "1.2000000000000002": 0.7084337124873308, "1.3000000000000003": 0.7357589900102061, "1.4000000000000004": 0.7645790104148075, "1.5": 0.7928819811654398, "1.6": 0.8188127757519739, "1.7000000000000002": 0.8407823034146644, "1.8000000000000003": 0.8575380210744699, "1.9000000000000004": 0.8682000335214913}