{"-2.0": 0.8839340299332609, "-1.9": 0.8831790591135867, "-1.8": 0.8826086417288701, "-1.7": 0.882426913385074, "-1.6": 0.8827759849898938, "-1.5": 0.8836949210622803, "-1.4": 0.8850953262034548, "-1.2999999999999998": 0.8867610496690054, "-1.2": 0.8883754439987633, "-1.1": 0.889574267693062, "-1.0": 0.8900166532779964, "-0.8999999999999999": 0.8894617009617685, "-0.7999999999999998": 0.8878353031688898, "-0.7": 0.8852715964011685, "-0.5999999999999999": 0.8821163576074298, "-0.5": 0.8788855147460989, "-0.3999999999999999": 0.8761799254821517, "-0.2999999999999998": 0.8745663880049802, "-0.19999999999999996": 0.8744428762250398, "-0.09999999999999987": 0.8759116103030166, "0.0": 0.878685444449871, "0.10000000000000009": 0.8820504096523071, "0.20000000000000018": 0.8849000884050828, "0.30000000000000027": 0.8858466546325263, "0.40000000000000036": 0.8834004686824226, "0.5": 0.8761971810236693, "0.6000000000000001": 0.8632406568764597, "0.7000000000000002": 0.8441237583917156, "0.8000000000000003": 0.8191885794651484, "0.9000000000000004": 0.7895936841082286, "1.0": 0.7572677513641921, "1.1": 0.7247452324179766, "1.2000000000000002": 0.6948977936605185, "1.3000000000000003": 0.6705925909944741, "1.4000000000000004": 0.6543219200905461, "1.5": 0.6478561126997324, "1.6": 0.6519711986970917, "1.7000000000000002": 0.6662945151145688, "1.8000000000000003": 0.6892960921686175, "1.9000000000000004": 0.7184334277136379}