{"-2.0": 0.8888641943914803, "-1.9": 0.8861877771648776, "-1.8": 0.884787229355083, "-1.7": 0.8851467610231605, "-1.6": 0.8873293836320708, "-1.5": 0.8908411819648432, "-1.4": 0.8945833476184695, "-1.2999999999999998": 0.8969147776204298, "-1.2": 0.8958297523653529, "-1.1": 0.8892343106925036, "-1.0": 0.8752851412123657, "-0.8999999999999999": 0.8527398472734531, "-0.7999999999999998": 0.8212603936681977, "-0.7": 0.7816142124094394, "-0.5999999999999999": 0.7357299747789341, "-0.5": 0.6865858031929668, "-0.3999999999999999": 0.6379335279108411, "-0.2999999999999998": 0.5938892818518103, "-0.19999999999999996": 0.5584437420215422, "-0.09999999999999987": 0.534960612504638, "0.0": 0.525736651529654, "0.10000000000000009": 0.531689562593666, "0.20000000000000018": 0.552222259137479, "0.30000000000000027": 0.5852860968919087, "0.40000000000000036": 0.627635788203085, "0.5": 0.6752397267285071, "0.6000000000000001": 0.7237861028202739, "0.7000000000000002": 0.7692112919412086, "0.8000000000000003": 0.8081747747789614, "0.9000000000000004": 0.8384145561227228, "1.0": 0.8589369482215347, "1.1": 0.8700212483180539, "1.2000000000000002": 0.8730487691029913, "1.3000000000000003": 0.8701920879359963, "1.4000000000000004": 0.8640200190978427, "1.5": 0.8570836946753024, "1.6": 0.8515480168344158, "1.7000000000000002": 0.8489212776194484, "1.8000000000000003": 0.8499163263207801, "1.9000000000000004": 0.8544529524891248}