{"-2.0": 0.8769288886258854, "-1.9": 0.871801480073441, "-1.8": 0.8666348457111975, "-1.7": 0.8620576210497661, "-1.6": 0.8587315574317511, "-1.5": 0.8572211204473006, "-1.4": 0.8578509503208944, "-1.2999999999999998": 0.8605769605254968, "-1.2": 0.8648985253393312, "-1.1": 0.8698357953531266, "-1.0": 0.873987738358469, "-0.8999999999999999": 0.87567406201207, "-0.7999999999999998": 0.8731496238420551, "-0.7": 0.864865733911917, "-0.5999999999999999": 0.849741519190847, "-0.5": 0.8274025379311389, "-0.3999999999999999": 0.7983446312431692, "-0.2999999999999998": 0.7639890034935475, "-0.19999999999999996": 0.7266089126239784, "-0.09999999999999987": 0.6891271301642945, "0.0": 0.6548036152419272, "0.10000000000000009": 0.6268513280394853, "0.20000000000000018": 0.6080316096869586, "0.30000000000000027": 0.6002865931542957, "0.40000000000000036": 0.6044633493045249, "0.5": 0.6201730027279495, "0.6000000000000001": 0.6458094175683207, "0.7000000000000002": 0.6787290341373665, "0.8000000000000003": 0.7155696086975694, "0.9000000000000004": 0.7526647570889063, "1.0": 0.7864966901247078, "1.1": 0.8141237237463751, "1.2000000000000002": 0.8335230188668074, "1.3000000000000003": 0.8438019532041309, "1.4000000000000004": 0.8452514743863777, "1.5": 0.8392385271193202, "1.6": 0.8279583949722653, "1.7000000000000002": 0.8140878031900641, "1.8000000000000003": 0.8003928149924014, "1.9000000000000004": 0.7893500119425675}