{"-2.0": 0.877311200266792, "-1.9": 0.8759065917746772, "-1.8": 0.8757643408708357, "-1.7": 0.8768740680548426, "-1.6": 0.8789939057564066, "-1.5": 0.8816851354039001, "-1.4": 0.8843931334436003, "-1.2999999999999998": 0.8865608093503883, "-1.2": 0.8877522172363681, "-1.1": 0.8877596224218331, "-1.0": 0.8866682768733476, "-0.8999999999999999": 0.8848597352259651, "-0.7999999999999998": 0.8829458045967606, "-0.7": 0.8816392069607824, "-0.5999999999999999": 0.8815810798687604, "-0.5": 0.8831566808637575, "-0.3999999999999999": 0.8863365842719908, "-0.2999999999999998": 0.8905796428382128, "-0.19999999999999996": 0.8948256711381865, "-0.09999999999999987": 0.8975912446698578, "0.0": 0.8971635399768492, "0.10000000000000009": 0.8918680194092544, "0.20000000000000018": 0.8803695762439598, "0.30000000000000027": 0.8619567553798504, "0.40000000000000036": 0.836757135589046, "0.5": 0.8058397351348144, "0.6000000000000001": 0.7711765399855415, "0.7000000000000002": 0.7354575109428575, "0.8000000000000003": 0.7017780432696414, "0.9000000000000004": 0.673240574430622, "1.0": 0.6525287648557943, "1.1": 0.6415202233539181, "1.2000000000000002": 0.6410004371515576, "1.3000000000000003": 0.6505265822378474, "1.4000000000000004": 0.6684672983642178, "1.5": 0.6922169389661718, "1.6": 0.7185548236668947, "1.7000000000000002": 0.7440963637045859, "1.8000000000000003": 0.7657676608162957, "1.9000000000000004": 0.7812309664480169}