{"-2.0": 0.8907115609536304, "-1.9": 0.8926815823894358, "-1.8": 0.8942053770971398, "-1.7": 0.8946583344091071, "-1.6": 0.8935552362895481, "-1.5": 0.8906791174083577, "-1.4": 0.8861674119074663, "-1.2999999999999998": 0.8805315217603629, "-1.2": 0.8745973311310973, "-1.1": 0.8693692187857786, "-1.0": 0.8658360390024042, "-0.8999999999999999": 0.8647512308364806, "-0.7999999999999998": 0.8664277822455515, "-0.7": 0.8705901368535565, "-0.5999999999999999": 0.8763184716817749, "-0.5": 0.8821067773862575, "-0.3999999999999999": 0.8860369724762498, "-0.2999999999999998": 0.8860501339719649, "-0.19999999999999996": 0.8802766429792236, "-0.09999999999999987": 0.867373305904117, "0.0": 0.8468101717758488, "0.10000000000000009": 0.8190542752319439, "0.20000000000000018": 0.7856116158409038, "0.30000000000000027": 0.748910311283181, "0.40000000000000036": 0.7120335626906635, "0.5": 0.6783365077896667, "0.6000000000000001": 0.6510017647229192, "0.7000000000000002": 0.6326007278398322, "0.8000000000000003": 0.6247290880175108, "0.9000000000000004": 0.6277750744165103, "1.0": 0.6408589863247955, "1.1": 0.6619558941797632, "1.2000000000000002": 0.6881843505341851, "1.3000000000000003": 0.7162174375146746, "1.4000000000000004": 0.742752969574102, "1.5": 0.7649704732076962, "1.6": 0.780905222490248, "1.7000000000000002": 0.7896836328582804, "1.8000000000000003": 0.7915872748593482, "1.9000000000000004": 0.7879407239888432}