{"-2.0": 0.8254172734074084, "-1.9": 0.8028125593265438, "-1.8": 0.7765072638963111, "-1.7": 0.7484279427724183, "-1.6": 0.7209172348802958, "-1.5": 0.6964449843084333, "-1.4": 0.6772881031783285, "-1.2999999999999998": 0.6652290145495092, "-1.2": 0.6613205420299522, "-1.1": 0.6657547679942857, "-1.0": 0.6778563642619293, "-0.8999999999999999": 0.6962001569638447, "-0.7999999999999998": 0.718831894371515, "-0.7": 0.7435540696474947, "-0.5999999999999999": 0.7682283005506811, "-0.5": 0.7910440600535912, "-0.3999999999999999": 0.810710786316849, "-0.2999999999999998": 0.8265452366173451, "-0.19999999999999996": 0.8384456443616474, "-0.09999999999999987": 0.8467651489474688, "0.0": 0.8521152283287062, "0.10000000000000009": 0.8551421027239331, "0.20000000000000018": 0.8563230497379665, "0.30000000000000027": 0.855824577819517, "0.40000000000000036": 0.8534514269695874, "0.5": 0.8486968798402961, "0.6000000000000001": 0.8408843825488195, "0.7000000000000002": 0.8293718775421058, "0.8000000000000003": 0.8137770724180773, "0.9000000000000004": 0.7941766254601342, "1.0": 0.7712359513581295, "1.1": 0.7462383915133339, "1.2000000000000002": 0.7210006489576962, "1.3000000000000003": 0.6976823119692996, "1.4000000000000004": 0.6785171190402075, "1.5": 0.6655086886847211, "1.6": 0.6601409681535021, "1.7000000000000002": 0.6631522531163979, "1.8000000000000003": 0.6744115422274188, "1.9000000000000004": 0.6929190438989408}