{"-2.0": 0.8337322273023627, "-1.9": 0.8330899263163066, "-1.8": 0.8319194251544396, "-1.7": 0.8304329012851748, "-1.6": 0.8289640973342928, "-1.5": 0.82790144148483, "-1.4": 0.8275956614054146, "-1.2999999999999998": 0.828258628065217, "-1.2": 0.8298738678063061, "-1.1": 0.8321390077005342, "-1.0": 0.8344561524523957, "-0.8999999999999999": 0.8359784213164485, "-0.7999999999999998": 0.8357109128150594, "-0.7": 0.832654014501698, "-0.5999999999999999": 0.8259681886099072, "-0.5": 0.8151338743998296, "-0.3999999999999999": 0.8000791243857734, "-0.2999999999999998": 0.7812514033258704, "-0.19999999999999996": 0.7596181046917349, "-0.09999999999999987": 0.7365914482986763, "0.0": 0.7138856101559551, "0.10000000000000009": 0.6933250709588007, "0.20000000000000018": 0.6766312905633942, "0.30000000000000027": 0.665218491977717, "0.40000000000000036": 0.6600279363683931, "0.5": 0.6614238680412328, "0.6000000000000001": 0.6691644367789917, "0.7000000000000002": 0.6824491319315427, "0.8000000000000003": 0.7000326569033226, "0.9000000000000004": 0.7203857165449385, "1.0": 0.7418774149768479, "1.1": 0.7629526764079745, "1.2000000000000002": 0.7822812647009779, "1.3000000000000003": 0.7988617344594047, "1.4000000000000004": 0.8120725245247844, "1.5": 0.8216716215162749, "1.6": 0.8277540443560777, "1.7000000000000002": 0.8306814877697627, "1.8000000000000003": 0.8310001100675527, "1.9000000000000004": 0.8293607067482198}