{"-2.0": 0.847376902381076, "-1.9": 0.8466159991790001, "-1.8": 0.8453592206021817, "-1.7": 0.8437852224964634, "-1.6": 0.8421700763339884, "-1.5": 0.8408443486356003, "-1.4": 0.8401311145614581, "-1.2999999999999998": 0.8402729103571156, "-1.2": 0.8413587573148168, "-1.1": 0.843264073973016, "-1.0": 0.8456160606817472, "-0.8999999999999999": 0.8477947785476305, "-0.7999999999999998": 0.8489757693464793, "-0.7": 0.8482141410656361, "-0.5999999999999999": 0.8445633567182637, "-0.5": 0.8372155136038296, "-0.3999999999999999": 0.8256447650024139, "-0.2999999999999998": 0.809732699675791, "-0.19999999999999996": 0.7898546693009452, "-0.09999999999999987": 0.7669095349922412, "0.0": 0.7422818770829215, "0.10000000000000009": 0.7177346398949539, "0.20000000000000018": 0.6952402778878205, "0.30000000000000027": 0.676768249416788, "0.40000000000000036": 0.6640546113080864, "0.5": 0.6583841165183982, "0.6000000000000001": 0.6604156360518323, "0.7000000000000002": 0.6700775447593975, "0.8000000000000003": 0.6865512630023234, "0.9000000000000004": 0.7083494644812917, "1.0": 0.7334821519633584, "1.1": 0.7596908245517349, "1.2000000000000002": 0.7847203247276124, "1.3000000000000003": 0.8065914071171911, "1.4000000000000004": 0.8238358010309657, "1.5": 0.8356599569368331, "1.6": 0.8420133095551918, "1.7000000000000002": 0.8435504569093477, "1.8000000000000003": 0.841492184494092, "1.9000000000000004": 0.8374054248201256}