{"-2.0": 0.8605861597272679, "-1.9": 0.8601476260918633, "-1.8": 0.8602967674867305, "-1.7": 0.8610773054997972, "-1.6": 0.8623616599757394, "-1.5": 0.8638625130984644, "-1.4": 0.8651851450212192, "-1.2999999999999998": 0.8659119453574848, "-1.2": 0.8657022536515723, "-1.1": 0.8643855512046095, "-1.0": 0.8620253659959265, "-0.8999999999999999": 0.8589355344287736, "-0.7999999999999998": 0.8556391357057054, "-0.7": 0.8527719589632373, "-0.5999999999999999": 0.8509445603018028, "-0.5": 0.8505873166783489, "-0.3999999999999999": 0.8518091054159657, "-0.2999999999999998": 0.8543007482546752, "-0.19999999999999996": 0.8573086304118074, "-0.09999999999999987": 0.8596926303122343, "0.0": 0.8600675116204665, "0.10000000000000009": 0.8570109119380265, "0.20000000000000018": 0.8493070412756697, "0.30000000000000027": 0.8361859850361532, "0.40000000000000036": 0.8175161196870596, "0.5": 0.7939124198916541, "0.6000000000000001": 0.7667357770318766, "0.7000000000000002": 0.7379759190094137, "0.8000000000000003": 0.7100301417642156, "0.9000000000000004": 0.6854083466706068, "1.0": 0.6664084680330479, "1.1": 0.6548126779294048, "1.2000000000000002": 0.6516524464043371, "1.3000000000000003": 0.6570798337974144, "1.4000000000000004": 0.6703650571319605, "1.5": 0.6900194037855641, "1.6": 0.7140216696687721, "1.7000000000000002": 0.7401092135310205, "1.8000000000000003": 0.7660845214729716, "1.9000000000000004": 0.7900867075403523}