{"-2.0": 0.859997762701278, "-1.9": 0.8573951454882303, "-1.8": 0.8502522209981447, "-1.7": 0.837991548085111, "-1.6": 0.8206678785623919, "-1.5": 0.7990441084214361, "-1.4": 0.7745613097480865, "-1.2999999999999998": 0.7491999275523779, "-1.2": 0.7252478310941795, "-1.1": 0.7050076789122975, "-1.0": 0.6904878698145768, "-0.8999999999999999": 0.6831258776013782, "-0.7999999999999998": 0.6835889266816723, "-0.7": 0.6916851743679423, "-0.5999999999999999": 0.7064007014096666, "-0.5": 0.7260567098297801, "-0.3999999999999999": 0.7485610480079573, "-0.2999999999999998": 0.7717121568251274, "-0.19999999999999996": 0.7935046873630419, "-0.09999999999999987": 0.8123860585695826, "0.0": 0.8274221993923894, "0.10000000000000009": 0.8383471264527754, "0.20000000000000018": 0.845491949519185, "0.30000000000000027": 0.8496106215673411, "0.40000000000000036": 0.8516383285187252, "0.5": 0.8524304557576976, "0.6000000000000001": 0.8525333494031827, "0.7000000000000002": 0.8520319673615129, "0.8000000000000003": 0.8505050570480587, "0.9000000000000004": 0.8470982988232578, "1.0": 0.8407035730608516, "1.1": 0.8302121989681069, "1.2000000000000002": 0.8147953695430667, "1.3000000000000003": 0.7941587665458685, "1.4000000000000004": 0.7687216691209009, "1.5": 0.7396832297726793, "1.6": 0.708957813064339, "1.7000000000000002": 0.6789839728401764, "1.8000000000000003": 0.6524337635564111, "1.9000000000000004": 0.631866730771402}