{"-2.0": 0.856712889337486, "-1.9": 0.8578411413956064, "-1.8": 0.8608896849245976, "-1.7": 0.86529331810371, "-1.6": 0.8700185041969033, "-1.5": 0.8736631430922125, "-1.4": 0.8746330358906313, "-1.2999999999999998": 0.8713721232577746, "-1.2": 0.8626128721894328, "-1.1": 0.8476077705513815, "-1.0": 0.826303886598845, "-0.8999999999999999": 0.7994298712440351, "-0.7999999999999998": 0.7684775021691431, "-0.7": 0.7355758253905241, "-0.5999999999999999": 0.7032724933950527, "-0.5": 0.6742512669064245, "-0.3999999999999999": 0.6510244518220364, "-0.2999999999999998": 0.6356426907620063, "-0.19999999999999996": 0.6294614956642086, "-0.09999999999999987": 0.6329948171581764, "0.0": 0.6458724396966274, "0.10000000000000009": 0.6669024180116583, "0.20000000000000018": 0.6942247552448186, "0.30000000000000027": 0.7255304942862465, "0.40000000000000036": 0.758313159162733, "0.5": 0.7901179318185705, "0.6000000000000001": 0.8187579316827835, "0.7000000000000002": 0.8424753682158184, "0.8000000000000003": 0.8600363356653318, "0.9000000000000004": 0.8707594527208204, "1.0": 0.8744883408432332, "1.1": 0.8715244797852894, "1.2000000000000002": 0.8625394257357134, "1.3000000000000003": 0.8484837484631829, "1.4000000000000004": 0.8305051775845007, "1.5": 0.8098817836852983, "1.6": 0.7879692680466087, "1.7000000000000002": 0.7661562057601542, "1.8000000000000003": 0.7458185537016075, "1.9000000000000004": 0.7282653954644455}