{"-2.0": 0.8578637457736112, "-1.9": 0.8569839931733835, "-1.8": 0.8582924995441357, "-1.7": 0.8617176093139179, "-1.6": 0.8667029703235676, "-1.5": 0.8722128603737533, "-1.4": 0.8768200707165847, "-1.2999999999999998": 0.8788705680274612, "-1.2": 0.8767059138900002, "-1.1": 0.8689135447110762, "-1.0": 0.8545684433650985, "-0.8999999999999999": 0.833428735462286, "-0.7999999999999998": 0.8060526835669221, "-0.7": 0.7738148149584616, "-0.5999999999999999": 0.7388129930100732, "-0.5": 0.7036739713347906, "-0.3999999999999999": 0.6712799046341803, "-0.2999999999999998": 0.6444500970087269, "-0.19999999999999996": 0.6256191142620627, "-0.09999999999999987": 0.6165532365896227, "0.0": 0.6181420049329931, "0.10000000000000009": 0.6302911951315372, "0.20000000000000018": 0.6519296063375886, "0.30000000000000027": 0.6811267409624145, "0.40000000000000036": 0.7153040836857327, "0.5": 0.7515113170791117, "0.6000000000000001": 0.7867319413024652, "0.7000000000000002": 0.8181811235739109, "0.8000000000000003": 0.8435620742767584, "0.9000000000000004": 0.8612549441835669, "1.0": 0.8704227011353941, "1.1": 0.871029920917278, "1.2000000000000002": 0.8637811778414561, "1.3000000000000003": 0.8499943045007174, "1.4000000000000004": 0.8314292691473333, "1.5": 0.8100954577362836, "1.6": 0.7880589969746304, "1.7000000000000002": 0.767268133559765, "1.8000000000000003": 0.749409589354958, "1.9000000000000004": 0.7358032970428616}