{"-2.0": 0.8825803997737336, "-1.9": 0.8822063985634683, "-1.8": 0.8819410932448829, "-1.7": 0.8817592408607675, "-1.6": 0.8815925773676923, "-1.5": 0.8813381669941438, "-1.4": 0.8808811647896593, "-1.2999999999999998": 0.8801287323794439, "-1.2": 0.8790479318335198, "-1.1": 0.8776976620101208, "-1.0": 0.8762439583352375, "-0.8999999999999999": 0.8749497505939781, "-0.7999999999999998": 0.8741344467038954, "-0.7": 0.8741048947854673, "-0.5999999999999999": 0.8750662760992489, "-0.5": 0.8770278775417147, "-0.3999999999999999": 0.8797230074806053, "-0.2999999999999998": 0.8825633249053432, "-0.19999999999999996": 0.8846448534591667, "-0.09999999999999987": 0.8848159855030391, "0.0": 0.8818076855831083, "0.10000000000000009": 0.8744144331803814, "0.20000000000000018": 0.8617032392454269, "0.30000000000000027": 0.8432195003072234, "0.40000000000000036": 0.8191544170521308, "0.5": 0.7904404447347, "0.6000000000000001": 0.7587490593805549, "0.7000000000000002": 0.7263782378133185, "0.8000000000000003": 0.6960336637976924, "0.9000000000000004": 0.6705252220249707, "1.0": 0.6524159009972058, "1.1": 0.6436710069788697, "1.2000000000000002": 0.645359444060346, "1.3000000000000003": 0.657454641499595, "1.4000000000000004": 0.6787707089684994, "1.5": 0.707051101103354, "1.6": 0.7392051282767474, "1.7000000000000002": 0.771665433109339, "1.8000000000000003": 0.8008206076361678, "1.9000000000000004": 0.8234645807316313}