{"-2.0": 0.7466861680933057, "-1.9": 0.770432581290856, "-1.8": 0.7912274566547155, "-1.7": 0.8080081106607301, "-1.6": 0.8202562078112378, "-1.5": 0.8279876243892887, "-1.4": 0.8316783412326024, "-1.2999999999999998": 0.8321431179388568, "-1.2": 0.8303883283052172, "-1.1": 0.8274613102780342, "-1.0": 0.8243161927771709, "-0.8999999999999999": 0.8217112144288452, "-0.7999999999999998": 0.820146169300129, "-0.7": 0.8198420026687973, "-0.5999999999999999": 0.8207587868929078, "-0.5": 0.8226440659199842, "-0.3999999999999999": 0.8251011954401882, "-0.2999999999999998": 0.8276667569362455, "-0.19999999999999996": 0.8298870141254414, "-0.09999999999999987": 0.8313851710102561, "0.0": 0.8319133355391465, "0.10000000000000009": 0.8313851710102549, "0.20000000000000018": 0.8298870141254415, "0.30000000000000027": 0.8276667569362443, "0.40000000000000036": 0.8251011954401894, "0.5": 0.8226440659199836, "0.6000000000000001": 0.8207587868929085, "0.7000000000000002": 0.8198420026687975, "0.8000000000000003": 0.8201461693001265, "0.9000000000000004": 0.821711214428846, "1.0": 0.8243161927771714, "1.1": 0.8274613102780344, "1.2000000000000002": 0.8303883283052161, "1.3000000000000003": 0.8321431179388583, "1.4000000000000004": 0.8316783412326029, "1.5": 0.8279876243892894, "1.6": 0.820256207811238, "1.7000000000000002": 0.8080081106607301, "1.8000000000000003": 0.7912274566547146, "1.9000000000000004": 0.7704325812908548}