{"-2.0": 0.880402747393481, "-1.9": 0.8820164995656323, "-1.8": 0.8831663036814221, "-1.7": 0.8831338833448079, "-1.6": 0.8811493884770141, "-1.5": 0.8764774462964665, "-1.4": 0.8685048714482448, "-1.2999999999999998": 0.8568187959451936, "-1.2": 0.8412655058156371, "-1.1": 0.8219831778061804, "-1.0": 0.7994054577482941, "-0.8999999999999999": 0.7742367571908849, "-0.7999999999999998": 0.7474036189965119, "-0.7": 0.7199889935966248, "-0.5999999999999999": 0.6931574680762587, "-0.5": 0.6680793518452591, "-0.3999999999999999": 0.6458602480542874, "-0.2999999999999998": 0.6274807259494726, "-0.19999999999999996": 0.6137484540153922, "-0.09999999999999987": 0.6052631471351205, "0.0": 0.6023933028910701, "0.10000000000000009": 0.6052631471351211, "0.20000000000000018": 0.6137484540153917, "0.30000000000000027": 0.6274807259494739, "0.40000000000000036": 0.6458602480542882, "0.5": 0.66807935184526, "0.6000000000000001": 0.6931574680762587, "0.7000000000000002": 0.7199889935966244, "0.8000000000000003": 0.7474036189965102, "0.9000000000000004": 0.7742367571908854, "1.0": 0.7994054577482951, "1.1": 0.8219831778061812, "1.2000000000000002": 0.841265505815636, "1.3000000000000003": 0.8568187959451957, "1.4000000000000004": 0.8685048714482455, "1.5": 0.8764774462964671, "1.6": 0.8811493884770126, "1.7000000000000002": 0.883133883344807, "1.8000000000000003": 0.8831663036814228, "1.9000000000000004": 0.8820164995656339}