{"-2.0": 0.8729333672739341, "-1.9": 0.8724022324636304, "-1.8": 0.8727057103000214, "-1.7": 0.8738408749636467, "-1.6": 0.8756191646807785, "-1.5": 0.8776930583528002, "-1.4": 0.8796177751077326, "-1.2999999999999998": 0.8809375662125719, "-1.2": 0.8812806128002372, "-1.1": 0.8804438183550429, "-1.0": 0.8784495417387923, "-0.8999999999999999": 0.8755605685302548, "-0.7999999999999998": 0.8722467227379808, "-0.7": 0.8691052797920717, "-0.5999999999999999": 0.8667462094721559, "-0.5": 0.8656606356765753, "-0.3999999999999999": 0.8660953508668919, "-0.2999999999999998": 0.8679568472561797, "-0.19999999999999996": 0.8707648583091842, "-0.09999999999999987": 0.8736682897558293, "0.0": 0.8755267517677756, "0.10000000000000009": 0.8750502396402619, "0.20000000000000018": 0.8709796049143962, "0.30000000000000027": 0.8622829674751669, "0.40000000000000036": 0.8483394144675437, "0.5": 0.8290818896392351, "0.6000000000000001": 0.8050760652368462, "0.7000000000000002": 0.7775204798282049, "0.8000000000000003": 0.7481640235607071, "0.9000000000000004": 0.7191483147063652, "1.0": 0.6927929212620104, "1.1": 0.671349224787155, "1.2000000000000002": 0.6567529218309832, "1.3000000000000003": 0.6504052191896372, "1.4000000000000004": 0.6530088456796725, "1.5": 0.6644777951631299, "1.6": 0.6839303830864489, "1.7000000000000002": 0.7097651152840188, "1.8000000000000003": 0.7398094045573738, "1.9000000000000004": 0.7715234912820697}