{"-2.0": 0.8668274050186645, "-1.9": 0.863335779095735, "-1.8": 0.8605100419729024, "-1.7": 0.858957928848713, "-1.6": 0.8591033320422171, "-1.5": 0.8610609408456757, "-1.4": 0.8645509865309758, "-1.2999999999999998": 0.8688742539612087, "-1.2": 0.8729582747205198, "-1.1": 0.8754738326110844, "-1.0": 0.875008619021336, "-0.8999999999999999": 0.8702742596463616, "-0.7999999999999998": 0.8603159391796233, "-0.7": 0.8446918157247629, "-0.5999999999999999": 0.8235928211113221, "-0.5": 0.7978818089936943, "-0.3999999999999999": 0.7690429824063001, "-0.2999999999999998": 0.7390461104956917, "-0.19999999999999996": 0.7101429538879994, "-0.09999999999999987": 0.6846234108501669, "0.0": 0.6645645339614907, "0.10000000000000009": 0.6516059077400401, "0.20000000000000018": 0.6467800126671369, "0.30000000000000027": 0.6504171174097588, "0.40000000000000036": 0.6621326211840336, "0.5": 0.6808926657332446, "0.6000000000000001": 0.705143291694751, "0.7000000000000002": 0.7329810836106762, "0.8000000000000003": 0.7623401168321732, "0.9000000000000004": 0.7911712516085752, "1.0": 0.8175947675046685, "1.1": 0.8400147032557354, "1.2000000000000002": 0.8571914120310742, "1.3000000000000003": 0.8682760934761802, "1.4000000000000004": 0.8728160744448101, "1.5": 0.8707416090422403, "1.6": 0.8623438919071134, "1.7000000000000002": 0.8482504512702467, "1.8000000000000003": 0.8293992610405445, "1.9000000000000004": 0.807008191516581}