{"-2.0": 0.8634515988311251, "-1.9": 0.8518078681121801, "-1.8": 0.8332055739479638, "-1.7": 0.8075500210985648, "-1.6": 0.7756289352877763, "-1.5": 0.7391234242157848, "-1.4": 0.7004919286384514, "-1.2999999999999998": 0.6627353501267048, "-1.2": 0.6290703129079422, "-1.1": 0.602552752654697, "-1.0": 0.5857031386085807, "-0.8999999999999999": 0.5801860063284978, "-0.7999999999999998": 0.5865897420880094, "-0.7": 0.604338683632627, "-0.5999999999999999": 0.6317507305788645, "-0.5": 0.6662327569739517, "-0.3999999999999999": 0.7045864774107256, "-0.2999999999999998": 0.7433820977912124, "-0.19999999999999996": 0.7793484079070367, "-0.09999999999999987": 0.8097271587593479, "0.0": 0.8325465326324069, "0.10000000000000009": 0.8467819267571928, "0.20000000000000018": 0.8523898037443628, "0.30000000000000027": 0.8502191070084211, "0.40000000000000036": 0.841821716140494, "0.5": 0.82919607082179, "0.6000000000000001": 0.8145047027889694, "0.7000000000000002": 0.7998063480557155, "0.8000000000000003": 0.7868370656380217, "0.9000000000000004": 0.776863850968943, "1.0": 0.7706207629887547, "1.1": 0.7683240049894872, "1.2000000000000002": 0.7697509560757585, "1.3000000000000003": 0.7743605325369898, "1.4000000000000004": 0.7814293444096563, "1.5": 0.7901798741425865, "1.6": 0.7998824850632829, "1.7000000000000002": 0.8099210062016249, "1.8000000000000003": 0.8198201917105215, "1.9000000000000004": 0.8292408389973076}