{"-2.0": 0.8674407842976251, "-1.9": 0.8689942011077616, "-1.8": 0.8697840970803291, "-1.7": 0.869497182943357, "-1.6": 0.8680472223906976, "-1.5": 0.8656178565163002, "-1.4": 0.8626481260092167, "-1.2999999999999998": 0.8597578525040865, "-1.2": 0.8576224053631003, "-1.1": 0.8568177169184823, "-1.0": 0.8576643671644577, "-0.8999999999999999": 0.8601023430018792, "-0.7999999999999998": 0.8636248289139726, "-0.7": 0.8672903919606659, "-0.5999999999999999": 0.8698196053839523, "-0.5": 0.8697668339436709, "-0.3999999999999999": 0.8657433859818456, "-0.2999999999999998": 0.8566572874109234, "-0.19999999999999996": 0.8419297450627949, "-0.09999999999999987": 0.8216501279737333, "0.0": 0.7966399321874189, "0.10000000000000009": 0.7684103565999362, "0.20000000000000018": 0.7390154004015812, "0.30000000000000027": 0.7108197691617423, "0.40000000000000036": 0.6862152495189147, "0.5": 0.6673279908073368, "0.6000000000000001": 0.6557607179337018, "0.7000000000000002": 0.6524079935933033, "0.8000000000000003": 0.657370310707716, "0.9000000000000004": 0.6699762573571539, "1.0": 0.6889042411297888, "1.1": 0.7123794711737661, "1.2000000000000002": 0.7384108626814326, "1.3000000000000003": 0.7650281248568174, "1.4000000000000004": 0.7904821366532802, "1.5": 0.8133810597234467, "1.6": 0.8327485333466081, "1.7000000000000002": 0.8480059676586991, "1.8000000000000003": 0.8588953426940248, "1.9000000000000004": 0.8653692825190151}