{"-2.0": 0.8857667025685404, "-1.9": 0.8818745402706748, "-1.8": 0.8785887528238417, "-1.7": 0.8765962591967138, "-1.6": 0.876378060994815, "-1.5": 0.8780409064758758, "-1.4": 0.8811932231040562, "-1.2999999999999998": 0.8848965967533129, "-1.2": 0.8877134748838211, "-1.1": 0.8878561994249998, "-1.0": 0.8834244516976892, "-0.8999999999999999": 0.8727008685793393, "-0.7999999999999998": 0.854461195071323, "-0.7": 0.8282485812457117, "-0.5999999999999999": 0.7945631700930875, "-0.5": 0.7549282109352495, "-0.3999999999999999": 0.7118113082942183, "-0.2999999999999998": 0.6684014620407698, "-0.19999999999999996": 0.6282657163384768, "-0.09999999999999987": 0.5949296181937821, "0.0": 0.5714397367477013, "0.10000000000000009": 0.5599716333651449, "0.20000000000000018": 0.5615417756084737, "0.30000000000000027": 0.5758675142573144, "0.40000000000000036": 0.6013975694213234, "0.5": 0.6355099446258363, "0.6000000000000001": 0.6748489401276251, "0.7000000000000002": 0.7157520855198808, "0.8000000000000003": 0.7547047504653304, "0.9000000000000004": 0.7887570090194593, "1.0": 0.8158444552081372, "1.1": 0.8349707990344118, "1.2000000000000002": 0.8462324296024808, "1.3000000000000003": 0.8506899391735275, "1.4000000000000004": 0.8501147503990187, "1.5": 0.8466567478117472, "1.6": 0.8424884614671135, "1.7000000000000002": 0.8394816135659908, "1.8000000000000003": 0.838963074777686, "1.9000000000000004": 0.841581359243963}