{"-2.0": 0.8892980783255919, "-1.9": 0.8906266860832405, "-1.8": 0.8912815894761859, "-1.7": 0.8908151148679514, "-1.6": 0.8889648779054367, "-1.5": 0.8857412878888742, "-1.4": 0.8814635837581035, "-1.2999999999999998": 0.8767294486597987, "-1.2": 0.8723158065045379, "-1.1": 0.8690227551465937, "-1.0": 0.8674859452308847, "-0.8999999999999999": 0.8679922665408228, "-0.7999999999999998": 0.8703371992269253, "-0.7": 0.8737584047490181, "-0.5999999999999999": 0.8769691931443546, "-0.5": 0.8782989368027667, "-0.3999999999999999": 0.8759280296948659, "-0.2999999999999998": 0.8681860821847934, "-0.19999999999999996": 0.8538672873367776, "-0.09999999999999987": 0.8325093381148598, "0.0": 0.8045838076036511, "0.10000000000000009": 0.7715568527856939, "0.20000000000000018": 0.735798089222353, "0.30000000000000027": 0.7003396009960047, "0.40000000000000036": 0.6685123215117614, "0.5": 0.6435090797210893, "0.6000000000000001": 0.6279384686482536, "0.7000000000000002": 0.6234384850176359, "0.8000000000000003": 0.6304123964263143, "0.9000000000000004": 0.6479322269816098, "1.0": 0.6738301757263607, "1.1": 0.7049692009662185, "1.2000000000000002": 0.7376556967458396, "1.3000000000000003": 0.7681343864283656, "1.4000000000000004": 0.7930921230157664, "1.5": 0.810095527600609, "1.6": 0.8178976666911265, "1.7000000000000002": 0.8165695870526966, "1.8000000000000003": 0.8074400712546425, "1.9000000000000004": 0.7928568753584226}