{"-2.0": 0.8837080477795974, "-1.9": 0.8846289557442844, "-1.8": 0.8844574049535553, "-1.7": 0.8822564557679929, "-1.6": 0.8770140492814309, "-1.5": 0.8677637550050664, "-1.4": 0.8537210127283695, "-1.2999999999999998": 0.8344177064928594, "-1.2": 0.809816344446521, "-1.1": 0.7803861948617085, "-1.0": 0.7471274547144234, "-0.8999999999999999": 0.7115355035510925, "-0.7999999999999998": 0.6755047606322452, "-0.7": 0.6411796001874779, "-0.5999999999999999": 0.6107670640010722, "-0.5": 0.586331681389942, "-0.3999999999999999": 0.5695957287302841, "-0.2999999999999998": 0.5617682547341615, "-0.19999999999999996": 0.5634231164169851, "-0.09999999999999987": 0.5744405088703657, "0.0": 0.594018808457522, "0.10000000000000009": 0.6207550306399188, "0.20000000000000018": 0.6527839888705261, "0.30000000000000027": 0.687959429146955, "0.40000000000000036": 0.7240558868013585, "0.5": 0.7589683075890247, "0.6000000000000001": 0.7908877242091434, "0.7000000000000002": 0.8184351976027598, "0.8000000000000003": 0.8407421778988041, "0.9000000000000004": 0.8574725216275534, "1.0": 0.8687886197546133, "1.1": 0.875270485699093, "1.2000000000000002": 0.8778014400127596, "1.3000000000000003": 0.8774367017427922, "1.4000000000000004": 0.8752715785784899, "1.5": 0.8723241920219894, "1.6": 0.8694442150119122, "1.7000000000000002": 0.8672545674681083, "1.8000000000000003": 0.8661281261955103, "1.9000000000000004": 0.8661969502261719}