{"-2.0": 0.8555489115966108, "-1.9": 0.8580142541082599, "-1.8": 0.8609130722620452, "-1.7": 0.863140849431197, "-1.6": 0.8633466357955332, "-1.5": 0.8601362482236609, "-1.4": 0.852312647734762, "-1.2999999999999998": 0.8391138746127701, "-1.2": 0.8204061747343406, "-1.1": 0.7967948448017973, "-1.0": 0.7696273401279259, "-0.8999999999999999": 0.7408804428494192, "-0.7999999999999998": 0.7129428409223807, "-0.7": 0.6883228427402514, "-0.5999999999999999": 0.6693247741964858, "-0.5": 0.6577442379042249, "-0.3999999999999999": 0.6546304721264936, "-0.2999999999999998": 0.6601536829850831, "-0.19999999999999996": 0.6735981348349122, "-0.09999999999999987": 0.6934809258313871, "0.0": 0.7177754357389634, "0.10000000000000009": 0.744201157138255, "0.20000000000000018": 0.7705311217467496, "0.30000000000000027": 0.794866306066553, "0.40000000000000036": 0.8158335619028255, "0.5": 0.8326784358824803, "0.6000000000000001": 0.8452439758160477, "0.7000000000000002": 0.8538476213584446, "0.8000000000000003": 0.8590866616840328, "0.9000000000000004": 0.8616151249988498, "1.0": 0.8619390794196062, "1.1": 0.8602724565035902, "1.2000000000000002": 0.8564826252941317, "1.3000000000000003": 0.8501365162640261, "1.4000000000000004": 0.8406376302802068, "1.5": 0.8274256576610066, "1.6": 0.810197217247208, "1.7000000000000002": 0.7891009324327996, "1.8000000000000003": 0.7648637307246547, "1.9000000000000004": 0.7388172452105537}