{"-2.0": 0.8233277992382138, "-1.9": 0.8218623571431853, "-1.8": 0.8209260431381155, "-1.7": 0.820844185083877, "-1.6": 0.821746976383753, "-1.5": 0.8234828898182334, "-1.4": 0.8255799870990577, "-1.2999999999999998": 0.8272696627226312, "-1.2": 0.8275759797010677, "-1.1": 0.8254609008367094, "-1.0": 0.820003873281037, "-0.8999999999999999": 0.8105857765579078, "-0.7999999999999998": 0.7970440174224513, "-0.7": 0.7797684250341612, "-0.5999999999999999": 0.7597162952759811, "-0.5": 0.738338052956934, "-0.3999999999999999": 0.7174202554694726, "-0.2999999999999998": 0.6988672912171695, "-0.19999999999999996": 0.6844544186364532, "-0.09999999999999987": 0.675590601077772, "0.0": 0.6731287573526202, "0.10000000000000009": 0.6772536239273756, "0.20000000000000018": 0.6874646908811759, "0.30000000000000027": 0.7026558993947988, "0.40000000000000036": 0.7212778124665515, "0.5": 0.7415546675202451, "0.6000000000000001": 0.7617204583225176, "0.7000000000000002": 0.7802363908294072, "0.8000000000000003": 0.7959569142437867, "0.9000000000000004": 0.8082220002269573, "1.0": 0.8168673497620746, "1.1": 0.8221590413885413, "1.2000000000000002": 0.8246719895328581, "1.3000000000000003": 0.8251400941796746, "1.4000000000000004": 0.8243086663123856, "1.5": 0.8228163108855888, "1.6": 0.8211248560455019, "1.7000000000000002": 0.8195040633064683, "1.8000000000000003": 0.8180652838024395, "1.9000000000000004": 0.8168275833762718}