{"-2.0": 0.8877230396957386, "-1.9": 0.884665345358407, "-1.8": 0.8821570830455503, "-1.7": 0.8806189835113457, "-1.6": 0.8803066257360289, "-1.5": 0.8812449484890936, "-1.4": 0.8832092656285653, "-1.2999999999999998": 0.8857603484847945, "-1.2": 0.8883296984738105, "-1.1": 0.8903397237273014, "-1.0": 0.8913346111579818, "-0.8999999999999999": 0.8910933291697867, "-0.7999999999999998": 0.8896976522144137, "-0.7": 0.8875354734058635, "-0.5999999999999999": 0.8852318465035617, "-0.5": 0.8835149896340563, "-0.3999999999999999": 0.8830390267365703, "-0.2999999999999998": 0.8841965393890056, "-0.19999999999999996": 0.8869595137284858, "-0.09999999999999987": 0.8907854539604658, "0.0": 0.8946161147137162, "0.10000000000000009": 0.8969807696065397, "0.20000000000000018": 0.8961967710996971, "0.30000000000000027": 0.8906408177332016, "0.40000000000000036": 0.8790485190398792, "0.5": 0.8607907673411436, "0.6000000000000001": 0.8360752228407329, "0.7000000000000002": 0.8060304729829342, "0.8000000000000003": 0.7726479839127238, "0.9000000000000004": 0.7385800732806007, "1.0": 0.7068169049204367, "1.1": 0.680287571436625, "1.2000000000000002": 0.6614456394390532, "1.3000000000000003": 0.6519050991044174, "1.4000000000000004": 0.6521871423530395, "1.5": 0.6616221820514355, "1.6": 0.6784274842792186, "1.7000000000000002": 0.6999526599357528, "1.8000000000000003": 0.7230577963095394, "1.9000000000000004": 0.7445669204855946}