{"-2.0": 0.8859163260505056, "-1.9": 0.8866164052379191, "-1.8": 0.8872320451155352, "-1.7": 0.8876833236188688, "-1.6": 0.8879615629881457, "-1.5": 0.8881309128063001, "-1.4": 0.8883086710784502, "-1.2999999999999998": 0.8886280460849405, "-1.2": 0.8891919751850672, "-1.1": 0.8900297782144884, "-1.0": 0.8910689246010471, "-0.8999999999999999": 0.8921316844224492, "-0.7999999999999998": 0.8929612399452289, "-0.7": 0.8932749316488361, "-0.5999999999999999": 0.8928351554853453, "-0.5": 0.891522659089667, "-0.3999999999999999": 0.8893940848397931, "-0.2999999999999998": 0.8867065560956628, "-0.19999999999999996": 0.8838971209518256, "-0.09999999999999987": 0.8815133074732209, "0.0": 0.8801014537495166, "0.10000000000000009": 0.8800698392203359, "0.20000000000000018": 0.8815517561415714, "0.30000000000000027": 0.88429757122289, "0.40000000000000036": 0.8876232632542304, "0.5": 0.8904356006789517, "0.6000000000000001": 0.8913418908564555, "0.7000000000000002": 0.8888369884951339, "0.8000000000000003": 0.881544651375299, "0.9000000000000004": 0.8684773314560399, "1.0": 0.8492707913725954, "1.1": 0.8243494554177241, "1.2000000000000002": 0.7949858507525907, "1.3000000000000003": 0.7632321613100229, "1.4000000000000004": 0.7317217206900067, "1.5": 0.7033600553138661, "1.6": 0.6809451437841348, "1.7000000000000002": 0.6667712615558175, "1.8000000000000003": 0.6622772595490185, "1.9000000000000004": 0.6677968091923614}