{"-2.0": 0.8754702570458582, "-1.9": 0.8705929572362126, "-1.8": 0.8665647046037903, "-1.7": 0.864204395656359, "-1.6": 0.8641244137619497, "-1.5": 0.8665480688120509, "-1.4": 0.8711689314486772, "-1.2999999999999998": 0.8770854305727273, "-1.2": 0.8828341463342837, "-1.1": 0.8865298940067681, "-1.0": 0.8861023426364248, "-0.8999999999999999": 0.8796006668053554, "-0.7999999999999998": 0.8655229090553487, "-0.7": 0.843118249186886, "-0.5999999999999999": 0.8126101880377692, "-0.5": 0.775297342865007, "-0.3999999999999999": 0.7335051626530305, "-0.2999999999999998": 0.690384005653957, "-0.19999999999999996": 0.6495732012304598, "-0.09999999999999987": 0.6147729600842238, "0.0": 0.5892824924836659, "0.10000000000000009": 0.5755704802203936, "0.20000000000000018": 0.5749415471752408, "0.30000000000000027": 0.5873497018465408, "0.40000000000000036": 0.6113887106799513, "0.5": 0.6444632611890642, "0.6000000000000001": 0.6831177413686014, "0.7000000000000002": 0.7234758478418517, "0.8000000000000003": 0.7617278520196541, "0.9000000000000004": 0.7945958274422387, "1.0": 0.8197114679903916, "1.1": 0.8358555079594323, "1.2000000000000002": 0.8430297465135501, "1.3000000000000003": 0.8423586183272997, "1.4000000000000004": 0.8358428928029035, "1.5": 0.8260093214243217, "1.6": 0.8155136131184116, "1.7000000000000002": 0.8067580917450912, "1.8000000000000003": 0.8015795190678953, "1.9000000000000004": 0.801048235946448}