{"-2.0": 0.8857973571918484, "-1.9": 0.8859616176699479, "-1.8": 0.8860813960889304, "-1.7": 0.8860687872779714, "-1.6": 0.8858748367721913, "-1.5": 0.8855070521293957, "-1.4": 0.8850324109745297, "-1.2999999999999998": 0.8845637219651324, "-1.2": 0.884231316758238, "-1.1": 0.8841460494720736, "-1.0": 0.8843624720192801, "-0.8999999999999999": 0.884852036864982, "-0.7999999999999998": 0.8854948305011274, "-0.7": 0.8860947448008285, "-0.5999999999999999": 0.8864177618396566, "-0.5": 0.8862472084998565, "-0.3999999999999999": 0.8854447164261384, "-0.2999999999999998": 0.8840024608296169, "-0.19999999999999996": 0.8820720025026128, "-0.09999999999999987": 0.8799581333107857, "0.0": 0.8780722569076632, "0.10000000000000009": 0.8768480662603829, "0.20000000000000018": 0.8766311007299403, "0.30000000000000027": 0.8775613847311233, "0.40000000000000036": 0.8794730323403265, "0.5": 0.8818351308844702, "0.6000000000000001": 0.8837537974667946, "0.7000000000000002": 0.8840463476576813, "0.8000000000000003": 0.8813862612268295, "0.9000000000000004": 0.874504073214083, "1.0": 0.862416895673957, "1.1": 0.8446504295772831, "1.2000000000000002": 0.8214140464160574, "1.3000000000000003": 0.7936929318214805, "1.4000000000000004": 0.7632313819644747, "1.5": 0.7323969094696217, "1.6": 0.7039335615832735, "1.7000000000000002": 0.6806317688251513, "1.8000000000000003": 0.6649578900956973, "1.9000000000000004": 0.6586964990227975}