{"-2.0": 0.8713509810152866, "-1.9": 0.8681390392892554, "-1.8": 0.866411689162756, "-1.7": 0.8667095976553272, "-1.6": 0.8691958057272611, "-1.5": 0.8735231823871412, "-1.4": 0.8787760878871403, "-1.2999999999999998": 0.8835086867865387, "-1.2": 0.8858872233316053, "-1.1": 0.8839255487993438, "-1.0": 0.875785339805028, "-0.8999999999999999": 0.8600980223754746, "-0.7999999999999998": 0.8362572713886121, "-0.7": 0.8046309943457608, "-0.5999999999999999": 0.76665049332581, "-0.5": 0.7247510753228071, "-0.3999999999999999": 0.6821603770546987, "-0.2999999999999998": 0.6425546526108599, "-0.19999999999999996": 0.6096253069274123, "-0.09999999999999987": 0.5866142790850507, "0.0": 0.5758845494213809, "0.10000000000000009": 0.5785894879817655, "0.20000000000000018": 0.5944920735132446, "0.30000000000000027": 0.6219639801805998, "0.40000000000000036": 0.6581683646268154, "0.5": 0.699403001908148, "0.6000000000000001": 0.7415565466542392, "0.7000000000000002": 0.7806139581959991, "0.8000000000000003": 0.8131401950274644, "0.9000000000000004": 0.8366752230119165, "1.0": 0.849987485453584, "1.1": 0.8531548970839142, "1.2000000000000002": 0.8474685559646232, "1.3000000000000003": 0.8351805027734738, "1.4000000000000004": 0.819138871926709, "1.5": 0.8023683253245016, "1.6": 0.787658704063884, "1.7000000000000002": 0.7772199606388538, "1.8000000000000003": 0.7724478641782315, "1.9000000000000004": 0.7738252983619466}