{"-2.0": 0.8795959615469647, "-1.9": 0.877751507692643, "-1.8": 0.8773411584780734, "-1.7": 0.8785345884827888, "-1.6": 0.8810666440206751, "-1.5": 0.8841684979489081, "-1.4": 0.8865817656956837, "-1.2999999999999998": 0.8866657145639871, "-1.2": 0.882592076538406, "-1.1": 0.8726058517767836, "-1.0": 0.8553167325441391, "-0.8999999999999999": 0.8299770054893901, "-0.7999999999999998": 0.7966998870689608, "-0.7": 0.75657798289276, "-0.5999999999999999": 0.711674405299056, "-0.5": 0.6648772404830431, "-0.3999999999999999": 0.6196287377836468, "-0.2999999999999998": 0.5795604684928283, "-0.19999999999999996": 0.5480814601949646, "-0.09999999999999987": 0.5279752400332705, "0.0": 0.521062177189433, "0.10000000000000009": 0.5279752400332699, "0.20000000000000018": 0.5480814601949643, "0.30000000000000027": 0.5795604684928274, "0.40000000000000036": 0.6196287377836475, "0.5": 0.6648772404830438, "0.6000000000000001": 0.7116744052990595, "0.7000000000000002": 0.7565779828927589, "0.8000000000000003": 0.7966998870689561, "0.9000000000000004": 0.8299770054893905, "1.0": 0.8553167325441374, "1.1": 0.8726058517767842, "1.2000000000000002": 0.8825920765384072, "1.3000000000000003": 0.8866657145639869, "1.4000000000000004": 0.8865817656956848, "1.5": 0.8841684979489082, "1.6": 0.8810666440206759, "1.7000000000000002": 0.8785345884827883, "1.8000000000000003": 0.8773411584780734, "1.9000000000000004": 0.8777515076926448}