{"-2.0": 0.8803403401271358, "-1.9": 0.880224615439704, "-1.8": 0.8804660749713528, "-1.7": 0.8810167186475408, "-1.6": 0.8817391692402434, "-1.5": 0.8824250127384331, "-1.4": 0.8828318349189913, "-1.2999999999999998": 0.8827335237073076, "-1.2": 0.8819748167104741, "-1.1": 0.8805188591362414, "-1.0": 0.878476312758962, "-0.8999999999999999": 0.8761066119817422, "-0.7999999999999998": 0.8737861756734004, "-0.7": 0.8719441993079073, "-0.5999999999999999": 0.8709731484031249, "-0.5": 0.8711270987579719, "-0.3999999999999999": 0.8724254333114573, "-0.2999999999999998": 0.8745811037891806, "-0.19999999999999996": 0.8769710770848925, "-0.09999999999999987": 0.8786616250154735, "0.0": 0.8784932926186187, "0.10000000000000009": 0.8752207631619253, "0.20000000000000018": 0.8676929108724676, "0.30000000000000027": 0.8550497658017245, "0.40000000000000036": 0.8369074905984274, "0.5": 0.8135009983574601, "0.6000000000000001": 0.7857571328293592, "0.7000000000000002": 0.7552792477693164, "0.8000000000000003": 0.7242356485684929, "0.9000000000000004": 0.6951581157240478, "1.0": 0.6706705902130196, "1.1": 0.6531799031642003, "1.2000000000000002": 0.644568223526691, "1.3000000000000003": 0.6459292601443036, "1.4000000000000004": 0.6573865570650772, "1.5": 0.6780227483086829, "1.6": 0.7059345791709167, "1.7000000000000002": 0.7384117870755674, "1.8000000000000003": 0.7722209571701392, "1.9000000000000004": 0.80396071401846}