{"-2.0": 0.845005068736409, "-1.9": 0.8404755672486995, "-1.8": 0.8329470641030787, "-1.7": 0.8225654728008375, "-1.6": 0.8099352164259224, "-1.5": 0.7960781614861794, "-1.4": 0.782318284306595, "-1.2999999999999998": 0.770106624640327, "-1.2": 0.7608128879248366, "-1.1": 0.7555176881267455, "-1.0": 0.7548412065251534, "-0.8999999999999999": 0.758839334470166, "-0.7999999999999998": 0.7669877256294817, "-0.7": 0.7782593085774404, "-0.5999999999999999": 0.7912842806598488, "-0.5": 0.8045664178162182, "-0.3999999999999999": 0.8167185638463428, "-0.2999999999999998": 0.8266756044015767, "-0.19999999999999996": 0.8338461721233885, "-0.09999999999999987": 0.8381745010121134, "0.0": 0.8400996293788312, "0.10000000000000009": 0.8404178253214308, "0.20000000000000018": 0.8400723342265863, "0.30000000000000027": 0.8399089557284012, "0.40000000000000036": 0.8404437745092784, "0.5": 0.8416889451165697, "0.6000000000000001": 0.8430735724104361, "0.7000000000000002": 0.8434807737943452, "0.8000000000000003": 0.8414016193478737, "0.9000000000000004": 0.8351853560335387, "1.0": 0.8233469185551248, "1.1": 0.8048805722801381, "1.2000000000000002": 0.7795249449239923, "1.3000000000000003": 0.747930533918365, "1.4000000000000004": 0.7116952303177754, "1.5": 0.6732541560612665, "1.6": 0.6356337148390098, "1.7000000000000002": 0.6021022188375549, "1.8000000000000003": 0.5757669477690227, "1.9000000000000004": 0.5591770287017634}