{"-2.0": 0.879215807582056, "-1.9": 0.8807937047754404, "-1.8": 0.8832214773397294, "-1.7": 0.8859887646368059, "-1.6": 0.8884815594041846, "-1.5": 0.8901054051238144, "-1.4": 0.8904173780490692, "-1.2999999999999998": 0.8892389778265453, "-1.2": 0.8867231762915436, "-1.1": 0.8833557173460377, "-1.0": 0.8798823970622371, "-0.8999999999999999": 0.8771685104439084, "-0.7999999999999998": 0.8760112403520424, "-0.7": 0.8769375710174195, "-0.5999999999999999": 0.8800267603281777, "-0.5": 0.8847957994392726, "-0.3999999999999999": 0.8901781812615222, "-0.2999999999999998": 0.8946116679002453, "-0.19999999999999996": 0.8962318839171917, "-0.09999999999999987": 0.8931487121087271, "0.0": 0.8837652636211657, "0.10000000000000009": 0.8670879895192168, "0.20000000000000018": 0.8429737309235718, "0.30000000000000027": 0.8122661858609026, "0.40000000000000036": 0.7767897476924317, "0.5": 0.7391906627901184, "0.6000000000000001": 0.7026404096145926, "0.7000000000000002": 0.6704398845583881, "0.8000000000000003": 0.645581220158279, "0.9000000000000004": 0.6303334990434507, "1.0": 0.6259173392587651, "1.1": 0.6323212073267944, "1.2000000000000002": 0.6482911375566897, "1.3000000000000003": 0.6714986780751477, "1.4000000000000004": 0.6988637644853508, "1.5": 0.726984541075904, "1.6": 0.7526090709058724, "1.7000000000000002": 0.7730772971088248, "1.8000000000000003": 0.7866666580571309, "1.9000000000000004": 0.7927905616741981}