{"-2.0": 0.828071452172007, "-1.9": 0.8272365369167833, "-1.8": 0.8260378885475839, "-1.7": 0.8247173077140659, "-1.6": 0.8236100222356411, "-1.5": 0.8230706335476079, "-1.4": 0.8233770433867973, "-1.2999999999999998": 0.8246308410599041, "-1.2": 0.8266759413315484, "-1.1": 0.829056250782198, "-1.0": 0.8310276547984293, "-0.8999999999999999": 0.8316304261225148, "-0.7999999999999998": 0.8298168381685046, "-0.7": 0.8246174328393059, "-0.5999999999999999": 0.8153202861818865, "-0.5": 0.8016326679365733, "-0.3999999999999999": 0.7837949257515758, "-0.2999999999999998": 0.7626224827717569, "-0.19999999999999996": 0.7394626897663786, "-0.09999999999999987": 0.7160671403306267, "0.0": 0.6943945182320387, "0.10000000000000009": 0.6763714786434761, "0.20000000000000018": 0.6636471430745959, "0.30000000000000027": 0.6573789279983717, "0.40000000000000036": 0.6580831060188453, "0.5": 0.6655733719967857, "0.6000000000000001": 0.6789964867567533, "0.7000000000000002": 0.6969582952233535, "0.8000000000000003": 0.7177188668564133, "0.9000000000000004": 0.7394247694464354, "1.0": 0.7603414452232379, "1.1": 0.7790501362967304, "1.2000000000000002": 0.7945814192869438, "1.3000000000000003": 0.8064696376344098, "1.4000000000000004": 0.8147270063737924, "1.5": 0.8197501659714, "1.6": 0.8221828810055068, "1.7000000000000002": 0.8227644600556914, "1.8000000000000003": 0.8221933728614462, "1.9000000000000004": 0.821029703017485}