{"-2.0": 0.8889248536370957, "-1.9": 0.8908942394976109, "-1.8": 0.8926004364750901, "-1.7": 0.893796649316969, "-1.6": 0.8943746522277308, "-1.5": 0.8943858733689151, "-1.4": 0.8940247863137027, "-1.2999999999999998": 0.8935772508495833, "-1.2": 0.8933447250262369, "-1.1": 0.8935614548295909, "-1.0": 0.8943243382467493, "-0.8999999999999999": 0.8955533796935153, "-0.7999999999999998": 0.8969946470871147, "-0.7": 0.8982685040302522, "-0.5999999999999999": 0.8989554513580614, "-0.5": 0.8987024076229088, "-0.3999999999999999": 0.8973258552281089, "-0.2999999999999998": 0.8948866153753049, "-0.19999999999999996": 0.8917148185672639, "-0.09999999999999987": 0.8883725184651303, "0.0": 0.8855538627890971, "0.10000000000000009": 0.8839364340238798, "0.20000000000000018": 0.8840095285251572, "0.30000000000000027": 0.8859130987102954, "0.40000000000000036": 0.8893228524113456, "0.5": 0.8934117125334216, "0.6000000000000001": 0.896905972268104, "0.7000000000000002": 0.8982378623018598, "0.8000000000000003": 0.8957777641244993, "0.9000000000000004": 0.8881124016643843, "1.0": 0.8743233837430326, "1.1": 0.8542160776357545, "1.2000000000000002": 0.828453315696215, "1.3000000000000003": 0.798561617769137, "1.4000000000000004": 0.7667975651250989, "1.5": 0.735885445104116, "1.6": 0.7086602463887326, "1.7000000000000002": 0.6876683747021164, "1.8000000000000003": 0.6747885945293105, "1.9000000000000004": 0.6709355282473107}