{"-2.0": 0.8269519104987997, "-1.9": 0.8290973609429845, "-1.8": 0.8310782491812836, "-1.7": 0.8319540519745507, "-1.6": 0.8307268877138398, "-1.5": 0.8265184748698056, "-1.4": 0.818742998394836, "-1.2999999999999998": 0.8072448716882242, "-1.2": 0.7923754996516439, "-1.1": 0.7749930827060554, "-1.0": 0.7563824831114643, "-0.8999999999999999": 0.7381058529914697, "-0.7999999999999998": 0.7218066109018948, "-0.7": 0.7089972975808029, "-0.5999999999999999": 0.7008644286547246, "-0.5": 0.6981202817225862, "-0.3999999999999999": 0.7009232670839812, "-0.2999999999999998": 0.7088767279803249, "-0.19999999999999996": 0.7211029076478732, "-0.09999999999999987": 0.7363768042392411, "0.0": 0.7532958359342414, "0.10000000000000009": 0.770457111017435, "0.20000000000000018": 0.7866151624529735, "0.30000000000000027": 0.8007987785122938, "0.40000000000000036": 0.8123746749140605, "0.5": 0.8210562609843352, "0.6000000000000001": 0.8268655267801447, "0.7000000000000002": 0.8300632495017373, "0.8000000000000003": 0.8310660414002202, "0.9000000000000004": 0.8303678539162763, "1.0": 0.8284789430991879, "1.1": 0.8258882931262859, "1.2000000000000002": 0.8230478673932791, "1.3000000000000003": 0.8203706695790558, "1.4000000000000004": 0.8182309801670791, "1.5": 0.8169551502405616, "1.6": 0.816794986667489, "1.7000000000000002": 0.8178821849922652, "1.8000000000000003": 0.820169903976814, "1.9000000000000004": 0.8233745191371312}