{"-2.0": 0.8562921751259311, "-1.9": 0.8586171269771101, "-1.8": 0.8622162865410183, "-1.7": 0.8661504602604184, "-1.6": 0.8691031839919969, "-1.5": 0.8695522539061074, "-1.4": 0.8660002223918216, "-1.2999999999999998": 0.8572287433110815, "-1.2": 0.8425350362705695, "-1.1": 0.8219092820738454, "-1.0": 0.7961196370144603, "-0.8999999999999999": 0.7666855899409001, "-0.7999999999999998": 0.7357382497121346, "-0.7": 0.7057847570770704, "-0.5999999999999999": 0.6794100863195038, "-0.5": 0.6589601699546159, "-0.3999999999999999": 0.6462536191692126, "-0.2999999999999998": 0.6423647040613997, "-0.19999999999999996": 0.6475085088292719, "-0.09999999999999987": 0.661042378907294, "0.0": 0.6815789200757408, "0.10000000000000009": 0.7071882315188133, "0.20000000000000018": 0.7356538243768813, "0.30000000000000027": 0.7647400299110964, "0.40000000000000036": 0.7924296335235753, "0.5": 0.8170985698651058, "0.6000000000000001": 0.8376080543439347, "0.7000000000000002": 0.8533108118622468, "0.8000000000000003": 0.8639839525132067, "0.9000000000000004": 0.869713550684966, "1.0": 0.8707628457467445, "1.1": 0.867456080811646, "1.2000000000000002": 0.8601035538439313, "1.3000000000000003": 0.8489819728147961, "1.4000000000000004": 0.8343701507723998, "1.5": 0.816626386328746, "1.6": 0.7962833779998975, "1.7000000000000002": 0.7741313775768137, "1.8000000000000003": 0.7512615692306139, "1.9000000000000004": 0.729049142155964}