{"-2.0": 0.8746263292352292, "-1.9": 0.8709025942198048, "-1.8": 0.8611657114018922, "-1.7": 0.8442284288993491, "-1.6": 0.8196603244273566, "-1.5": 0.7879697071810622, "-1.4": 0.7506604598601917, "-1.2999999999999998": 0.7101441111363012, "-1.2": 0.669509950340585, "-1.1": 0.6321792190791671, "-1.0": 0.6014893790396286, "-0.8999999999999999": 0.5802676375208348, "-0.7999999999999998": 0.5704568609845935, "-0.7": 0.5728508019371057, "-0.5999999999999999": 0.5869800096429316, "-0.5": 0.6111673077841187, "-0.3999999999999999": 0.6427459336988331, "-0.2999999999999998": 0.6784085716859781, "-0.19999999999999996": 0.7146356720242544, "-0.09999999999999987": 0.7481398819377006, "0.0": 0.7762619763252583, "0.10000000000000009": 0.7972624992262141, "0.20000000000000018": 0.8104708175734248, "0.30000000000000027": 0.8162764156986368, "0.40000000000000036": 0.8159720952608287, "0.5": 0.8114811591803581, "0.6000000000000001": 0.805017030280121, "0.7000000000000002": 0.7987315918867979, "0.8000000000000003": 0.7944068733144727, "0.9000000000000004": 0.7932342248895096, "1.0": 0.7957080028317889, "1.1": 0.8016402337519022, "1.2000000000000002": 0.8102824209426318, "1.3000000000000003": 0.8205240454753311, "1.4000000000000004": 0.8311270442908207, "1.5": 0.8409530062221269, "1.6": 0.8491449663512745, "1.7000000000000002": 0.8552370874775781, "1.8000000000000003": 0.8591807417950497, "1.9000000000000004": 0.8612915501487555}