{"-2.0": 0.8369318329690533, "-1.9": 0.8350011733119926, "-1.8": 0.8326933513934084, "-1.7": 0.8304896026462975, "-1.6": 0.8289070513771594, "-1.5": 0.8283821137885007, "-1.4": 0.8291551845979012, "-1.2999999999999998": 0.8311794245778168, "-1.2": 0.8340735227361814, "-1.1": 0.8371314905469738, "-1.0": 0.8393929918274619, "-0.8999999999999999": 0.8397670907484794, "-0.7999999999999998": 0.8371925115119094, "-0.7": 0.8308103246728454, "-0.5999999999999999": 0.8201217351966443, "-0.5": 0.8051049794722639, "-0.3999999999999999": 0.7862710656075368, "-0.2999999999999998": 0.7646472607503837, "-0.19999999999999996": 0.7416882896687145, "-0.09999999999999987": 0.719126294977658, "0.0": 0.6987798787982561, "0.10000000000000009": 0.6823485049124897, "0.20000000000000018": 0.671220300039482, "0.30000000000000027": 0.6663187045431087, "0.40000000000000036": 0.668007078503174, "0.5": 0.6760614645637092, "0.6000000000000001": 0.6897118043836432, "0.7000000000000002": 0.7077426301742665, "0.8000000000000003": 0.7286370133726101, "0.9000000000000004": 0.7507432992221175, "1.0": 0.7724432487827229, "1.1": 0.7923024042681734, "1.2000000000000002": 0.8091880428397884, "1.3000000000000003": 0.8223459294787008, "1.4000000000000004": 0.8314330863569146, "1.5": 0.8365089825315577, "1.6": 0.837991262015788, "1.7000000000000002": 0.8365841384132279, "1.8000000000000003": 0.8331880677073673, "1.9000000000000004": 0.8287987515980415}