{"-2.0": 0.8301366960130865, "-1.9": 0.8316179045859107, "-1.8": 0.8330264959107583, "-1.7": 0.833954413634593, "-1.6": 0.8340618750083016, "-1.5": 0.8331663241611811, "-1.4": 0.8313028175349061, "-1.2999999999999998": 0.8287392929264745, "-1.2": 0.8259386678572692, "-1.1": 0.8234705036818184, "-1.0": 0.8218859499213711, "-0.8999999999999999": 0.8215786051872067, "-0.7999999999999998": 0.8226588676883559, "-0.7": 0.8248690841267183, "-0.5999999999999999": 0.8275611065870765, "-0.5": 0.8297475604876172, "-0.3999999999999999": 0.8302249751453861, "-0.2999999999999998": 0.827753315093283, "-0.19999999999999996": 0.8212649356779067, "-0.09999999999999987": 0.8100688212148878, "0.0": 0.7940146500779061, "0.10000000000000009": 0.7735862189317344, "0.20000000000000018": 0.7499043394705911, "0.30000000000000027": 0.7246337401415255, "0.40000000000000036": 0.6998042720250516, "0.5": 0.6775710609181425, "0.6000000000000001": 0.6599486248626207, "0.7000000000000002": 0.6485585456491147, "0.8000000000000003": 0.6444282417153289, "0.9000000000000004": 0.6478701211215928, "1.0": 0.6584573885561004, "1.1": 0.6750973570759914, "1.2000000000000002": 0.6961879821579278, "1.3000000000000003": 0.7198310897238002, "1.4000000000000004": 0.7440684222791558, "1.5": 0.7671052471054135, "1.6": 0.7874908125413681, "1.7000000000000002": 0.8042342863247753, "1.8000000000000003": 0.8168470208351825, "1.9000000000000004": 0.8253146907269535}