{"-2.0": 0.8467729555277387, "-1.9": 0.8479262643507108, "-1.8": 0.8491010978758761, "-1.7": 0.8500625585700181, "-1.6": 0.8505847178497912, "-1.5": 0.8504985464958923, "-1.4": 0.8497346641159642, "-1.2999999999999998": 0.848350993501713, "-1.2": 0.8465369783206647, "-1.1": 0.8445894951296696, "-1.0": 0.8428605312245075, "-0.8999999999999999": 0.8416823361935024, "-0.7999999999999998": 0.8412810864788081, "-0.7": 0.8416940672350967, "-0.5999999999999999": 0.842707048787018, "-0.5": 0.8438273170009644, "-0.3999999999999999": 0.8443035824090046, "-0.2999999999999998": 0.8431971616063748, "-0.19999999999999996": 0.8395003371467726, "-0.09999999999999987": 0.8322889978443168, "0.0": 0.8208890697218449, "0.10000000000000009": 0.805031329278745, "0.20000000000000018": 0.7849680680411212, "0.30000000000000027": 0.7615283070486756, "0.40000000000000036": 0.7360956883637316, "0.5": 0.7105039063912482, "0.6000000000000001": 0.6868570569722662, "0.7000000000000002": 0.6672946332650108, "0.8000000000000003": 0.6537310325087141, "0.9000000000000004": 0.6476055418149558, "1.0": 0.6496795896451356, "1.1": 0.6599131332033513, "1.2000000000000002": 0.6774418749620222, "1.3000000000000003": 0.7006629283426263, "1.4000000000000004": 0.7274206506511963, "1.5": 0.7552690869484703, "1.6": 0.78177527417977, "1.7000000000000002": 0.8048205833352053, "1.8000000000000003": 0.8228566105896583, "1.9000000000000004": 0.8350781530537894}