{"-2.0": 0.8701168615997898, "-1.9": 0.8693138764380602, "-1.8": 0.8699037283898507, "-1.7": 0.871863854766623, "-1.6": 0.8747660953793054, "-1.5": 0.8777483009186644, "-1.4": 0.8795618660356284, "-1.2999999999999998": 0.8786988727534649, "-1.2": 0.873588788233009, "-1.1": 0.8628412452328038, "-1.0": 0.845500756613527, "-0.8999999999999999": 0.8212733794734395, "-0.7999999999999998": 0.7906857464773511, "-0.7": 0.7551439227059051, "-0.5999999999999999": 0.7168725056444234, "-0.5": 0.6787314894065869, "-0.3999999999999999": 0.6439270893587534, "-0.2999999999999998": 0.6156500049594674, "-0.19999999999999996": 0.5966876184867388, "-0.09999999999999987": 0.5890631025431812, "0.0": 0.5937530456244504, "0.10000000000000009": 0.6105259422324774, "0.20000000000000018": 0.6379279467006664, "0.30000000000000027": 0.6734219743505946, "0.40000000000000036": 0.7136646060273687, "0.5": 0.7548856184277761, "0.6000000000000001": 0.7933203424774947, "0.7000000000000002": 0.8256376871947243, "0.8000000000000003": 0.8493076582961134, "0.9000000000000004": 0.8628613366935032, "1.0": 0.8660120802636293, "1.1": 0.8596266753498287, "1.2000000000000002": 0.8455561962144198, "1.3000000000000003": 0.8263552445084568, "1.4000000000000004": 0.8049322720204376, "1.5": 0.7841809257790016, "1.6": 0.7666420120658027, "1.7000000000000002": 0.7542381848181318, "1.8000000000000003": 0.748110347061768, "1.9000000000000004": 0.7485683321084432}