{"-2.0": 0.8912568780140036, "-1.9": 0.8896496335747112, "-1.8": 0.8879434796085593, "-1.7": 0.8865078143789268, "-1.6": 0.8856622797596633, "-1.5": 0.8855981549236154, "-1.4": 0.8863238894034196, "-1.2999999999999998": 0.8876492559103217, "-1.2": 0.8892150197762795, "-1.1": 0.8905652864742639, "-1.0": 0.891249762867009, "-0.8999999999999999": 0.8909351934224627, "-0.7999999999999998": 0.8895010900959531, "-0.7": 0.8870957703118063, "-0.5999999999999999": 0.8841348868038466, "-0.5": 0.881235226337415, "-0.3999999999999999": 0.8790897390942212, "-0.2999999999999998": 0.8783030304689455, "-0.19999999999999996": 0.8792171861079281, "-0.09999999999999987": 0.8817634171507469, "0.0": 0.8853740382145264, "0.10000000000000009": 0.8889813482566526, "0.20000000000000018": 0.8911160385995684, "0.30000000000000027": 0.8901000069318363, "0.40000000000000036": 0.8843100045741694, "0.5": 0.8724728296143485, "0.6000000000000001": 0.8539429570931818, "0.7000000000000002": 0.8289118257031692, "0.8000000000000003": 0.7985053617150527, "0.9000000000000004": 0.7647419880257923, "1.0": 0.7303450550959821, "1.1": 0.6984278443905002, "1.2000000000000002": 0.6720919071192225, "1.3000000000000003": 0.6539964756165803, "1.4000000000000004": 0.6459648061827289, "1.5": 0.6486907910869578, "1.6": 0.661596016411927, "1.7000000000000002": 0.68286549094868, "1.8000000000000003": 0.7096629509852364, "1.9000000000000004": 0.7384983891183765}