{"-2.0": 0.834953381185052, "-1.9": 0.8327821814189265, "-1.8": 0.8308473498961088, "-1.7": 0.8296345939952543, "-1.6": 0.829521468718643, "-1.5": 0.8306652340936392, "-1.4": 0.8329200175955837, "-1.2999999999999998": 0.8358025623517035, "-1.2": 0.8385180951115374, "-1.1": 0.8400475606428767, "-1.0": 0.8392864505913991, "-0.8999999999999999": 0.8352156868937124, "-0.7999999999999998": 0.827078293221054, "-0.7": 0.8145331723478143, "-0.5999999999999999": 0.797759717693509, "-0.5": 0.7774938888171158, "-0.3999999999999999": 0.7549866495499867, "-0.2999999999999998": 0.731887594345943, "-0.19999999999999996": 0.7100681853460417, "-0.09999999999999987": 0.6914083757253837, "0.0": 0.6775759972246763, "0.10000000000000009": 0.6698292942657886, "0.20000000000000018": 0.6688693350493481, "0.30000000000000027": 0.6747614360525812, "0.40000000000000036": 0.6869345364390903, "0.5": 0.7042563552851938, "0.6000000000000001": 0.7251719173530481, "0.7000000000000002": 0.7478851579337884, "0.8000000000000003": 0.7705588432948751, "0.9000000000000004": 0.7915073736330662, "1.0": 0.809359928925977, "1.1": 0.823177087882549, "1.2000000000000002": 0.8325113530482597, "1.3000000000000003": 0.8374096880994485, "1.4000000000000004": 0.8383630690736461, "1.5": 0.8362133257336135, "1.6": 0.8320307692820861, "1.7000000000000002": 0.8269772585910996, "1.8000000000000003": 0.8221687873050749, "1.9000000000000004": 0.8185499258977664}