{"-2.0": 0.8298392100531842, "-1.9": 0.8311542266950022, "-1.8": 0.833255691358107, "-1.7": 0.8356443688998207, "-1.6": 0.8376045701480244, "-1.5": 0.8382902404361623, "-1.4": 0.8368422854207759, "-1.2999999999999998": 0.8325200162506635, "-1.2": 0.8248266210632124, "-1.1": 0.8136089248042719, "-1.0": 0.7991153134451147, "-0.8999999999999999": 0.7820019286393847, "-0.7999999999999998": 0.7632849992568602, "-0.7": 0.744245147431145, "-0.5999999999999999": 0.7262963796369052, "-0.5": 0.71083718265303, "-0.3999999999999999": 0.6991030469077961, "-0.2999999999999998": 0.6920387056299693, "-0.19999999999999996": 0.6902047810997038, "-0.09999999999999987": 0.6937281431488311, "0.0": 0.7022991124143623, "0.10000000000000009": 0.715212709852989, "0.20000000000000018": 0.731446326985512, "0.30000000000000027": 0.7497630224793422, "0.40000000000000036": 0.7688283189850978, "0.5": 0.7873287001441717, "0.6000000000000001": 0.8040815445853509, "0.7000000000000002": 0.8181284077392064, "0.8000000000000003": 0.8288058271362263, "0.9000000000000004": 0.8357897956387884, "1.0": 0.8391115712109257, "1.1": 0.8391436697319317, "1.2000000000000002": 0.8365560024676645, "1.3000000000000003": 0.8322435249293993, "1.4000000000000004": 0.8272287414423929, "1.5": 0.8225450446846129, "1.6": 0.819109968669483, "1.7000000000000002": 0.8176005172732572, "1.8000000000000003": 0.8183451029881181, "1.9000000000000004": 0.8212475221521993}