{"-2.0": 0.8377841092834073, "-1.9": 0.8367984435017496, "-1.8": 0.836487156401349, "-1.7": 0.8370039751675217, "-1.6": 0.8383406828105467, "-1.5": 0.8402815049331427, "-1.4": 0.8423857134160811, "-1.2999999999999998": 0.8440059854627977, "-1.2": 0.84434498936176, "-1.1": 0.842546694816447, "-1.0": 0.8378129195821808, "-0.8999999999999999": 0.829530579151902, "-0.7999999999999998": 0.8173918688902994, "-0.7": 0.801488817788965, "-0.5999999999999999": 0.7823656113133652, "-0.5": 0.7610166869851008, "-0.3999999999999999": 0.7388253520935113, "-0.2999999999999998": 0.717445698191395, "-0.19999999999999996": 0.6986387912326095, "-0.09999999999999987": 0.6840813104281696, "0.0": 0.6751698878021364, "0.10000000000000009": 0.6728465093228241, "0.20000000000000018": 0.6774690105873383, "0.30000000000000027": 0.6887459426404032, "0.40000000000000036": 0.7057473983922803, "0.5": 0.7269937226633397, "0.6000000000000001": 0.7506136506487082, "0.7000000000000002": 0.7745537586589446, "0.8000000000000003": 0.7968135530606402, "0.9000000000000004": 0.8156762111750316, "1.0": 0.8299046481783183, "1.1": 0.8388764078192996, "1.2000000000000002": 0.8426384706738683, "1.3000000000000003": 0.8418735034239662, "1.4000000000000004": 0.8377809665329276, "1.5": 0.8318882358715921, "1.6": 0.8258168297366164, "1.7000000000000002": 0.8210355270920147, "1.8000000000000003": 0.8186345953381955, "1.9000000000000004": 0.8191530720685491}