{"-2.0": 0.8228850496094048, "-1.9": 0.8243885362430905, "-1.8": 0.8253695140563154, "-1.7": 0.8249720657547092, "-1.6": 0.8223403706395322, "-1.5": 0.8167827393550868, "-1.4": 0.8079246861798387, "-1.2999999999999998": 0.7958220203825678, "-1.2": 0.7810106432114157, "-1.1": 0.7644800567163618, "-1.0": 0.7475707277112758, "-0.8999999999999999": 0.7318090175911567, "-0.7999999999999998": 0.7187048577067232, "-0.7": 0.7095445353890026, "-0.5999999999999999": 0.7052124429278249, "-0.5": 0.7060710711215992, "-0.3999999999999999": 0.7119186792689469, "-0.2999999999999998": 0.7220307260682974, "-0.19999999999999996": 0.7352767530030209, "-0.09999999999999987": 0.750291631414515, "0.0": 0.7656712718509653, "0.10000000000000009": 0.7801596487136464, "0.20000000000000018": 0.792796849233893, "0.30000000000000027": 0.8030061802149187, "0.40000000000000036": 0.8106104821815157, "0.5": 0.815781317111289, "0.6000000000000001": 0.8189369755373131, "0.7000000000000002": 0.8206139266877062, "0.8000000000000003": 0.8213397842617656, "0.9000000000000004": 0.8215335109552341, "1.0": 0.8214510360625055, "1.1": 0.8211833586649546, "1.2000000000000002": 0.8207019164050872, "1.3000000000000003": 0.8199351189014752, "1.4000000000000004": 0.8188527901838651, "1.5": 0.8175333893536557, "1.6": 0.8161927495395601, "1.7000000000000002": 0.8151619620614072, "1.8000000000000003": 0.814814138827398, "1.9000000000000004": 0.8154525950670296}