{"-2.0": 0.8271547293902284, "-1.9": 0.8259054568955355, "-1.8": 0.8232805767534609, "-1.7": 0.818850372821122, "-1.6": 0.8123725660971659, "-1.5": 0.803877360939739, "-1.4": 0.7937090304730916, "-1.2999999999999998": 0.7825141636394283, "-1.2": 0.7711765340456371, "-1.1": 0.760708408059025, "-1.0": 0.7521160906805474, "-0.8999999999999999": 0.7462621063868872, "-0.7999999999999998": 0.7437468045910023, "-0.7": 0.744828376843436, "-0.5999999999999999": 0.7493931048333922, "-0.5": 0.7569785914309606, "-0.3999999999999999": 0.7668435590969724, "-0.2999999999999998": 0.7780702913012416, "-0.19999999999999996": 0.7896813120593552, "-0.09999999999999987": 0.8007511562748005, "0.0": 0.8104970031878523, "0.10000000000000009": 0.8183377029177563, "0.20000000000000018": 0.8239179435464705, "0.30000000000000027": 0.827101357847203, "0.40000000000000036": 0.827941736710667, "0.5": 0.8266441178514391, "0.6000000000000001": 0.8235269363525118, "0.7000000000000002": 0.8189929905247523, "0.8000000000000003": 0.8135116937935665, "0.9000000000000004": 0.8076093919880178, "1.0": 0.8018599770016863, "1.1": 0.7968659248244508, "1.2000000000000002": 0.7932209701624351, "1.3000000000000003": 0.791449887144053, "1.4000000000000004": 0.7919274730823217, "1.5": 0.7947863799328072, "1.6": 0.7998301004574144, "1.7000000000000002": 0.8064714168413853, "1.8000000000000003": 0.8137166107135951, "1.9000000000000004": 0.8202111254431274}