{"-2.0": 0.8030321875484511, "-1.9": 0.7841585139331407, "-1.8": 0.7645036704671598, "-1.7": 0.7457293229532433, "-1.6": 0.7295941585505563, "-1.5": 0.7177216757285975, "-1.4": 0.711369874178936, "-1.2999999999999998": 0.7112405908541087, "-1.2": 0.7173618924813694, "-1.1": 0.7290664048808501, "-1.0": 0.7450732941595786, "-0.8999999999999999": 0.7636643098649569, "-0.7999999999999998": 0.7829278676029678, "-0.7": 0.8010325818120272, "-0.5999999999999999": 0.8164853786536421, "-0.5": 0.8283307022050149, "-0.3999999999999999": 0.8362564162837471, "-0.2999999999999998": 0.8405874487506302, "-0.19999999999999996": 0.8421674803957956, "-0.09999999999999987": 0.8421487322257665, "0.0": 0.8417266474848975, "0.10000000000000009": 0.8418669306026986, "0.20000000000000018": 0.8430749313447057, "0.30000000000000027": 0.8452510872777104, "0.40000000000000036": 0.8476619533257287, "0.5": 0.8490365732229139, "0.6000000000000001": 0.8477759447144473, "0.7000000000000002": 0.8422429195726555, "0.8000000000000003": 0.83108467007185, "0.9000000000000004": 0.8135325989209375, "1.0": 0.7896266689399705, "1.1": 0.7603223649310636, "1.2000000000000002": 0.7274570635750452, "1.3000000000000003": 0.6935753821106699, "1.4000000000000004": 0.6616362571196963, "1.5": 0.6346441444104225, "1.6": 0.6152595064017685, "1.7000000000000002": 0.605447520407003, "1.8000000000000003": 0.6062181009270071, "1.9000000000000004": 0.6174959201177723}