{"-2.0": 0.8610389490368543, "-1.9": 0.8577611997244201, "-1.8": 0.8562201056715069, "-1.7": 0.8568056250262167, "-1.6": 0.8595456379193513, "-1.5": 0.8640355134686895, "-1.4": 0.869431025185858, "-1.2999999999999998": 0.8745121634156585, "-1.2": 0.8778143098838622, "-1.1": 0.8778121550882885, "-1.0": 0.8731325020358425, "-0.8999999999999999": 0.8627662866134772, "-0.7999999999999998": 0.8462487876964072, "-0.7": 0.8237804062391736, "-0.5999999999999999": 0.7962680906144267, "-0.5": 0.765278305752726, "-0.3999999999999999": 0.7329047181750064, "-0.2999999999999998": 0.7015656136250263, "-0.19999999999999996": 0.6737556923172693, "-0.09999999999999987": 0.6517829003299971, "0.0": 0.6375225601292258, "0.10000000000000009": 0.6322181756553967, "0.20000000000000018": 0.6363515192470812, "0.30000000000000027": 0.6495951315761651, "0.40000000000000036": 0.670849694837312, "0.5": 0.6983584617533498, "0.6000000000000001": 0.7298824405401864, "0.7000000000000002": 0.7629143540123635, "0.8000000000000003": 0.7949069915760201, "0.9000000000000004": 0.8234923897049616, "1.0": 0.8466717677843455, "1.1": 0.8629614437745818, "1.2000000000000002": 0.871486054898988, "1.3000000000000003": 0.8720163678110013, "1.4000000000000004": 0.8649540519102363, "1.5": 0.8512695906560104, "1.6": 0.832401929721458, "1.7000000000000002": 0.8101296934698918, "1.8000000000000003": 0.7864241962168852, "1.9000000000000004": 0.7632944224564006}