{"-2.0": 0.8790420102482157, "-1.9": 0.8806439383653704, "-1.8": 0.8814858477436067, "-1.7": 0.8812921870953111, "-1.6": 0.8799702237162154, "-1.5": 0.8776467500370112, "-1.4": 0.8746669720425726, "-1.2999999999999998": 0.8715514344275812, "-1.2": 0.8689137854224229, "-1.1": 0.8673492859470284, "-1.0": 0.8673100362781275, "-0.8999999999999999": 0.8689868322808098, "-0.7999999999999998": 0.872218554086052, "-0.7": 0.8764476440058949, "-0.5999999999999999": 0.8807346764334797, "-0.5": 0.8838369153407237, "-0.3999999999999999": 0.8843461985547991, "-0.2999999999999998": 0.8808718820851396, "-0.19999999999999996": 0.8722464111828272, "-0.09999999999999987": 0.8577257053878073, "0.0": 0.8371549425597621, "0.10000000000000009": 0.8110729649609659, "0.20000000000000018": 0.7807352522339808, "0.30000000000000027": 0.7480454350076491, "0.40000000000000036": 0.7153973574593103, "0.5": 0.6854420892085141, "0.6000000000000001": 0.6608052765668133, "0.7000000000000002": 0.643788196535088, "0.8000000000000003": 0.636089607151306, "0.9000000000000004": 0.6385843227318379, "1.0": 0.6511884103919102, "1.1": 0.6728307201342356, "1.2000000000000002": 0.7015374331043855, "1.3000000000000003": 0.7346221620397779, "1.4000000000000004": 0.7689607563001009, "1.5": 0.8013191478780382, "1.6": 0.8286957739845826, "1.7000000000000002": 0.8486382271790545, "1.8000000000000003": 0.8594970461465917, "1.9000000000000004": 0.8605875035277601}