{"-2.0": 0.8885005011434142, "-1.9": 0.8893372467451042, "-1.8": 0.8902726329259908, "-1.7": 0.8910585916015968, "-1.6": 0.8914889174153218, "-1.5": 0.8914512388952464, "-1.4": 0.8909574054110969, "-1.2999999999999998": 0.890143967929199, "-1.2": 0.8892411592444541, "-1.1": 0.8885162336751876, "-1.0": 0.8882035321814026, "-0.8999999999999999": 0.8884376479875926, "-0.7999999999999998": 0.8892065078720683, "-0.7": 0.890337721705874, "-0.5999999999999999": 0.8915247067459865, "-0.5": 0.8923901705471966, "-0.3999999999999999": 0.8925753932106854, "-0.2999999999999998": 0.8918364214423214, "-0.19999999999999996": 0.890124559458357, "-0.09999999999999987": 0.8876295512417424, "0.0": 0.8847697951226833, "0.10000000000000009": 0.8821239730159567, "0.20000000000000018": 0.8803108338543357, "0.30000000000000027": 0.8798361341578504, "0.40000000000000036": 0.8809353231288071, "0.5": 0.8834452234549134, "0.6000000000000001": 0.8867362846476798, "0.7000000000000002": 0.8897287235687099, "0.8000000000000003": 0.89100206524761, "0.9000000000000004": 0.8889904826400259, "1.0": 0.88223895153265, "1.1": 0.8696809093070941, "1.2000000000000002": 0.8508898100446849, "1.3000000000000003": 0.8262567415800146, "1.4000000000000004": 0.7970547695251662, "1.5": 0.7653669721550119, "1.6": 0.7338768045229364, "1.7000000000000002": 0.7055429311750513, "1.8000000000000003": 0.6832019180828236, "1.9000000000000004": 0.6691572933843122}