{"-2.0": 0.8693030142030795, "-1.9": 0.870820252276215, "-1.8": 0.8726946624501313, "-1.7": 0.8744994058525667, "-1.6": 0.875781102788694, "-1.5": 0.8761577233113026, "-1.4": 0.8754092723604969, "-1.2999999999999998": 0.8735412152171717, "-1.2": 0.8708047033721271, "-1.1": 0.8676652670818471, "-1.0": 0.8647214112345443, "-0.8999999999999999": 0.8625846752590238, "-0.7999999999999998": 0.8617412402610626, "-0.7": 0.8624203621385073, "-0.5999999999999999": 0.8644956232056027, "-0.5": 0.8674408806555725, "-0.3999999999999999": 0.8703543991725179, "-0.2999999999999998": 0.8720533549852261, "-0.19999999999999996": 0.8712286368767915, "-0.09999999999999987": 0.866638822158198, "0.0": 0.8573143784931122, "0.10000000000000009": 0.8427400001743176, "0.20000000000000018": 0.8229851784290628, "0.30000000000000027": 0.7987603371827854, "0.40000000000000036": 0.7713869538906228, "0.5": 0.7426831659431551, "0.6000000000000001": 0.7147792314298071, "0.7000000000000002": 0.6898877196144502, "0.8000000000000003": 0.6700597423492541, "0.9000000000000004": 0.6569599320744858, "1.0": 0.6516891503306129, "1.1": 0.6546758842602382, "1.2000000000000002": 0.665646482063186, "1.3000000000000003": 0.6836727297140345, "1.4000000000000004": 0.7072847640345239, "1.5": 0.7346296167972841, "1.6": 0.7636518472040144, "1.7000000000000002": 0.7922730288815023, "1.8000000000000003": 0.8185508127852512, "1.9000000000000004": 0.840804748932019}