{"-2.0": 0.8796590617044645, "-1.9": 0.8778782371258248, "-1.8": 0.8758752716073597, "-1.7": 0.8738733950832137, "-1.6": 0.8721542338961773, "-1.5": 0.8710105912404442, "-1.4": 0.8706815875119206, "-1.2999999999999998": 0.8712787741425625, "-1.2": 0.872715544451566, "-1.1": 0.8746541790755833, "-1.0": 0.8764845190091546, "-0.8999999999999999": 0.877345251331762, "-0.7999999999999998": 0.876193276079552, "-0.7": 0.8719192371216254, "-0.5999999999999999": 0.8634991066577327, "-0.5": 0.8501640470714684, "-0.3999999999999999": 0.8315650315019216, "-0.2999999999999998": 0.8079060996513743, "-0.19999999999999996": 0.7800214578852958, "-0.09999999999999987": 0.7493771104705771, "0.0": 0.7179868600512977, "0.10000000000000009": 0.6882442132220323, "0.20000000000000018": 0.662684329034298, "0.30000000000000027": 0.6437017347908579, "0.40000000000000036": 0.6332582080156892, "0.5": 0.6326194272786764, "0.6000000000000001": 0.6421577820682314, "0.7000000000000002": 0.6612519581855624, "0.8000000000000003": 0.6883022993265582, "0.9000000000000004": 0.7208659947481794, "1.0": 0.7558999440703937, "1.1": 0.790084059959497, "1.2000000000000002": 0.8201860506688623, "1.3000000000000003": 0.8434221885785724, "1.4000000000000004": 0.857768284300991, "1.5": 0.8621811902812964, "1.6": 0.8567028355665152, "1.7000000000000002": 0.8424343854894631, "1.8000000000000003": 0.8213853778963552, "1.9000000000000004": 0.7962191192362111}