{"-2.0": 0.8222166115541754, "-1.9": 0.8193072529977666, "-1.8": 0.8129624095715711, "-1.7": 0.8040443209084668, "-1.6": 0.7937568003033777, "-1.5": 0.783461419537061, "-1.4": 0.774476387375067, "-1.2999999999999998": 0.7678912685705389, "-1.2": 0.7644267929863373, "-1.1": 0.7643600463249306, "-1.0": 0.7675230972322531, "-0.8999999999999999": 0.7733699616517042, "-0.7999999999999998": 0.7810952116954283, "-0.7": 0.7897796159420424, "-0.5999999999999999": 0.7985352961714158, "-0.5": 0.8066253324817625, "-0.3999999999999999": 0.8135398168651173, "-0.2999999999999998": 0.8190204266393467, "-0.19999999999999996": 0.8230364985658005, "-0.09999999999999987": 0.8257250686053774, "0.0": 0.8273135024016435, "0.10000000000000009": 0.8280450274052991, "0.20000000000000018": 0.8281245137201817, "0.30000000000000027": 0.827695060794067, "0.40000000000000036": 0.8268469700604819, "0.5": 0.825651621144482, "0.6000000000000001": 0.8242057350636128, "0.7000000000000002": 0.8226681729386516, "0.8000000000000003": 0.8212726456001741, "0.9000000000000004": 0.8203053527396291, "1.0": 0.8200454866471025, "1.1": 0.8206768046626044, "1.2000000000000002": 0.8221877879580118, "1.3000000000000003": 0.8242840469619666, "1.4000000000000004": 0.8263379590137387, "1.5": 0.827396325996877, "1.6": 0.826257544536568, "1.7000000000000002": 0.8216169112171012, "1.8000000000000003": 0.8122645997193133, "1.9000000000000004": 0.7973083043896094}