{"-2.0": 0.8411258457759453, "-1.9": 0.8419901958451548, "-1.8": 0.8435849260179146, "-1.7": 0.8454747871669832, "-1.6": 0.8469732330384238, "-1.5": 0.8472083024175455, "-1.4": 0.8452318058820136, "-1.2999999999999998": 0.8401596041327535, "-1.2": 0.8313242297777999, "-1.1": 0.8184170081992782, "-1.0": 0.8015960740241409, "-0.8999999999999999": 0.781539673489027, "-0.7999999999999998": 0.7594307156345722, "-0.7": 0.7368679080798053, "-0.5999999999999999": 0.7157096890078087, "-0.5": 0.6978679100276372, "-0.3999999999999999": 0.6850771083592729, "-0.2999999999999998": 0.678670693533491, "-0.19999999999999996": 0.6793963788176669, "-0.09999999999999987": 0.687299283596391, "0.0": 0.701692656564053, "0.10000000000000009": 0.7212242069494221, "0.20000000000000018": 0.7440322789253584, "0.30000000000000027": 0.7679726244849399, "0.40000000000000036": 0.7908854319619147, "0.5": 0.8108653704679828, "0.6000000000000001": 0.8264959399839669, "0.7000000000000002": 0.8370137850413079, "0.8000000000000003": 0.842378342523314, "0.9000000000000004": 0.8432359003349661, "1.0": 0.8407828269170762, "1.1": 0.8365480128523494, "1.2000000000000002": 0.8321270734771777, "1.3000000000000003": 0.8289086080551447, "1.4000000000000004": 0.8278345163579587, "1.5": 0.8292316794052523, "1.6": 0.8327418526953431, "1.7000000000000002": 0.8373619385008946, "1.8000000000000003": 0.8415901127191293, "1.9000000000000004": 0.843657125996004}