{"-2.0": 0.8421801123338033, "-1.9": 0.843490053398024, "-1.8": 0.844618571120644, "-1.7": 0.8453026902571898, "-1.6": 0.8453521514339413, "-1.5": 0.8446972053334435, "-1.4": 0.843414662434169, "-1.2999999999999998": 0.8417243578397211, "-1.2": 0.8399533418166373, "-1.1": 0.8384711910078468, "-1.0": 0.8376057816616402, "-0.8999999999999999": 0.8375535703502733, "-0.7999999999999998": 0.8383009493144671, "-0.7": 0.839572981171361, "-0.5999999999999999": 0.8408226290810813, "-0.5": 0.8412678451709856, "-0.3999999999999999": 0.8399763857875213, "-0.2999999999999998": 0.8359901503305367, "-0.19999999999999996": 0.8284735098083851, "-0.09999999999999987": 0.8168647602028362, "0.0": 0.8010074905315262, "0.10000000000000009": 0.7812398384047414, "0.20000000000000018": 0.7584243122524161, "0.30000000000000027": 0.7339085219104967, "0.40000000000000036": 0.7094167229529692, "0.5": 0.6868821572854037, "0.6000000000000001": 0.6682392528736842, "0.7000000000000002": 0.6552014290539763, "0.8000000000000003": 0.6490534689506917, "0.9000000000000004": 0.6504865928865712, "1.0": 0.6594995132690498, "1.1": 0.6753804842609493, "1.2000000000000002": 0.6967747992278648, "1.3000000000000003": 0.7218308019536717, "1.4000000000000004": 0.7484068621612231, "1.5": 0.7743134194304138, "1.6": 0.7975593026870849, "1.7000000000000002": 0.8165707805295939, "1.8000000000000003": 0.830355305032486, "1.9000000000000004": 0.8385891996860912}