{"-2.0": 0.8605194345363538, "-1.9": 0.8577558281917608, "-1.8": 0.8549283547757003, "-1.7": 0.8526493294240254, "-1.6": 0.8514999939553992, "-1.5": 0.8518782806034422, "-1.4": 0.8538601378520168, "-1.2999999999999998": 0.8571052981768165, "-1.2": 0.8608327134594255, "-1.1": 0.8638796957657214, "-1.0": 0.8648439021484376, "-0.8999999999999999": 0.8622913565748402, "-0.7999999999999998": 0.854999731738676, "-0.7": 0.8421969223719596, "-0.5999999999999999": 0.8237525600431953, "-0.5": 0.8002853771838844, "-0.3999999999999999": 0.7731616448430644, "-0.2999999999999998": 0.7443773489185141, "-0.19999999999999996": 0.7163363602964988, "-0.09999999999999987": 0.6915551112849506, "0.0": 0.6723378584466524, "0.10000000000000009": 0.6604728968869327, "0.20000000000000018": 0.6569977671277819, "0.30000000000000027": 0.662070782500314, "0.40000000000000036": 0.6749688609437368, "0.5": 0.6942106711530167, "0.6000000000000001": 0.7177832076787091, "0.7000000000000002": 0.7434328326194855, "0.8000000000000003": 0.7689716419782258, "0.9000000000000004": 0.7925485735547705, "1.0": 0.8128422211122805, "1.1": 0.8291474585444011, "1.2000000000000002": 0.8413479107970867, "1.3000000000000003": 0.8497873520732194, "1.4000000000000004": 0.8550713787518047, "1.5": 0.8578428260957696, "1.6": 0.8585781543396775, "1.7000000000000002": 0.8574467660180833, "1.8000000000000003": 0.8542619660336856, "1.9000000000000004": 0.8485335689302481}