{"-2.0": 0.8433947810624248, "-1.9": 0.8421588102789888, "-1.8": 0.8413435868123248, "-1.7": 0.8411796744592593, "-1.6": 0.841810778616497, "-1.5": 0.8432279661396886, "-1.4": 0.8452161090412594, "-1.2999999999999998": 0.8473259349392681, "-1.2": 0.8488827493849582, "-1.1": 0.8490380817968711, "-1.0": 0.8468637496501843, "-0.8999999999999999": 0.8414801283188935, "-0.7999999999999998": 0.8322030527571108, "-0.7": 0.8186881495386591, "-0.5999999999999999": 0.8010487324324135, "-0.5": 0.7799245174110676, "-0.3999999999999999": 0.7564835546516393, "-0.2999999999999998": 0.7323484729335639, "-0.19999999999999996": 0.7094492497456837, "-0.09999999999999987": 0.6898165936930101, "0.0": 0.6753407132512084, "0.10000000000000009": 0.667527850673231, "0.20000000000000018": 0.6672899653591957, "0.30000000000000027": 0.6748005124783685, "0.40000000000000036": 0.6894413987838796, "0.5": 0.7098538423582456, "0.6000000000000001": 0.7340907604846194, "0.7000000000000002": 0.7598527620204202, "0.8000000000000003": 0.7847763259417476, "0.9000000000000004": 0.806733587617883, "1.0": 0.824099998688913, "1.1": 0.8359497264802231, "1.2000000000000002": 0.8421486852777776, "1.3000000000000003": 0.8433301499734215, "1.4000000000000004": 0.8407557296598904, "1.5": 0.8360822930585283, "1.6": 0.8310703857104308, "1.7000000000000002": 0.8272793056461928, "1.8000000000000003": 0.8257966673354107, "1.9000000000000004": 0.8270454395920018}