{"-2.0": 0.8590218361712046, "-1.9": 0.859818887718696, "-1.8": 0.8612112130203216, "-1.7": 0.8629139310345996, "-1.6": 0.864526870045915, "-1.5": 0.8656182894205202, "-1.4": 0.8658250331301829, "-1.2999999999999998": 0.8649472325075861, "-1.2": 0.8630148185578159, "-1.1": 0.8603071962052901, "-1.0": 0.8573159555785899, "-0.8999999999999999": 0.8546519583255803, "-0.7999999999999998": 0.8529103361149666, "-0.7": 0.8525173752054037, "-0.5999999999999999": 0.8535896407665536, "-0.5": 0.8558364080262588, "-0.3999999999999999": 0.8585309536883887, "-0.2999999999999998": 0.8605651773811895, "-0.19999999999999996": 0.8605871754481471, "-0.09999999999999987": 0.8572054330742671, "0.0": 0.8492292569144037, "0.10000000000000009": 0.835905752248796, "0.20000000000000018": 0.8171111041978089, "0.30000000000000027": 0.7934590050137739, "0.40000000000000036": 0.7663012241653357, "0.5": 0.7376126329921633, "0.6000000000000001": 0.7097725159456312, "0.7000000000000002": 0.6852722508367416, "0.8000000000000003": 0.6663930645496465, "0.9000000000000004": 0.6549039638168561, "1.0": 0.6518277577625339, "1.1": 0.6573125257929665, "1.2000000000000002": 0.6706286749562829, "1.3000000000000003": 0.690290854937512, "1.4000000000000004": 0.7142831506998376, "1.5": 0.7403488871363864, "1.6": 0.7662961406776794, "1.7000000000000002": 0.7902685139532392, "1.8000000000000003": 0.8109381614522368, "1.9000000000000004": 0.8275930806202298}