{"-2.0": 0.8322096371715113, "-1.9": 0.8331058697618974, "-1.8": 0.83305896998876, "-1.7": 0.8312085208227515, "-1.6": 0.8267785547323605, "-1.5": 0.8192392304279472, "-1.4": 0.8084393047766074, "-1.2999999999999998": 0.7946844447856284, "-1.2": 0.7787453500159944, "-1.1": 0.7617915193656156, "-1.0": 0.7452591496809439, "-0.8999999999999999": 0.7306728245322117, "-0.7999999999999998": 0.7194483676820861, "-0.7": 0.7127071871365999, "-0.5999999999999999": 0.7111302034495645, "-0.5": 0.7148725689988532, "-0.3999999999999999": 0.7235501952930584, "-0.2999999999999998": 0.736297511322558, "-0.19999999999999996": 0.7518849499463096, "-0.09999999999999987": 0.7688762548285883, "0.0": 0.7858011153071516, "0.10000000000000009": 0.8013183960693425, "0.20000000000000018": 0.8143490272113905, "0.30000000000000027": 0.8241644284148986, "0.40000000000000036": 0.8304246484148219, "0.5": 0.8331685444380587, "0.6000000000000001": 0.8327648311074245, "0.7000000000000002": 0.8298366934145728, "0.8000000000000003": 0.8251735286473305, "0.9000000000000004": 0.8196415755183921, "1.0": 0.8141015774050483, "1.1": 0.8093374025495849, "1.2000000000000002": 0.8059959226848917, "1.3000000000000003": 0.8045363800355978, "1.4000000000000004": 0.8051874077581942, "1.5": 0.8079116732063504, "1.6": 0.8123810931715678, "1.7000000000000002": 0.8179686467529517, "1.8000000000000003": 0.8237647886548665, "1.9000000000000004": 0.8286263345033895}