{"-2.0": 0.887112172400059, "-1.9": 0.885321486799727, "-1.8": 0.8845364310075687, "-1.7": 0.8848923527547636, "-1.6": 0.8860735691598973, "-1.5": 0.8872393904830693, "-1.4": 0.8870460202352015, "-1.2999999999999998": 0.88377605455934, "-1.2": 0.8755680229868277, "-1.1": 0.8607185673155606, "-1.0": 0.8380131462151149, "-0.8999999999999999": 0.8070309483688141, "-0.7999999999999998": 0.7683683780798343, "-0.7": 0.7237339395995445, "-0.5999999999999999": 0.6758847544635036, "-0.5": 0.6283988001081324, "-0.3999999999999999": 0.5853034709175491, "-0.2999999999999998": 0.5506057881950144, "-0.19999999999999996": 0.5277881888116469, "-0.09999999999999987": 0.5193428576969894, "0.0": 0.5264151205280158, "0.10000000000000009": 0.5486124769908409, "0.20000000000000018": 0.5840123942088525, "0.30000000000000027": 0.6293726257027141, "0.40000000000000036": 0.6805172764797556, "0.5": 0.7328450782339179, "0.6000000000000001": 0.7818877704789735, "0.7000000000000002": 0.823839164995506, "0.8000000000000003": 0.8559805934029578, "0.9000000000000004": 0.8769451159308006, "1.0": 0.8867882982257029, "1.1": 0.8868633064930426, "1.2000000000000002": 0.8795275988408381, "1.3000000000000003": 0.8677328266877808, "1.4000000000000004": 0.8545648960210471, "1.5": 0.8428052643657077, "1.6": 0.834577195990925, "1.7000000000000002": 0.831123531586232, "1.8000000000000003": 0.8327388093681318, "1.9000000000000004": 0.8388525431810856}