{"-2.0": 0.8462163935068886, "-1.9": 0.8447038464012215, "-1.8": 0.8430092581274851, "-1.7": 0.8414602635165873, "-1.6": 0.840422579558181, "-1.5": 0.8402214878643306, "-1.4": 0.841054366689401, "-1.2999999999999998": 0.8429096780793451, "-1.2": 0.845508930612243, "-1.1": 0.8482863798389295, "-1.0": 0.8504165854777748, "-0.8999999999999999": 0.850892923384953, "-0.7999999999999998": 0.8486517337564878, "-0.7": 0.8427283009990637, "-0.5999999999999999": 0.8324237699545215, "-0.5": 0.8174577644987835, "-0.3999999999999999": 0.7980808899154024, "-0.2999999999999998": 0.775124913708337, "-0.19999999999999996": 0.7499759961040348, "-0.09999999999999987": 0.7244669580397227, "0.0": 0.7006967273409258, "0.10000000000000009": 0.6807969251548762, "0.20000000000000018": 0.6666751044515119, "0.30000000000000027": 0.6597697402306314, "0.40000000000000036": 0.6608525541754892, "0.5": 0.6699087604968447, "0.6000000000000001": 0.686115841120899, "0.7000000000000002": 0.7079278254503661, "0.8000000000000003": 0.733256742394745, "0.9000000000000004": 0.7597282646636697, "1.0": 0.7849768990423289, "1.1": 0.8069393212844493, "1.2000000000000002": 0.8241038211924375, "1.3000000000000003": 0.8356795855077285, "1.4000000000000004": 0.8416609679787441, "1.5": 0.8427773263106355, "1.6": 0.8403361227999123, "1.7000000000000002": 0.8359831563849279, "1.8000000000000003": 0.831416491496724, "1.9000000000000004": 0.8280978585353229}