{"-2.0": 0.8876059397536957, "-1.9": 0.8850641751583131, "-1.8": 0.8842548177329582, "-1.7": 0.8855848970064865, "-1.6": 0.8889229048591863, "-1.5": 0.8934805797877001, "-1.4": 0.897804136067852, "-1.2999999999999998": 0.8998927319406509, "-1.2": 0.8974401964219275, "-1.1": 0.8881729920507533, "-1.0": 0.8702372502833767, "-0.8999999999999999": 0.8425743661479554, "-0.7999999999999998": 0.8052209503866539, "-0.7": 0.7594761854748641, "-0.5999999999999999": 0.7078971889389603, "-0.5": 0.6541083556572024, "-0.3999999999999999": 0.6024398387643085, "-0.2999999999999998": 0.5574385111357311, "-0.19999999999999996": 0.5233170981653348, "-0.09999999999999987": 0.5034197107869468, "0.0": 0.4997823317693606, "0.10000000000000009": 0.5128545445063524, "0.20000000000000018": 0.5414257023197018, "0.30000000000000027": 0.5827684404058115, "0.40000000000000036": 0.6329798129733557, "0.5": 0.6874707033026816, "0.6000000000000001": 0.7415323295967701, "0.7000000000000002": 0.7908981678966179, "0.8000000000000003": 0.8322220375521929, "0.9000000000000004": 0.8634078735688251, "1.0": 0.8837512168532506, "1.1": 0.893882481582367, "1.2000000000000002": 0.8955325683278081, "1.3000000000000003": 0.8911673879784148, "1.4000000000000004": 0.8835552527123298, "1.5": 0.8753373662022906, "1.6": 0.8686662644831901, "1.7000000000000002": 0.8649614791184412, "1.8000000000000003": 0.8648090494321594, "1.9000000000000004": 0.8680060019976532}