{"-2.0": 0.8888751900995617, "-1.9": 0.8844845869927891, "-1.8": 0.8787394889106788, "-1.7": 0.8719947800919727, "-1.6": 0.8648899398131797, "-1.5": 0.858269508358506, "-1.4": 0.8530425244023404, "-1.2999999999999998": 0.8500004968084327, "-1.2": 0.8496246579585274, "-1.1": 0.8519195040791596, "-1.0": 0.8563092489727729, "-0.8999999999999999": 0.8616262619373583, "-0.7999999999999998": 0.8662066472869124, "-0.7": 0.8680899590873219, "-0.5999999999999999": 0.8653007029053188, "-0.5": 0.8561722670638685, "-0.3999999999999999": 0.8396625592950239, "-0.2999999999999998": 0.8156073778945722, "-0.19999999999999996": 0.7848635572085679, "-0.09999999999999987": 0.7493087148614318, "0.0": 0.7116859034178269, "0.10000000000000009": 0.6753062420488443, "0.20000000000000018": 0.6436465415635465, "0.30000000000000027": 0.619897877623735, "0.40000000000000036": 0.6065315650497841, "0.5": 0.6049489440750461, "0.6000000000000001": 0.6152704710759117, "0.7000000000000002": 0.6362993409785592, "0.8000000000000003": 0.6656684248520585, "0.9000000000000004": 0.7001509700506394, "1.0": 0.7360899563141736, "1.1": 0.7698824861191587, "1.2000000000000002": 0.7984472088637404, "1.3000000000000003": 0.8196059324256966, "1.4000000000000004": 0.8323247117364542, "1.5": 0.8367824209719914, "1.6": 0.8342622821557436, "1.7000000000000002": 0.8268894458755713, "1.8000000000000003": 0.8172609441013141, "1.9000000000000004": 0.8080294265199431}