{"-2.0": 0.8794262267730061, "-1.9": 0.8802832463801079, "-1.8": 0.8809500564028419, "-1.7": 0.8811975247431081, "-1.6": 0.8808448952148211, "-1.5": 0.8797997894384143, "-1.4": 0.8780884160981212, "-1.2999999999999998": 0.8758691633748098, "-1.2": 0.8734244116062772, "-1.1": 0.8711281708111666, "-1.0": 0.869390750497547, "-0.8999999999999999": 0.8685856560227274, "-0.7999999999999998": 0.8689676907910001, "-0.7": 0.8705941820754242, "-0.5999999999999999": 0.8732627350624158, "-0.5": 0.8764784961306613, "-0.3999999999999999": 0.8794613580959725, "-0.2999999999999998": 0.8811989677633735, "-0.19999999999999996": 0.8805452418233751, "-0.09999999999999987": 0.8763571171936453, "0.0": 0.8676554427095484, "0.10000000000000009": 0.8537903441262521, "0.20000000000000018": 0.8345880795747339, "0.30000000000000027": 0.8104561239916432, "0.40000000000000036": 0.7824263638986971, "0.5": 0.7521227404838232, "0.6000000000000001": 0.721648816877433, "0.7000000000000002": 0.693401458785364, "0.8000000000000003": 0.6698276586705, "0.9000000000000004": 0.6531509116417988, "1.0": 0.6450999689504936, "1.1": 0.6466750886163443, "1.2000000000000002": 0.6579844449777528, "1.3000000000000003": 0.6781761910514249, "1.4000000000000004": 0.7054805335043012, "1.5": 0.7373624526271888, "1.6": 0.7707712043954896, "1.7000000000000002": 0.8024595012763783, "1.8000000000000003": 0.8293352058835204, "1.9000000000000004": 0.848803016709159}