{"-2.0": 0.8298389896118228, "-1.9": 0.8349088903614743, "-1.8": 0.8360987625247832, "-1.7": 0.8334668414436824, "-1.6": 0.8275595429778434, "-1.5": 0.8193229310581108, "-1.4": 0.8099633994099037, "-1.2999999999999998": 0.8007789494236328, "-1.2": 0.7929856589437957, "-1.1": 0.7875634123141567, "-1.0": 0.7851410062696205, "-0.8999999999999999": 0.7859341641118867, "-0.7999999999999998": 0.7897419197031027, "-0.7": 0.7959985380052108, "-0.5999999999999999": 0.8038708059422085, "-0.5": 0.8123850910841022, "-0.3999999999999999": 0.8205655978834677, "-0.2999999999999998": 0.8275649204357775, "-0.19999999999999996": 0.8327700908686685, "-0.09999999999999987": 0.835871355618128, "0.0": 0.8368862023881679, "0.10000000000000009": 0.8361369748459038, "0.20000000000000018": 0.8341860614901202, "0.30000000000000027": 0.8317375577393946, "0.40000000000000036": 0.8295180556660241, "0.5": 0.8281515471327568, "0.6000000000000001": 0.8280442009560159, "0.7000000000000002": 0.8292939689171405, "0.8000000000000003": 0.831637652930984, "0.9000000000000004": 0.8344443727909532, "1.0": 0.8367595486023084, "1.1": 0.8373979015091093, "1.2000000000000002": 0.8350780509063225, "1.3000000000000003": 0.8285856353051846, "1.4000000000000004": 0.816947182137292, "1.5": 0.7995938911532726, "1.6": 0.7764936876716502, "1.7000000000000002": 0.7482317605571721, "1.8000000000000003": 0.7160244340942445, "1.9000000000000004": 0.6816583557564364}