{"-2.0": 0.8424400560075163, "-1.9": 0.8409425246337241, "-1.8": 0.8389569948742166, "-1.7": 0.8368511725515574, "-1.6": 0.8350655909069472, "-1.5": 0.8340260477563618, "-1.4": 0.8340470575681684, "-1.2999999999999998": 0.8352431279271761, "-1.2": 0.837464549792571, "-1.1": 0.8402714053857295, "-1.0": 0.8429540549953062, "-0.8999999999999999": 0.84460129147744, "-0.7999999999999998": 0.844209757450771, "-0.7": 0.8408213128096476, "-0.5999999999999999": 0.8336699289395016, "-0.5": 0.8223172047680257, "-0.3999999999999999": 0.8067561763850385, "-0.2999999999999998": 0.7874666858350514, "-0.19999999999999996": 0.7654116898172192, "-0.09999999999999987": 0.7419716574604651, "0.0": 0.7188225259688581, "0.10000000000000009": 0.6977703855431545, "0.20000000000000018": 0.6805620871574967, "0.30000000000000027": 0.6686944975725696, "0.40000000000000036": 0.6632457109194703, "0.5": 0.6647491153205486, "0.6000000000000001": 0.6731261503163675, "0.7000000000000002": 0.6876865514308707, "0.8000000000000003": 0.7071967662538574, "0.9000000000000004": 0.7300090515119656, "1.0": 0.7542365101259974, "1.1": 0.7779538513471179, "1.2000000000000002": 0.799400578086006, "1.3000000000000003": 0.8171629593138048, "1.4000000000000004": 0.830313556504491, "1.5": 0.8384919626235972, "1.6": 0.8419172337853142, "1.7000000000000002": 0.8413304922616338, "1.8000000000000003": 0.8378744667424103, "1.9000000000000004": 0.8329243771091844}