{"-2.0": 0.8518112836293715, "-1.9": 0.8520870249781699, "-1.8": 0.8533421740257395, "-1.7": 0.855123972067932, "-1.6": 0.8566214592966226, "-1.5": 0.8567472893058442, "-1.4": 0.8542889971351677, "-1.2999999999999998": 0.8481099933278795, "-1.2": 0.83736894319261, "-1.1": 0.8217195556746982, "-1.0": 0.8014527848581658, "-0.8999999999999999": 0.777550502065295, "-0.7999999999999998": 0.7516329666465145, "-0.7": 0.7257998211326571, "-0.5999999999999999": 0.7023828855393217, "-0.5": 0.6836453854264554, "-0.3999999999999999": 0.6714733273573741, "-0.2999999999999998": 0.6671082823744043, "-0.19999999999999996": 0.6709658954933916, "-0.09999999999999987": 0.6825715688426132, "0.0": 0.7006259967894041, "0.10000000000000009": 0.723191730616501, "0.20000000000000018": 0.7479714736370687, "0.30000000000000027": 0.7726330243372771, "0.40000000000000036": 0.7951276028318656, "0.5": 0.8139493108166321, "0.6000000000000001": 0.8282936530487818, "0.7000000000000002": 0.8380907000550065, "0.8000000000000003": 0.8439105332500791, "0.9000000000000004": 0.8467611834512511, "1.0": 0.8478183119623365, "1.1": 0.8481379451224038, "1.2000000000000002": 0.8484064415990831, "1.3000000000000003": 0.8487749723340973, "1.4000000000000004": 0.8488103116116681, "1.5": 0.8475724169647502, "1.6": 0.8438059268584577, "1.7000000000000002": 0.8362115225078002, "1.8000000000000003": 0.8237479031958621, "1.9000000000000004": 0.8059086665272615}