{"-2.0": 0.8421529870298321, "-1.9": 0.8401641234786409, "-1.8": 0.83632565513901, "-1.7": 0.8302978789261317, "-1.6": 0.8218969798442131, "-1.5": 0.8111494390032299, "-1.4": 0.7983295520230315, "-1.2999999999999998": 0.7839728239539107, "-1.2": 0.7688599937526192, "-1.1": 0.7539693899158165, "-1.0": 0.7403990235820475, "-0.8999999999999999": 0.7292639319436514, "-0.7999999999999998": 0.7215783040957567, "-0.7": 0.71813527366438, "-0.5999999999999999": 0.7193993506741763, "-0.5": 0.725426770700217, "-0.3999999999999999": 0.7358272263599929, "-0.2999999999999998": 0.7497764537968862, "-0.19999999999999996": 0.7660832504950297, "-0.09999999999999987": 0.7833073240353481, "0.0": 0.7999168367969061, "0.10000000000000009": 0.8144677305247059, "0.20000000000000018": 0.825782027046197, "0.30000000000000027": 0.8331002876242142, "0.40000000000000036": 0.8361849092889756, "0.5": 0.8353560850826651, "0.6000000000000001": 0.8314506267526585, "0.7000000000000002": 0.825704450407962, "0.8000000000000003": 0.8195709101071303, "0.9000000000000004": 0.8144976242313033, "1.0": 0.8116922671090974, "1.1": 0.8119115665587964, "1.2000000000000002": 0.8153065672287331, "1.3000000000000003": 0.821350924318077, "1.4000000000000004": 0.8288682195827998, "1.5": 0.8361604311363998, "1.6": 0.8412247039338004, "1.7000000000000002": 0.8420317116568479, "1.8000000000000003": 0.8368283665211489, "1.9000000000000004": 0.8244221991176123}