{"-2.0": 0.8787190926316416, "-1.9": 0.8775927273116929, "-1.8": 0.8768067032629913, "-1.7": 0.8765403237510899, "-1.6": 0.8768883304886094, "-1.5": 0.8778357466516606, "-1.4": 0.8792509238240234, "-1.2999999999999998": 0.880899423258518, "-1.2": 0.8824779353817385, "-1.1": 0.8836638972635107, "-1.0": 0.8841733742098427, "-0.8999999999999999": 0.8838176637824162, "-0.7999999999999998": 0.8825483761811311, "-0.7": 0.8804816727569694, "-0.5999999999999999": 0.8778948955833294, "-0.5": 0.8751927325011523, "-0.3999999999999999": 0.8728448368558258, "-0.2999999999999998": 0.8713017849704938, "-0.19999999999999996": 0.8709006436162156, "-0.09999999999999987": 0.8717744901022808, "0.0": 0.8737813694124756, "0.10000000000000009": 0.876467015739335, "0.20000000000000018": 0.8790721567784384, "0.30000000000000027": 0.8805896591751812, "0.40000000000000036": 0.8798698037109045, "0.5": 0.8757645138323602, "0.6000000000000001": 0.8672944749608392, "0.7000000000000002": 0.853817859595066, "0.8000000000000003": 0.8351767475522373, "0.9000000000000004": 0.8117979293071966, "1.0": 0.7847288054865276, "1.1": 0.7555962590386073, "1.2000000000000002": 0.7264859043140125, "1.3000000000000003": 0.6997498274203284, "1.4000000000000004": 0.6777613810041574, "1.5": 0.6626442741499114, "1.6": 0.6560087474583732, "1.7000000000000002": 0.6587290511398415, "1.8000000000000003": 0.6707932891196561, "1.9000000000000004": 0.6912491251807492}