{"-2.0": 0.8853429398425634, "-1.9": 0.8851850174349516, "-1.8": 0.884456439540763, "-1.7": 0.8830337251658451, "-1.6": 0.8809456295967211, "-1.5": 0.8783945686529389, "-1.4": 0.87573656467036, "-1.2999999999999998": 0.8734168164378198, "-1.2": 0.8718675609705064, "-1.1": 0.8713842984199571, "-1.0": 0.8720036995328665, "-0.8999999999999999": 0.8734098643041551, "-0.7999999999999998": 0.8748939313061183, "-0.7": 0.8753851304993058, "-0.5999999999999999": 0.8735600262743998, "-0.5": 0.8680226518267737, "-0.3999999999999999": 0.8575339073311211, "-0.2999999999999998": 0.8412566625140808, "-0.19999999999999996": 0.8189759209442786, "-0.09999999999999987": 0.7912529140131564, "0.0": 0.7594787618434318, "0.10000000000000009": 0.7258067566409637, "0.20000000000000018": 0.6929605397840841, "0.30000000000000027": 0.6639356268046518, "0.40000000000000036": 0.64163053040977, "0.5": 0.6284578354218335, "0.6000000000000001": 0.62599232283757, "0.7000000000000002": 0.6347110910478664, "0.8000000000000003": 0.6538695000125637, "0.9000000000000004": 0.6815381089831309, "1.0": 0.7148023545313893, "1.1": 0.7501021772713569, "1.2000000000000002": 0.7836670958779824, "1.3000000000000003": 0.8119869137158364, "1.4000000000000004": 0.8322519075223008, "1.5": 0.8427001321679343, "1.6": 0.8428228765347983, "1.7000000000000002": 0.8334002434591077, "1.8000000000000003": 0.8163639877704627, "1.9000000000000004": 0.7945101356703592}