{"-2.0": 0.8559632009895257, "-1.9": 0.8569392641037675, "-1.8": 0.8576862896377423, "-1.7": 0.8579421597092082, "-1.6": 0.8575380773791074, "-1.5": 0.8564557827749427, "-1.4": 0.8548547843467945, "-1.2999999999999998": 0.8530582485744412, "-1.2": 0.8514941991866521, "-1.1": 0.8505983781052135, "-1.0": 0.8506945803468139, "-0.8999999999999999": 0.8518754436267897, "-0.7999999999999998": 0.8539098062766098, "-0.7": 0.8562007919544556, "-0.5999999999999999": 0.8578116433096333, "-0.5": 0.8575649632121044, "-0.3999999999999999": 0.8542073132940754, "-0.2999999999999998": 0.8466175618861979, "-0.19999999999999996": 0.8340266232129898, "-0.09999999999999987": 0.8162105900033618, "0.0": 0.7936202101943193, "0.10000000000000009": 0.7674175111810656, "0.20000000000000018": 0.7394041582330265, "0.30000000000000027": 0.7118436980050561, "0.40000000000000036": 0.6871982046071314, "0.5": 0.667815725940113, "0.6000000000000001": 0.6556153255773628, "0.7000000000000002": 0.6518192977332032, "0.8000000000000003": 0.6567764625979762, "0.9000000000000004": 0.6699069898411376, "1.0": 0.6897800455227183, "1.1": 0.7143139047217476, "1.2000000000000002": 0.7410677585327975, "1.3000000000000003": 0.767578890096559, "1.4000000000000004": 0.7916910396153476, "1.5": 0.8118211478163117, "1.6": 0.827122167021003, "1.7000000000000002": 0.8375175318861092, "1.8000000000000003": 0.8436051124690723, "1.9000000000000004": 0.8464511416774327}