{"-2.0": 0.8825482945097359, "-1.9": 0.882166700693575, "-1.8": 0.8819116887911563, "-1.7": 0.8818551735916904, "-1.6": 0.8820616080473412, "-1.5": 0.8825727450139181, "-1.4": 0.8833909732589361, "-1.2999999999999998": 0.8844650236714634, "-1.2": 0.885682581145686, "-1.1": 0.8868740101489478, "-1.0": 0.8878298404417697, "-0.8999999999999999": 0.8883319882738718, "-0.7999999999999998": 0.8881953382819017, "-0.7": 0.8873129613775821, "-0.5999999999999999": 0.8856956973771384, "-0.5": 0.8834958457516362, "-0.3999999999999999": 0.8810058147743076, "-0.2999999999999998": 0.8786259295583284, "-0.19999999999999996": 0.876800875459066, "-0.09999999999999987": 0.8759306715037193, "0.0": 0.8762684823651115, "0.10000000000000009": 0.877822669459558, "0.20000000000000018": 0.8802830137459575, "0.30000000000000027": 0.8829901178078764, "0.40000000000000036": 0.8849622790518245, "0.5": 0.8849859814885597, "0.6000000000000001": 0.8817656473998754, "0.7000000000000002": 0.8741170656153978, "0.8000000000000003": 0.8611789381248669, "0.9000000000000004": 0.8426102164631191, "1.0": 0.8187389108109283, "1.1": 0.7906317214273775, "1.2000000000000002": 0.7600631117652533, "1.3000000000000003": 0.7293762689057456, "1.4000000000000004": 0.7012448460713626, "1.5": 0.6783609082462586, "1.6": 0.6630883511280583, "1.7000000000000002": 0.6571297391145101, "1.8000000000000003": 0.6612562190571345, "1.9000000000000004": 0.6751441776346836}