{"-2.0": 0.8789445273578524, "-1.9": 0.8782411443602061, "-1.8": 0.8765626573574038, "-1.7": 0.8741344869252156, "-1.6": 0.8713772791725319, "-1.5": 0.8688390286681451, "-1.4": 0.8670907714445978, "-1.2999999999999998": 0.8666016361785351, "-1.2": 0.8676143921756925, "-1.1": 0.8700445709020113, "-1.0": 0.8734242155272866, "-0.8999999999999999": 0.8769054593800655, "-0.7999999999999998": 0.8793302553045255, "-0.7": 0.8793620361335867, "-0.5999999999999999": 0.8756645799559055, "-0.5": 0.8671046326878862, "-0.3999999999999999": 0.8529494097388863, "-0.2999999999999998": 0.833028959618983, "-0.19999999999999996": 0.8078368476882315, "-0.09999999999999987": 0.7785502904081634, "0.0": 0.7469616451174315, "0.10000000000000009": 0.7153254423555183, "0.20000000000000018": 0.6861370990457778, "0.30000000000000027": 0.661869285746355, "0.40000000000000036": 0.6446981887264223, "0.5": 0.6362537140312586, "0.6000000000000001": 0.6374248163711753, "0.7000000000000002": 0.6482440886819234, "0.8000000000000003": 0.6678656059694256, "0.9000000000000004": 0.6946382769069873, "1.0": 0.7262652806451393, "1.1": 0.7600301231985129, "1.2000000000000002": 0.7930626852579421, "1.3000000000000003": 0.8226151154774518, "1.4000000000000004": 0.8463177556953322, "1.5": 0.8623891316693976, "1.6": 0.8697806278898301, "1.7000000000000002": 0.8682447273070104, "1.8000000000000003": 0.8583244758514257, "1.9000000000000004": 0.841270043551015}