{"-2.0": 0.86102989996622, "-1.9": 0.8579431817171304, "-1.8": 0.8567978241661013, "-1.7": 0.8579830927003725, "-1.6": 0.8614870361457827, "-1.5": 0.8668136826389505, "-1.4": 0.8729699431720285, "-1.2999999999999998": 0.878533636207297, "-1.2": 0.8818016765861346, "-1.1": 0.8810041841237967, "-1.0": 0.874558235016635, "-0.8999999999999999": 0.86132628997726, "-0.7999999999999998": 0.8408406274532156, "-0.7": 0.8134572839251305, "-0.5999999999999999": 0.7804110253522982, "-0.5": 0.7437557576218391, "-0.3999999999999999": 0.7061907177365288, "-0.2999999999999998": 0.6707894078820561, "-0.19999999999999996": 0.6406629972157073, "-0.09999999999999987": 0.6186005046708895, "0.0": 0.6067327785762828, "0.10000000000000009": 0.6062652809939961, "0.20000000000000018": 0.6173161690714922, "0.30000000000000027": 0.6388823458389127, "0.40000000000000036": 0.6689390448193961, "0.5": 0.7046606268427043, "0.6000000000000001": 0.74273421287851, "0.7000000000000002": 0.7797258554725717, "0.8000000000000003": 0.8124528070345278, "0.9000000000000004": 0.8383158215945212, "1.0": 0.8555520844725238, "1.1": 0.8633811369916116, "1.2000000000000002": 0.8620311758449715, "1.3000000000000003": 0.8526490883998078, "1.4000000000000004": 0.8371122339503754, "1.5": 0.8177713150265594, "1.6": 0.7971603246169533, "1.7000000000000002": 0.7777109035054118, "1.8000000000000003": 0.7615047123097199, "1.9000000000000004": 0.750089555891351}