{"-2.0": 0.8827783771762382, "-1.9": 0.8822731721059807, "-1.8": 0.8816162972021699, "-1.7": 0.8808953278603522, "-1.6": 0.8802211102155691, "-1.5": 0.879707740724643, "-1.4": 0.8794488909542381, "-1.2999999999999998": 0.8794948000137339, "-1.2": 0.8798348138441495, "-1.1": 0.8803899983510501, "-1.0": 0.8810190135606326, "-0.8999999999999999": 0.8815382195173994, "-0.7999999999999998": 0.8817541989566031, "-0.7": 0.8815039982479433, "-0.5999999999999999": 0.8806959712225509, "-0.5": 0.8793427181809683, "-0.3999999999999999": 0.8775776838145019, "-0.2999999999999998": 0.8756487298093476, "-0.19999999999999996": 0.8738853517852807, "-0.09999999999999987": 0.8726407667636863, "0.0": 0.8722151711878824, "0.10000000000000009": 0.8727711824914118, "0.20000000000000018": 0.8742558996605668, "0.30000000000000027": 0.8763453362658574, "0.40000000000000036": 0.8784256593514782, "0.5": 0.8796215863369885, "0.6000000000000001": 0.8788758061486649, "0.7000000000000002": 0.8750752246738689, "0.8000000000000003": 0.8672113839024739, "0.9000000000000004": 0.8545549627844675, "1.0": 0.8368192045884861, "1.1": 0.814285534724158, "1.2000000000000002": 0.7878671613435114, "1.3000000000000003": 0.7590930898671702, "1.4000000000000004": 0.730005055826611, "1.5": 0.7029720943520561, "1.6": 0.6804400762695868, "1.7000000000000002": 0.6646446128474055, "1.8000000000000003": 0.6573234355687163, "1.9000000000000004": 0.6594672778022022}