{"-2.0": 0.8596565432444458, "-1.9": 0.8482033959727941, "-1.8": 0.8319773702245162, "-1.7": 0.8112133376416252, "-1.6": 0.7867430598005909, "-1.5": 0.7599836744961788, "-1.4": 0.7328430806471027, "-1.2999999999999998": 0.7075461852974114, "-1.2": 0.6863981425008101, "-1.1": 0.6715114824675621, "-1.0": 0.6645316158516743, "-0.8999999999999999": 0.6663982048521058, "-0.7999999999999998": 0.6771775580619129, "-0.7": 0.6959935608687455, "-0.5999999999999999": 0.7210725567175518, "-0.5": 0.7499026352387037, "-0.3999999999999999": 0.7794920586864138, "-0.2999999999999998": 0.8066973643215651, "-0.19999999999999996": 0.8285811592207419, "-0.09999999999999987": 0.8427544252996826, "0.0": 0.8476591657007579, "0.10000000000000009": 0.8427544252996841, "0.20000000000000018": 0.8285811592207417, "0.30000000000000027": 0.8066973643215651, "0.40000000000000036": 0.7794920586864142, "0.5": 0.7499026352387029, "0.6000000000000001": 0.7210725567175517, "0.7000000000000002": 0.6959935608687454, "0.8000000000000003": 0.6771775580619078, "0.9000000000000004": 0.6663982048521054, "1.0": 0.6645316158516732, "1.1": 0.6715114824675618, "1.2000000000000002": 0.6863981425008105, "1.3000000000000003": 0.7075461852974124, "1.4000000000000004": 0.7328430806471028, "1.5": 0.7599836744961774, "1.6": 0.7867430598005918, "1.7000000000000002": 0.8112133376416255, "1.8000000000000003": 0.8319773702245156, "1.9000000000000004": 0.848203395972796}