{"-2.0": 0.8572553998626806, "-1.9": 0.8573234774752427, "-1.8": 0.8567873070153582, "-1.7": 0.8556374173185736, "-1.6": 0.854043420544632, "-1.5": 0.8523389731806866, "-1.4": 0.8509610242199152, "-1.2999999999999998": 0.8503500967478145, "-1.2": 0.8508279941272575, "-1.1": 0.8524765531597621, "-1.0": 0.8550441242927866, "-0.8999999999999999": 0.8579043035922975, "-0.7999999999999998": 0.8600840183298752, "-0.7": 0.8603663884683619, "-0.5999999999999999": 0.8574597955902195, "-0.5": 0.8502108429431262, "-0.3999999999999999": 0.8378280813493485, "-0.2999999999999998": 0.820077822817649, "-0.19999999999999996": 0.7974145297756795, "-0.09999999999999987": 0.7710164281974679, "0.0": 0.7427111149497807, "0.10000000000000009": 0.7147937990560937, "0.20000000000000018": 0.6897593957290682, "0.30000000000000027": 0.6699856519083374, "0.40000000000000036": 0.6574148118590414, "0.5": 0.6532839130140344, "0.6000000000000001": 0.657947838974114, "0.7000000000000002": 0.6708254701191497, "0.8000000000000003": 0.6904798233937813, "0.9000000000000004": 0.7148212122176034, "1.0": 0.7414019646041237, "1.1": 0.7677557466424692, "1.2000000000000002": 0.791726874205286, "1.3000000000000003": 0.8117366425700697, "1.4000000000000004": 0.8269445096967213, "1.5": 0.8372801437216847, "1.6": 0.8433447569650795, "1.7000000000000002": 0.8462028707961328, "1.8000000000000003": 0.8471046656337429, "1.9000000000000004": 0.8471909746474108}