{"-2.0": 0.8375340943524837, "-1.9": 0.838743596189903, "-1.8": 0.8396115478895273, "-1.7": 0.839894805866696, "-1.6": 0.8394716010804876, "-1.5": 0.8383812485125882, "-1.4": 0.8368294000357153, "-1.2999999999999998": 0.8351540982518106, "-1.2": 0.8337557850690842, "-1.1": 0.8330022124825908, "-1.0": 0.8331253401531965, "-0.8999999999999999": 0.8341304930482056, "-0.7999999999999998": 0.8357375203830072, "-0.7": 0.8373693545047913, "-0.5999999999999999": 0.8381958430785045, "-0.5": 0.8372312655401069, "-0.3999999999999999": 0.8334741904607914, "-0.2999999999999998": 0.8260700330993103, "-0.19999999999999996": 0.814471365763323, "-0.09999999999999987": 0.7985697539473458, "0.0": 0.7787759840800955, "0.10000000000000009": 0.7560326002887133, "0.20000000000000018": 0.7317525733141896, "0.30000000000000027": 0.7076890817818995, "0.40000000000000036": 0.6857519737704949, "0.5": 0.667794772970081, "0.6000000000000001": 0.6554007700864735, "0.7000000000000002": 0.64969708197382, "0.8000000000000003": 0.6512215760223383, "0.9000000000000004": 0.6598599552087898, "1.0": 0.6748603497336895, "1.1": 0.6949220608923834, "1.2000000000000002": 0.7183452952007133, "1.3000000000000003": 0.7432212277497597, "1.4000000000000004": 0.7676375116039024, "1.5": 0.7898737961062037, "1.6": 0.8085647247562123, "1.7000000000000002": 0.8228135330338409, "1.8000000000000003": 0.8322466916371412, "1.9000000000000004": 0.8370078399543547}