{"-2.0": 0.8497530696940339, "-1.9": 0.8483467702723508, "-1.8": 0.8469796331737468, "-1.7": 0.8459494509077456, "-1.6": 0.8455601056181892, "-1.5": 0.8460364661643738, "-1.4": 0.8474335780122055, "-1.2999999999999998": 0.8495593002658139, "-1.2": 0.8519300879255033, "-1.1": 0.8537761161233149, "-1.0": 0.8541046209412422, "-0.8999999999999999": 0.8518202155279958, "-0.7999999999999998": 0.8458897244894578, "-0.7": 0.8355288436432072, "-0.5999999999999999": 0.8203807622583148, "-0.5": 0.8006544644473527, "-0.3999999999999999": 0.7771936773867867, "-0.2999999999999998": 0.751456280898617, "-0.19999999999999996": 0.7253973033362687, "-0.09999999999999987": 0.7012643532649045, "0.0": 0.6813298312695735, "0.10000000000000009": 0.6675967472707831, "0.20000000000000018": 0.6615220179088956, "0.30000000000000027": 0.6638011491869787, "0.40000000000000036": 0.6742508013594066, "0.5": 0.6918117682931533, "0.6000000000000001": 0.7146764703122784, "0.7000000000000002": 0.7405251305718928, "0.8000000000000003": 0.7668367424110344, "0.9000000000000004": 0.7912279058460168, "1.0": 0.8117670171108236, "1.1": 0.8272143213033131, "1.2000000000000002": 0.8371497070943921, "1.3000000000000003": 0.841968101452873, "1.4000000000000004": 0.8427439915591892, "1.5": 0.8409883386664362, "1.6": 0.8383392508007443, "1.7000000000000002": 0.8362391082894495, "1.8000000000000003": 0.835653369951977, "1.9000000000000004": 0.8368794988325139}