{"-2.0": 0.8459807735259358, "-1.9": 0.8456998271085001, "-1.8": 0.8463611362404473, "-1.7": 0.847835185050047, "-1.6": 0.8496905763835526, "-1.5": 0.8511999128616937, "-1.4": 0.8514047107590327, "-1.2999999999999998": 0.8492368408467396, "-1.2": 0.8436830464286614, "-1.1": 0.8339693983364219, "-1.0": 0.8197360609752254, "-0.8999999999999999": 0.8011709786479575, "-0.7999999999999998": 0.7790748056563047, "-0.7": 0.7548383980159475, "-0.5999999999999999": 0.7303272714235458, "-0.5": 0.7076825865570474, "-0.3999999999999999": 0.6890629100379979, "-0.2999999999999998": 0.6763625964877149, "-0.19999999999999996": 0.6709489142472955, "-0.09999999999999987": 0.6734595820118908, "0.0": 0.683694898493333, "0.10000000000000009": 0.7006250586028823, "0.20000000000000018": 0.7225155988034498, "0.30000000000000027": 0.7471550424791276, "0.40000000000000036": 0.7721518931766922, "0.5": 0.7952560997686835, "0.6000000000000001": 0.8146551964109897, "0.7000000000000002": 0.8291985468683566, "0.8000000000000003": 0.8385141669263668, "0.9000000000000004": 0.8429997746302444, "1.0": 0.8436902460720137, "1.1": 0.8420241199565117, "1.2000000000000002": 0.8395487292371617, "1.3000000000000003": 0.8376140221772095, "1.4000000000000004": 0.8371073097373644, "1.5": 0.8382745805367852, "1.6": 0.8406596913905238, "1.7000000000000002": 0.8431730322789437, "1.8000000000000003": 0.8442794732458727, "1.9000000000000004": 0.8422751913726545}