{"-2.0": 0.83621963916356, "-1.9": 0.8379812402957516, "-1.8": 0.8402140300631935, "-1.7": 0.8422151597625612, "-1.6": 0.8430933223682427, "-1.5": 0.8418896858709259, "-1.4": 0.8377241381745232, "-1.2999999999999998": 0.8299455657865645, "-1.2": 0.8182631704837546, "-1.1": 0.8028376506414405, "-1.0": 0.7843162015665649, "-0.8999999999999999": 0.7638029697835602, "-0.7999999999999998": 0.7427656860780478, "-0.7": 0.7228883499969581, "-0.5999999999999999": 0.7058876969057604, "-0.5": 0.6933166074712926, "-0.3999999999999999": 0.6863798504502326, "-0.2999999999999998": 0.6857862887735174, "-0.19999999999999996": 0.6916571330057428, "-0.09999999999999987": 0.7035026556690516, "0.0": 0.7202709881156469, "0.10000000000000009": 0.7404634025358211, "0.20000000000000018": 0.7623020497979746, "0.30000000000000027": 0.7839295523926387, "0.40000000000000036": 0.8036159406446141, "0.5": 0.8199476084958968, "0.6000000000000001": 0.8319752947415687, "0.7000000000000002": 0.8393032271776011, "0.8000000000000003": 0.8421088383585346, "0.9000000000000004": 0.8410909781795044, "1.0": 0.8373532933657515, "1.1": 0.8322373927011986, "1.2000000000000002": 0.8271266465327372, "1.3000000000000003": 0.8232452526626064, "1.4000000000000004": 0.8214780800137689, "1.5": 0.8222346346547591, "1.6": 0.8253754734899574, "1.7000000000000002": 0.8302120366384942, "1.8000000000000003": 0.8355819788958547, "1.9000000000000004": 0.839992660390588}