{"-2.0": 0.8513478920901565, "-1.9": 0.8521093473852116, "-1.8": 0.8531105644617505, "-1.7": 0.8541863445687664, "-1.6": 0.8551111961022215, "-1.5": 0.8556401328887053, "-1.4": 0.8555621135980958, "-1.2999999999999998": 0.8547553539014873, "-1.2": 0.8532314853415228, "-1.1": 0.8511559389146275, "-1.0": 0.8488352536406211, "-0.8999999999999999": 0.8466678959799914, "-0.7999999999999998": 0.8450626742900702, "-0.7": 0.8443365416100184, "-0.5999999999999999": 0.844609898453243, "-0.5": 0.845720949092882, "-0.3999999999999999": 0.8471801774651506, "-0.2999999999999998": 0.8481812281389055, "-0.19999999999999996": 0.84767586417043, "-0.09999999999999987": 0.8445094929512137, "0.0": 0.837601893676158, "0.10000000000000009": 0.8261474424358393, "0.20000000000000018": 0.8098024146687449, "0.30000000000000027": 0.7888254447590244, "0.40000000000000036": 0.7641416854336173, "0.5": 0.737311331213322, "0.6000000000000001": 0.7103975804579398, "0.7000000000000002": 0.6857455582990489, "0.8000000000000003": 0.6656994362706024, "0.9000000000000004": 0.6522971491532641, "1.0": 0.6469883787389619, "1.1": 0.6504204191800251, "1.2000000000000002": 0.6623279518091242, "1.3000000000000003": 0.6815477466156934, "1.4000000000000004": 0.7061601553996663, "1.5": 0.7337390666275015, "1.6": 0.7616741505007064, "1.7000000000000002": 0.7875168392327178, "1.8000000000000003": 0.8092968189812918, "1.9000000000000004": 0.8257598450330336}