{"-2.0": 0.7886696048166336, "-1.9": 0.804663631076621, "-1.8": 0.8158346534018288, "-1.7": 0.8224288080379814, "-1.6": 0.8251819314641099, "-1.5": 0.825138509042412, "-1.4": 0.8234484150262316, "-1.2999999999999998": 0.8211770148641502, "-1.2": 0.819158668564538, "-1.1": 0.8179131476866578, "-1.0": 0.8176312016921452, "-0.8999999999999999": 0.8182221441291602, "-0.7999999999999998": 0.8194054289704981, "-0.7": 0.8208217051038611, "-0.5999999999999999": 0.8221377633060336, "-0.5": 0.8231239925138376, "-0.3999999999999999": 0.823691251187745, "-0.2999999999999998": 0.8238844645277823, "-0.19999999999999996": 0.8238404549634186, "-0.09999999999999987": 0.8237253129580172, "0.0": 0.8236704159816675, "0.10000000000000009": 0.8237253129580164, "0.20000000000000018": 0.8238404549634193, "0.30000000000000027": 0.8238844645277824, "0.40000000000000036": 0.823691251187743, "0.5": 0.8231239925138373, "0.6000000000000001": 0.8221377633060337, "0.7000000000000002": 0.8208217051038614, "0.8000000000000003": 0.8194054289704948, "0.9000000000000004": 0.8182221441291615, "1.0": 0.8176312016921456, "1.1": 0.817913147686658, "1.2000000000000002": 0.8191586685645376, "1.3000000000000003": 0.8211770148641486, "1.4000000000000004": 0.8234484150262318, "1.5": 0.8251385090424121, "1.6": 0.8251819314641102, "1.7000000000000002": 0.8224288080379809, "1.8000000000000003": 0.8158346534018297, "1.9000000000000004": 0.804663631076622}