{"-2.0": 0.8927224482084989, "-1.9": 0.8937228053126018, "-1.8": 0.894044898329968, "-1.7": 0.8937936775243804, "-1.6": 0.893216424324605, "-1.5": 0.8926429687347327, "-1.4": 0.8924032766560157, "-1.2999999999999998": 0.8927404057827671, "-1.2": 0.8937390664529861, "-1.1": 0.8952878427221171, "-1.0": 0.8970867274426588, "-0.8999999999999999": 0.8987021328089178, "-0.7999999999999998": 0.8996608250203334, "-0.7": 0.899564552643137, "-0.5999999999999999": 0.8982006744753056, "-0.5": 0.895622487736976, "-0.3999999999999999": 0.8921769385831668, "-0.2999999999999998": 0.8884665671952209, "-0.19999999999999996": 0.8852453900499325, "-0.09999999999999987": 0.8832625729270256, "0.0": 0.8830803822628883, "0.10000000000000009": 0.884901308971074, "0.20000000000000018": 0.8884413873687511, "0.30000000000000027": 0.8928816431575223, "0.40000000000000036": 0.8969177247824947, "0.5": 0.8989108915764517, "0.6000000000000001": 0.8971245330604236, "0.7000000000000002": 0.8900127566038177, "0.8000000000000003": 0.8765147453054132, "0.9000000000000004": 0.8563032947481499, "1.0": 0.8299396705339425, "1.1": 0.7988995741865781, "1.2000000000000002": 0.7654547957276129, "1.3000000000000003": 0.7324188995539864, "1.4000000000000004": 0.7027889933603173, "1.5": 0.6793350560192704, "1.6": 0.6641998308785975, "1.7000000000000002": 0.6585735775872004, "1.8000000000000003": 0.6624984054427782, "1.9000000000000004": 0.6748377683031436}