{"-2.0": 0.855670665690653, "-1.9": 0.8531100253592238, "-1.8": 0.8516524387062027, "-1.7": 0.8517160914763209, "-1.6": 0.8533964048591697, "-1.5": 0.8563704941600148, "-1.4": 0.8598716264828613, "-1.2999999999999998": 0.8627477679802937, "-1.2": 0.8636033611732957, "-1.1": 0.8610074810789078, "-1.0": 0.8537375130021323, "-0.8999999999999999": 0.841018282938484, "-0.7999999999999998": 0.8227141857681938, "-0.7": 0.7994371260824603, "-0.5999999999999999": 0.7725454282959228, "-0.5": 0.7440263464290588, "-0.3999999999999999": 0.716274430686562, "-0.2999999999999998": 0.6917962974642038, "-0.19999999999999996": 0.6728859407780956, "-0.09999999999999987": 0.6613210188804186, "0.0": 0.6581282221142603, "0.10000000000000009": 0.6634550970793059, "0.20000000000000018": 0.676568329326591, "0.30000000000000027": 0.6959774778946259, "0.40000000000000036": 0.7196622246015889, "0.5": 0.7453640951600439, "0.6000000000000001": 0.7708934123784534, "0.7000000000000002": 0.79440079869803, "0.8000000000000003": 0.8145701081355328, "0.9000000000000004": 0.830704837072485, "1.0": 0.8427000381972265, "1.1": 0.8509128529466085, "1.2000000000000002": 0.8559630901880321, "1.3000000000000003": 0.858507436985304, "1.4000000000000004": 0.8590346651118208, "1.5": 0.8577239354211816, "1.6": 0.8543950337859709, "1.7000000000000002": 0.848560629093055, "1.8000000000000003": 0.839569983717336, "1.9000000000000004": 0.8268148876017162}