{"-2.0": 0.8820031191380138, "-1.9": 0.8828050440527789, "-1.8": 0.8827072073701725, "-1.7": 0.8816095026923744, "-1.6": 0.87961594795715, "-1.5": 0.8770376238451763, "-1.4": 0.8743518847754029, "-1.2999999999999998": 0.8721197146719799, "-1.2": 0.8708713682643907, "-1.1": 0.8709777339900382, "-1.0": 0.872529739351057, "-0.8999999999999999": 0.8752494738808021, "-0.7999999999999998": 0.8784539530377666, "-0.7": 0.8810857001180875, "-0.5999999999999999": 0.8818144103109226, "-0.5": 0.8792023272348473, "-0.3999999999999999": 0.8719144589126485, "-0.2999999999999998": 0.8589453473744778, "-0.19999999999999996": 0.8398285217423941, "-0.09999999999999987": 0.8147942142880712, "0.0": 0.7848458424637663, "0.10000000000000009": 0.7517357182674979, "0.20000000000000018": 0.7178341526150259, "0.30000000000000027": 0.6859016170463286, "0.40000000000000036": 0.6587885700540285, "0.5": 0.6390996012514043, "0.6000000000000001": 0.6288657130129198, "0.7000000000000002": 0.6292695642687155, "0.8000000000000003": 0.6404629849760012, "0.9000000000000004": 0.6615046726013581, "1.0": 0.690430261522077, "1.1": 0.724449156890298, "1.2000000000000002": 0.7602452337977934, "1.3000000000000003": 0.794344251540307, "1.4000000000000004": 0.8235017041496476, "1.5": 0.8450621365425668, "1.6": 0.8572450494953706, "1.7000000000000002": 0.8593227358396749, "1.8000000000000003": 0.851670180128884, "1.9000000000000004": 0.835684318155894}