{"-2.0": 0.832032803868515, "-1.9": 0.8301800198445249, "-1.8": 0.8267329843318915, "-1.7": 0.8213871784054844, "-1.6": 0.8140229248592897, "-1.5": 0.8047608177415431, "-1.4": 0.793983136108292, "-1.2999999999999998": 0.7823160291822242, "-1.2": 0.7705738692897302, "-1.1": 0.7596734160522224, "-1.0": 0.7505302141692517, "-0.8999999999999999": 0.7439521742128979, "-0.7999999999999998": 0.740545235544206, "-0.7": 0.7406435534197462, "-0.5999999999999999": 0.74427239290565, "-0.5": 0.7511467418135105, "-0.3999999999999999": 0.760703555487426, "-0.2999999999999998": 0.7721613869508317, "-0.19999999999999996": 0.7845985257971119, "-0.09999999999999987": 0.7970398810293506, "0.0": 0.8085435250538966, "0.10000000000000009": 0.818279590073548, "0.20000000000000018": 0.825596433074875, "0.30000000000000027": 0.8300710306630874, "0.40000000000000036": 0.8315419715540453, "0.5": 0.8301240081381778, "0.6000000000000001": 0.8262030543239386, "0.7000000000000002": 0.8204101895868333, "0.8000000000000003": 0.8135732088716313, "0.9000000000000004": 0.8066450806068381, "1.0": 0.8006106781243258, "1.1": 0.7963763369683532, "1.2000000000000002": 0.7946507714592543, "1.3000000000000003": 0.7958299091383256, "1.4000000000000004": 0.7999012940933371, "1.5": 0.8063848686015908, "1.6": 0.8143253792108901, "1.7000000000000002": 0.8223470127148093, "1.8000000000000003": 0.8287733763345961, "1.9000000000000004": 0.831806445901017}