{"-2.0": 0.8299318376409186, "-1.9": 0.8279313859970582, "-1.8": 0.8219686244200458, "-1.7": 0.8126104888529685, "-1.6": 0.8008749772468597, "-1.5": 0.7880870454203841, "-1.4": 0.7756960389949589, "-1.2999999999999998": 0.7650832083264212, "-1.2": 0.7573878932994618, "-1.1": 0.7533763833597398, "-1.0": 0.7533693093817835, "-0.8999999999999999": 0.7572333274734148, "-0.7999999999999998": 0.7644326673533796, "-0.7": 0.7741275771788998, "-0.5999999999999999": 0.7853011069798006, "-0.5": 0.7968936921711727, "-0.3999999999999999": 0.8079265637838658, "-0.2999999999999998": 0.8175994099554114, "-0.19999999999999996": 0.8253537763535209, "-0.09999999999999987": 0.830900073315749, "0.0": 0.8342115170353391, "0.10000000000000009": 0.8354919917546422, "0.20000000000000018": 0.8351263118965427, "0.30000000000000027": 0.8336208620834492, "0.40000000000000036": 0.831540723308072, "0.5": 0.8294470378459151, "0.6000000000000001": 0.8278364223592337, "0.7000000000000002": 0.82708338518033, "0.8000000000000003": 0.8273872191121143, "0.9000000000000004": 0.8287265313449096, "1.0": 0.8308268149469241, "1.1": 0.8331483663107813, "1.2000000000000002": 0.834902472577406, "1.3000000000000003": 0.8351024083504648, "1.4000000000000004": 0.8326521007076859, "1.5": 0.8264696178250948, "1.6": 0.8156357515615603, "1.7000000000000002": 0.7995511830872928, "1.8000000000000003": 0.7780805303301274, "1.9000000000000004": 0.7516593576404264}