{"-2.0": 0.8826725734893845, "-1.9": 0.879546039817475, "-1.8": 0.8775941237726124, "-1.7": 0.8773819852380611, "-1.6": 0.8790856881673943, "-1.5": 0.8823430822996344, "-1.4": 0.8861876614749515, "-1.2999999999999998": 0.8890911233217182, "-1.2": 0.8891225726230397, "-1.1": 0.8842112820177902, "-1.0": 0.8724793532788153, "-0.8999999999999999": 0.8525943764719423, "-0.7999999999999998": 0.8240835716487058, "-0.7": 0.7875520216323373, "-0.5999999999999999": 0.7447589111073013, "-0.5": 0.6985258032625652, "-0.3999999999999999": 0.6524768852912455, "-0.2999999999999998": 0.6106385983447747, "-0.19999999999999996": 0.5769504711849218, "-0.09999999999999987": 0.5547559869045063, "0.0": 0.5463487460285819, "0.10000000000000009": 0.5526435907440309, "0.20000000000000018": 0.5730252956114414, "0.30000000000000027": 0.605401456130824, "0.40000000000000036": 0.6464554336844883, "0.5": 0.6920646397263264, "0.6000000000000001": 0.7378240869063024, "0.7000000000000002": 0.7795991845566803, "0.8000000000000003": 0.8140278317302878, "0.9000000000000004": 0.8389005673173848, "1.0": 0.853367360846029, "1.1": 0.8579472084381881, "1.2000000000000002": 0.854347417288942, "1.3000000000000003": 0.8451282471817909, "1.4000000000000004": 0.8332707789013601, "1.5": 0.8217180574707588, "1.6": 0.8129600481223408, "1.7000000000000002": 0.8087220975287563, "1.8000000000000003": 0.8097966665610554, "1.9000000000000004": 0.8160328035677991}