{"-2.0": 0.8396445586357024, "-1.9": 0.8410069574978414, "-1.8": 0.8425782670136361, "-1.7": 0.8440075813609803, "-1.6": 0.8449374528200673, "-1.5": 0.845080132640987, "-1.4": 0.8442854365552329, "-1.2999999999999998": 0.8425856232191573, "-1.2": 0.8402061432259128, "-1.1": 0.837536913510955, "-1.0": 0.8350659279271099, "-0.8999999999999999": 0.8332842778247412, "-0.7999999999999998": 0.8325777115545644, "-0.7": 0.8331235644593817, "-0.5999999999999999": 0.8348124745456579, "-0.5": 0.8372115183245532, "-0.3999999999999999": 0.8395795862017438, "-0.2999999999999998": 0.840937827025625, "-0.19999999999999996": 0.840189079476293, "-0.09999999999999987": 0.8362718139382974, "0.0": 0.8283276218250497, "0.10000000000000009": 0.8158578184363868, "0.20000000000000018": 0.7988449136586456, "0.30000000000000027": 0.777818623119771, "0.40000000000000036": 0.7538532258338647, "0.5": 0.7284924031016767, "0.6000000000000001": 0.7036078536751402, "0.7000000000000002": 0.6812074772205512, "0.8000000000000003": 0.6632163562344928, "0.9000000000000004": 0.6512580590685481, "1.0": 0.646464313511526, "1.1": 0.6493377906513136, "1.2000000000000002": 0.6596860688925439, "1.3000000000000003": 0.6766357588119787, "1.4000000000000004": 0.6987255188108912, "1.5": 0.7240666675261438, "1.6": 0.7505516239828824, "1.7000000000000002": 0.7760845595687029, "1.8000000000000003": 0.7988061286020955, "1.9000000000000004": 0.8172852048700598}