{"-2.0": 0.8202665823295863, "-1.9": 0.8208239259766685, "-1.8": 0.8177098207932632, "-1.7": 0.8119541631904204, "-1.6": 0.804870297198037, "-1.5": 0.7978387608426882, "-1.4": 0.7920927318879551, "-1.2999999999999998": 0.7885404942106138, "-1.2": 0.7876526432347826, "-1.1": 0.7894294217572673, "-1.0": 0.7934488641585643, "-0.8999999999999999": 0.7989820802959503, "-0.7999999999999998": 0.805150674668085, "-0.7": 0.811095006481017, "-0.5999999999999999": 0.8161217951388924, "-0.5": 0.8198053255899891, "-0.3999999999999999": 0.822026930000745, "-0.2999999999999998": 0.822950357470751, "-0.19999999999999996": 0.822943483774371, "-0.09999999999999987": 0.8224670172175391, "0.0": 0.8219564507061512, "0.10000000000000009": 0.8217234735464807, "0.20000000000000018": 0.8218975183364512, "0.30000000000000027": 0.8224183242820726, "0.40000000000000036": 0.8230784555677947, "0.5": 0.8236031631263128, "0.6000000000000001": 0.823746279936171, "0.7000000000000002": 0.8233768709437698, "0.8000000000000003": 0.8225330265329541, "0.9000000000000004": 0.8214262364211851, "1.0": 0.8203908251787705, "1.1": 0.8197857248175109, "1.2000000000000002": 0.8198677361645944, "1.3000000000000003": 0.8206638320387618, "1.4000000000000004": 0.8218730547691864, "1.5": 0.8228252649727765, "1.6": 0.8225147539026567, "1.7000000000000002": 0.819713089354663, "1.8000000000000003": 0.813150009516716, "1.9000000000000004": 0.8017366680172593}