{"-2.0": 0.860955794390496, "-1.9": 0.8576565426473075, "-1.8": 0.8553258625328535, "-1.7": 0.8545408795123445, "-1.6": 0.8556046516862701, "-1.5": 0.8584235006416807, "-1.4": 0.8624446792271174, "-1.2999999999999998": 0.8666733550419984, "-1.2": 0.8697745184241772, "-1.1": 0.8702500788566875, "-1.0": 0.866666897807569, "-0.8999999999999999": 0.8579005847867939, "-0.7999999999999998": 0.8433547530619446, "-0.7": 0.8231172818883915, "-0.5999999999999999": 0.7980238914593701, "-0.5": 0.7696136510211394, "-0.3999999999999999": 0.7399784965462024, "-0.2999999999999998": 0.7115263882015134, "-0.19999999999999996": 0.6866922706130061, "-0.09999999999999987": 0.6676398947836417, "0.0": 0.655999198061029, "0.10000000000000009": 0.6526780005005465, "0.20000000000000018": 0.6577743166775185, "0.30000000000000027": 0.670598837829698, "0.40000000000000036": 0.6897991161314169, "0.5": 0.7135608984263874, "0.6000000000000001": 0.7398507416467065, "0.7000000000000002": 0.7666594155421114, "0.8000000000000003": 0.7922083160940627, "0.9000000000000004": 0.8150904563063052, "1.0": 0.8343316263429855, "1.1": 0.8493732357125018, "1.2000000000000002": 0.8599930772308806, "1.3000000000000003": 0.8661909886393327, "1.4000000000000004": 0.8680711621250206, "1.5": 0.8657508916341503, "1.6": 0.8593174153767745, "1.7000000000000002": 0.8488419825068363, "1.8000000000000003": 0.8344459813027474, "1.9000000000000004": 0.8164008781490019}