{"-2.0": 0.8746422532291893, "-1.9": 0.87546898520705, "-1.8": 0.8767140443744211, "-1.7": 0.8781058554706664, "-1.6": 0.8793058066984724, "-1.5": 0.8799742413668711, "-1.4": 0.8798431422159033, "-1.2999999999999998": 0.8787811364094579, "-1.2": 0.876836725409165, "-1.1": 0.8742486585613188, "-1.0": 0.8714177214946477, "-0.8999999999999999": 0.8688410463288504, "-0.7999999999999998": 0.8670172025907542, "-0.7": 0.8663365152519046, "-0.5999999999999999": 0.8669751130824284, "-0.5": 0.8688122962684217, "-0.3999999999999999": 0.8713885716920382, "-0.2999999999999998": 0.8739163438824475, "-0.19999999999999996": 0.8753475174262207, "-0.09999999999999987": 0.8744933376264109, "0.0": 0.8701830829146285, "0.10000000000000009": 0.8614411427062393, "0.20000000000000018": 0.8476577561685217, "0.30000000000000027": 0.8287280117451649, "0.40000000000000036": 0.805136821355421, "0.5": 0.7779741048843745, "0.6000000000000001": 0.7488734395932394, "0.7000000000000002": 0.7198776523958808, "0.8000000000000003": 0.6932447892234206, "0.9000000000000004": 0.6712161635291648, "1.0": 0.6557736082837018, "1.1": 0.6484149061683047, "1.2000000000000002": 0.649974449013907, "1.3000000000000003": 0.6605108115192525, "1.4000000000000004": 0.6792749094834658, "1.5": 0.7047628677202014, "1.6": 0.7348479146065219, "1.7000000000000002": 0.7669767791965166, "1.8000000000000003": 0.7984092214426658, "1.9000000000000004": 0.8264751815389043}