{"-2.0": 0.8356873452851912, "-1.9": 0.8323325595171942, "-1.8": 0.8257024089548547, "-1.7": 0.8158646361761552, "-1.6": 0.8032682891958516, "-1.5": 0.7887098364802542, "-1.4": 0.7732570158352726, "-1.2999999999999998": 0.7581401504284795, "-1.2": 0.7446242754561622, "-1.1": 0.7338771198553217, "-1.0": 0.726847763488443, "-0.8999999999999999": 0.7241688931638702, "-0.7999999999999998": 0.7260924430087927, "-0.7": 0.7324645349774302, "-0.5999999999999999": 0.7427415224155658, "-0.5": 0.7560449828372015, "-0.3999999999999999": 0.7712499842651208, "-0.2999999999999998": 0.7870980293873676, "-0.19999999999999996": 0.8023238555350596, "-0.09999999999999987": 0.8157838034228936, "0.0": 0.826572848685392, "0.10000000000000009": 0.834117738405658, "0.20000000000000018": 0.8382351315889859, "0.30000000000000027": 0.8391463217142877, "0.40000000000000036": 0.8374440372338587, "0.5": 0.8340118183069536, "0.6000000000000001": 0.8299021797879226, "0.7000000000000002": 0.826185585201065, "0.8000000000000003": 0.8237873826605082, "0.9000000000000004": 0.8233334175533447, "1.0": 0.8250262292188483, "1.1": 0.828571982441011, "1.2000000000000002": 0.8331733870810007, "1.3000000000000003": 0.8375961185438923, "1.4000000000000004": 0.8403064834509336, "1.5": 0.8396675447614824, "1.6": 0.8341711841482626, "1.7000000000000002": 0.8226762468716091, "1.8000000000000003": 0.8046193781096993, "1.9000000000000004": 0.7801663315557341}