{"-2.0": 0.8517822326550031, "-1.9": 0.8509965994208284, "-1.8": 0.8498039056806118, "-1.7": 0.8483734427568941, "-1.6": 0.8469892413688458, "-1.5": 0.8460017013343462, "-1.4": 0.84575011825018, "-1.2999999999999998": 0.8464675547378142, "-1.2": 0.8481853061032171, "-1.1": 0.8506572531886688, "-1.0": 0.8533237068002091, "-0.8999999999999999": 0.8553296109840278, "-0.7999999999999998": 0.8556036496506679, "-0.7": 0.8529941151568924, "-0.5999999999999999": 0.8464461563229837, "-0.5": 0.8351953166119956, "-0.3999999999999999": 0.8189460903092406, "-0.2999999999999998": 0.7980030642727547, "-0.19999999999999996": 0.7733267594321774, "-0.09999999999999987": 0.7464962192468605, "0.0": 0.7195743746752257, "0.10000000000000009": 0.6948880720112652, "0.20000000000000018": 0.6747497153069447, "0.30000000000000027": 0.6611590501297386, "0.40000000000000036": 0.6555294576008887, "0.5": 0.6584818818987954, "0.6000000000000001": 0.6697410029088617, "0.7000000000000002": 0.6881535771870488, "0.8000000000000003": 0.7118302237384243, "0.9000000000000004": 0.738392329401536, "1.0": 0.7652884791361215, "1.1": 0.7901328818026602, "1.2000000000000002": 0.8110138430708974, "1.3000000000000003": 0.8267243861273904, "1.4000000000000004": 0.83687916072591, "1.5": 0.8418999524685362, "1.6": 0.8428734576051484, "1.7000000000000002": 0.8413059748832682, "1.8000000000000003": 0.8388167407841232, "1.9000000000000004": 0.836821872176819}