{"-2.0": 0.8499965952528685, "-1.9": 0.850426163188189, "-1.8": 0.8512293993555353, "-1.7": 0.8518590048231927, "-1.6": 0.8515154567071245, "-1.5": 0.8492434655170705, "-1.4": 0.8440785857083777, "-1.2999999999999998": 0.8352237318162857, "-1.2": 0.8222271666410834, "-1.1": 0.8051298793623495, "-1.0": 0.784552256065913, "-0.8999999999999999": 0.7616976683706312, "-0.7999999999999998": 0.7382630954735085, "-0.7": 0.7162622160634691, "-0.5999999999999999": 0.697781966761409, "-0.5": 0.6847065600325578, "-0.3999999999999999": 0.6784508836556626, "-0.2999999999999998": 0.679746342292641, "-0.19999999999999996": 0.6885159632494241, "-0.09999999999999987": 0.7038626869956732, "0.0": 0.7241771418587988, "0.10000000000000009": 0.7473517348141305, "0.20000000000000018": 0.7710698976849187, "0.30000000000000027": 0.7931259980951931, "0.40000000000000036": 0.8117252343167922, "0.5": 0.8257150823942717, "0.6000000000000001": 0.8347104068920781, "0.7000000000000002": 0.8390915773498355, "0.8000000000000003": 0.8398760322398945, "0.9000000000000004": 0.8384851398795797, "1.0": 0.8364462317073076, "1.1": 0.8350811577744429, "1.2000000000000002": 0.8352355544751843, "1.3000000000000003": 0.8370966075298781, "1.4000000000000004": 0.8401324232682416, "1.5": 0.8431656156815066, "1.6": 0.8445708355717317, "1.7000000000000002": 0.8425646084513475, "1.8000000000000003": 0.835539667621795, "1.9000000000000004": 0.8223877505046464}