{"-2.0": 0.8573861611801771, "-1.9": 0.8569599971509856, "-1.8": 0.8566970424881628, "-1.7": 0.8567299381473629, "-1.6": 0.8571104906748339, "-1.5": 0.857781071578851, "-1.4": 0.8585718696175332, "-1.2999999999999998": 0.8592279384596149, "-1.2": 0.8594630308946494, "-1.1": 0.8590302449030474, "-1.0": 0.8577941366409231, "-0.8999999999999999": 0.8557865648501064, "-0.7999999999999998": 0.8532299566691992, "-0.7": 0.8505169914061258, "-0.5999999999999999": 0.8481441086305098, "-0.5": 0.8466062426066701, "-0.3999999999999999": 0.8462697768850654, "-0.2999999999999998": 0.8472478225735794, "-0.19999999999999996": 0.8493048121149468, "-0.09999999999999987": 0.8518150519388512, "0.0": 0.8537922618660626, "0.10000000000000009": 0.8539952785358486, "0.20000000000000018": 0.8511009758317565, "0.30000000000000027": 0.8439216211580438, "0.40000000000000036": 0.8316330424464337, "0.5": 0.8139744429527791, "0.6000000000000001": 0.7913819273984081, "0.7000000000000002": 0.7650260617847257, "0.8000000000000003": 0.736738038678505, "0.9000000000000004": 0.7088270353109485, "1.0": 0.6838100844707098, "1.1": 0.6640918862004683, "1.2000000000000002": 0.6516424472284131, "1.3000000000000003": 0.6477231126728851, "1.4000000000000004": 0.6527056409669438, "1.5": 0.6660151794492737, "1.6": 0.6862084799391381, "1.7000000000000002": 0.7111767030273979, "1.8000000000000003": 0.7384414860170087, "1.9000000000000004": 0.7654972448914212}