{"-2.0": 0.831428758230732, "-1.9": 0.8336595699888997, "-1.8": 0.8360625052000349, "-1.7": 0.8377529704185791, "-1.6": 0.8377245882630164, "-1.5": 0.8350102410248341, "-1.4": 0.8288516657927966, "-1.2999999999999998": 0.818849505162786, "-1.2": 0.8050681894169572, "-1.1": 0.7880769000550715, "-1.0": 0.7689179384352646, "-0.8999999999999999": 0.7490053438083478, "-0.7999999999999998": 0.7299675938605459, "-0.7": 0.7134568344610417, "-0.5999999999999999": 0.7009519408227831, "-0.5": 0.6935831196130372, "-0.3999999999999999": 0.692001820718115, "-0.2999999999999998": 0.6963122776826667, "-0.19999999999999996": 0.7060714317454105, "-0.09999999999999987": 0.7203539880047802, "0.0": 0.737870539146304, "0.10000000000000009": 0.7571203817566685, "0.20000000000000018": 0.776557614860344, "0.30000000000000027": 0.7947494893061509, "0.40000000000000036": 0.810509307574125, "0.5": 0.8229915366097433, "0.6000000000000001": 0.8317430357706489, "0.7000000000000002": 0.8367102754884475, "0.8000000000000003": 0.838207224099623, "0.9000000000000004": 0.8368516942769376, "1.0": 0.8334792941425425, "1.1": 0.8290440430664543, "1.2000000000000002": 0.8245137679000456, "1.3000000000000003": 0.8207672430364165, "1.4000000000000004": 0.8184992093580779, "1.5": 0.8181391675661477, "1.6": 0.8197901170530111, "1.7000000000000002": 0.823193814391692, "1.8000000000000003": 0.8277290665101277, "1.9000000000000004": 0.8324484386358793}