{"-2.0": 0.8693848889038056, "-1.9": 0.8689799684252568, "-1.8": 0.867401429819243, "-1.7": 0.8648366926825154, "-1.6": 0.8617379067110839, "-1.5": 0.8587472314054699, "-1.4": 0.8565691099946836, "-1.2999999999999998": 0.855810635215428, "-1.2": 0.8568195345538927, "-1.1": 0.859552452170348, "-1.0": 0.863503137667951, "-0.8999999999999999": 0.867711108592867, "-0.7999999999999998": 0.8708577509714179, "-0.7": 0.8714410224739325, "-0.5999999999999999": 0.8680048103265932, "-0.5": 0.8593874402148302, "-0.3999999999999999": 0.8449481377744678, "-0.2999999999999998": 0.8247316951051149, "-0.19999999999999996": 0.799540183464086, "-0.09999999999999987": 0.7708949493492805, "0.0": 0.7408899008972043, "0.10000000000000009": 0.7119551312128664, "0.20000000000000018": 0.6865650280360467, "0.30000000000000027": 0.6669344693412679, "0.40000000000000036": 0.6547487865870584, "0.5": 0.6509675020806558, "0.6000000000000001": 0.6557294305716808, "0.7000000000000002": 0.6683698154751656, "0.8000000000000003": 0.6875417922118051, "0.9000000000000004": 0.7114179212404466, "1.0": 0.7379357271349914, "1.1": 0.765046122139083, "1.2000000000000002": 0.7909260097941955, "1.3000000000000003": 0.8141255821216065, "1.4000000000000004": 0.8336349101351933, "1.5": 0.8488705734362472, "1.6": 0.8595981411227132, "1.7000000000000002": 0.8658174386656339, "1.8000000000000003": 0.8676426713182314, "1.9000000000000004": 0.8652077885069165}