{"-2.0": 0.8784780663175866, "-1.9": 0.8776408559390195, "-1.8": 0.8773779238213447, "-1.7": 0.8778142463151941, "-1.6": 0.8789345033524559, "-1.5": 0.8805733627509984, "-1.4": 0.8824351015265001, "-1.2999999999999998": 0.8841411794084957, "-1.2": 0.8852988829076875, "-1.1": 0.885579508120751, "-1.0": 0.8847916667713009, "-0.8999999999999999": 0.8829348471270762, "-0.7999999999999998": 0.8802206130582453, "-0.7": 0.8770535897120292, "-0.5999999999999999": 0.8739710115144338, "-0.5": 0.8715470702964464, "-0.3999999999999999": 0.8702753510662917, "-0.2999999999999998": 0.8704480156956617, "-0.19999999999999996": 0.872053025543818, "-0.09999999999999987": 0.8747099120921917, "0.0": 0.877660271542807, "0.10000000000000009": 0.8798217238806678, "0.20000000000000018": 0.8799045342427045, "0.30000000000000027": 0.8765798515984202, "0.40000000000000036": 0.8686791863564305, "0.5": 0.8553978843686336, "0.6000000000000001": 0.8364722143963191, "0.7000000000000002": 0.8123010019611415, "0.8000000000000003": 0.7839885842103987, "0.9000000000000004": 0.7532955947012552, "1.0": 0.722496448478203, "1.1": 0.6941556622663116, "1.2000000000000002": 0.6708473797495199, "1.3000000000000003": 0.654851827724162, "1.4000000000000004": 0.6478674224876095, "1.5": 0.6507769958300976, "1.6": 0.6635009834487183, "1.7000000000000002": 0.6849600657122238, "1.8000000000000003": 0.713156021361082, "1.9000000000000004": 0.7453643084259145}