{"-2.0": 0.8565619393131328, "-1.9": 0.8551863722660482, "-1.8": 0.8533972876391767, "-1.7": 0.8515218514145884, "-1.6": 0.8499932879031187, "-1.5": 0.8492541801190572, "-1.4": 0.8496357161786455, "-1.2999999999999998": 0.8512361235698912, "-1.2": 0.8538249659629289, "-1.1": 0.8567981977977971, "-1.0": 0.8592017529960119, "-0.8999999999999999": 0.8598299385143915, "-0.7999999999999998": 0.857390924205822, "-0.7": 0.8507177208431245, "-0.5999999999999999": 0.8389919448410714, "-0.5": 0.8219417537902589, "-0.3999999999999999": 0.7999761337040172, "-0.2999999999999998": 0.7742255716533907, "-0.19999999999999996": 0.7464730798150518, "-0.09999999999999987": 0.7189773667663684, "0.0": 0.69420864420176, "0.10000000000000009": 0.6745337562861283, "0.20000000000000018": 0.6618979636447253, "0.30000000000000027": 0.6575536233775714, "0.40000000000000036": 0.6618803207433136, "0.5": 0.6743273984748523, "0.6000000000000001": 0.6934904285621215, "0.7000000000000002": 0.717311228438257, "0.8000000000000003": 0.7433703438449287, "0.9000000000000004": 0.769225184429684, "1.0": 0.7927390863356747, "1.1": 0.8123480275845708, "1.2000000000000002": 0.827222426071697, "1.3000000000000003": 0.837299635092944, "1.4000000000000004": 0.8431852789819745, "1.5": 0.8459444843350967, "1.6": 0.8468232901263124, "1.7000000000000002": 0.8469526147544657, "1.8000000000000003": 0.8470899238295619, "1.9000000000000004": 0.8474466430908516}