{"-2.0": 0.8133475798653853, "-1.9": 0.8212570166296318, "-1.8": 0.8246438373049736, "-1.7": 0.8242182850140356, "-1.6": 0.8210884685569515, "-1.5": 0.8165506870819295, "-1.4": 0.8118708820601207, "-1.2999999999999998": 0.8080938935271837, "-1.2": 0.8059100307549512, "-1.1": 0.8055964103218909, "-1.0": 0.8070359850624393, "-0.8999999999999999": 0.8098029878404545, "-0.7999999999999998": 0.8132922873948187, "-0.7": 0.81686388057775, "-0.5999999999999999": 0.8199733805636971, "-0.5": 0.8222646746024802, "-0.3999999999999999": 0.8236105820684299, "-0.2999999999999998": 0.8240991964678483, "-0.19999999999999996": 0.8239751338761493, "-0.09999999999999987": 0.8235537762231595, "0.0": 0.8231310574359266, "0.10000000000000009": 0.8229106258272612, "0.20000000000000018": 0.8229646645466611, "0.30000000000000027": 0.823235617965074, "0.40000000000000036": 0.823575631806154, "0.5": 0.8238110243867257, "0.6000000000000001": 0.8238127025303283, "0.7000000000000002": 0.8235515847291515, "0.8000000000000003": 0.8231212775491672, "0.9000000000000004": 0.8227178556453164, "1.0": 0.8225770289650656, "1.1": 0.8228799930766337, "1.2000000000000002": 0.8236484047541899, "1.3000000000000003": 0.8246540741024065, "1.4000000000000004": 0.8253687549014845, "1.5": 0.8249735602131049, "1.6": 0.8224369130634057, "1.7000000000000002": 0.8166564714341348, "1.8000000000000003": 0.806646725952026, "1.9000000000000004": 0.7917427175648706}