{"-2.0": 0.8823501680118402, "-1.9": 0.8809852512214207, "-1.8": 0.8803351239405344, "-1.7": 0.8804330617262326, "-1.6": 0.8809399825933758, "-1.5": 0.8810910083441227, "-1.4": 0.8797213339269808, "-1.2999999999999998": 0.8753807435252349, "-1.2": 0.8665301913595505, "-1.1": 0.8517973778558756, "-1.0": 0.8302542682184709, "-0.8999999999999999": 0.8016708578294781, "-0.7999999999999998": 0.7666982412581821, "-0.7": 0.7269410269270155, "-0.5999999999999999": 0.6848937514493247, "-0.5": 0.6437361647276211, "-0.3999999999999999": 0.6070049331613092, "-0.2999999999999998": 0.5781806836106977, "-0.19999999999999996": 0.5602456541288393, "-0.09999999999999987": 0.5552754906564412, "0.0": 0.5641271497477646, "0.10000000000000009": 0.5862732679634237, "0.20000000000000018": 0.619813267303858, "0.30000000000000027": 0.6616658928608615, "0.40000000000000036": 0.7079208344863739, "0.5": 0.7543029147261475, "0.6000000000000001": 0.7966849762961713, "0.7000000000000002": 0.8315779433007336, "0.8000000000000003": 0.856529857175217, "0.9000000000000004": 0.8703794949166814, "1.0": 0.8733322364342464, "1.1": 0.8668525888119136, "1.2000000000000002": 0.8533948900563144, "1.3000000000000003": 0.8360168886409757, "1.4000000000000004": 0.8179365303826008, "1.5": 0.8020980931904562, "1.6": 0.7908091735713974, "1.7000000000000002": 0.7854960607086707, "1.8000000000000003": 0.7866043485258407, "1.9000000000000004": 0.7936478610483766}