{"-2.0": 0.8801795166993577, "-1.9": 0.8805502256655044, "-1.8": 0.8787007882720347, "-1.7": 0.8735687831973342, "-1.6": 0.8642002048891526, "-1.5": 0.8498992284409267, "-1.4": 0.8303626298144633, "-1.2999999999999998": 0.8057788832150277, "-1.2": 0.7768759139452992, "-1.1": 0.744907873343842, "-1.0": 0.7115791754962046, "-0.8999999999999999": 0.6789122284895099, "-0.7999999999999998": 0.6490726159352688, "-0.7": 0.6241709121170114, "-0.5999999999999999": 0.606063141403353, "-0.5": 0.5961718296302543, "-0.3999999999999999": 0.5953467886553587, "-0.2999999999999998": 0.6037797566638577, "-0.19999999999999996": 0.6209805910232036, "-0.09999999999999987": 0.6458158087839211, "0.0": 0.6766037951629796, "0.10000000000000009": 0.7112556928149384, "0.20000000000000018": 0.7474473303928343, "0.30000000000000027": 0.7828057424635071, "0.40000000000000036": 0.815093795822972, "0.5": 0.8423778815852571, "0.6000000000000001": 0.8631661508397557, "0.7000000000000002": 0.8765079332363284, "0.8000000000000003": 0.8820484076233798, "0.9000000000000004": 0.8800360215156924, "1.0": 0.8712834267197683, "1.1": 0.8570857477355216, "1.2000000000000002": 0.8391028056554755, "1.3000000000000003": 0.8192144473746135, "1.4000000000000004": 0.799360282537129, "1.5": 0.7813767331673146, "1.6": 0.7668451105752415, "1.7000000000000002": 0.7569641868604261, "1.8000000000000003": 0.7524592083654668, "1.9000000000000004": 0.7535364149748164}