{"-2.0": 0.8350242269562025, "-1.9": 0.8396879684539973, "-1.8": 0.8412313078280055, "-1.7": 0.8393210321384063, "-1.6": 0.8340872320856902, "-1.5": 0.8261197227685773, "-1.4": 0.8163976125756611, "-1.2999999999999998": 0.8061602219057358, "-1.2": 0.7967369019858485, "-1.1": 0.7893602773872536, "-1.0": 0.7849908117543961, "-0.8999999999999999": 0.7841796804647123, "-0.7999999999999998": 0.7869916993292072, "-0.7": 0.7930011801799711, "-0.5999999999999999": 0.8013623595140557, "-0.5": 0.8109442073511404, "-0.3999999999999999": 0.8205088693761122, "-0.2999999999999998": 0.8289054861849452, "-0.19999999999999996": 0.8352479940590345, "-0.09999999999999987": 0.8390473977792323, "0.0": 0.8402757718923208, "0.10000000000000009": 0.8393499421450636, "0.20000000000000018": 0.8370357982815394, "0.30000000000000027": 0.834287439008, "0.40000000000000036": 0.8320466913372876, "0.5": 0.8310360684374694, "0.6000000000000001": 0.8315805885827041, "0.7000000000000002": 0.833490531503047, "0.8000000000000003": 0.836028527690954, "0.9000000000000004": 0.8379716049703148, "1.0": 0.8377638903386783, "1.1": 0.8337409120144591, "1.2000000000000002": 0.8243942194992605, "1.3000000000000003": 0.8086373370976534, "1.4000000000000004": 0.7860322069588399, "1.5": 0.7569396782784399, "1.6": 0.7225676978000519, "1.7000000000000002": 0.6849051913124778, "1.8000000000000003": 0.6465460587866191, "1.9000000000000004": 0.6104237569087334}