{"-2.0": 0.7193807268810121, "-1.9": 0.6950275781919105, "-1.8": 0.6752987579185032, "-1.7": 0.6621740724840546, "-1.6": 0.6570450752662391, "-1.5": 0.6605119420820348, "-1.4": 0.6722819374890409, "-1.2999999999999998": 0.6911889293335713, "-1.2": 0.7153350268314376, "-1.1": 0.7423361300386937, "-1.0": 0.769636207242132, "-0.8999999999999999": 0.7948433998232063, "-0.7999999999999998": 0.8160367226530617, "-0.7": 0.831996109226494, "-0.5999999999999999": 0.8423203728114083, "-0.5": 0.8474154942935124, "-0.3999999999999999": 0.8483566149174814, "-0.2999999999999998": 0.8466477323717895, "-0.19999999999999996": 0.8439199011478393, "-0.09999999999999987": 0.8416188569449726, "0.0": 0.84073466107084, "0.10000000000000009": 0.8416188569449727, "0.20000000000000018": 0.8439199011478402, "0.30000000000000027": 0.8466477323717905, "0.40000000000000036": 0.8483566149174819, "0.5": 0.8474154942935122, "0.6000000000000001": 0.8423203728114073, "0.7000000000000002": 0.8319961092264935, "0.8000000000000003": 0.816036722653058, "0.9000000000000004": 0.7948433998232065, "1.0": 0.7696362072421309, "1.1": 0.7423361300386929, "1.2000000000000002": 0.7153350268314376, "1.3000000000000003": 0.6911889293335707, "1.4000000000000004": 0.6722819374890415, "1.5": 0.6605119420820346, "1.6": 0.6570450752662381, "1.7000000000000002": 0.6621740724840538, "1.8000000000000003": 0.6752987579185019, "1.9000000000000004": 0.6950275781919094}