{"-2.0": 0.8542353519921716, "-1.9": 0.8531873622982488, "-1.8": 0.854096125876763, "-1.7": 0.8568886387526365, "-1.6": 0.8610060414612067, "-1.5": 0.8654195169518283, "-1.4": 0.8687362348688403, "-1.2999999999999998": 0.8693852852648164, "-1.2": 0.8658581412397333, "-1.1": 0.8569665391866695, "-1.0": 0.8420751040223968, "-0.8999999999999999": 0.8212678590639375, "-0.7999999999999998": 0.7954169028039562, "-0.7": 0.766136608414149, "-0.5999999999999999": 0.7356251789763993, "-0.5": 0.7064140628159365, "-0.3999999999999999": 0.68106129040317, "-0.2999999999999998": 0.6618344405216551, "-0.19999999999999996": 0.6504309175464588, "-0.09999999999999987": 0.6477771334684347, "0.0": 0.653935100652629, "0.10000000000000009": 0.668127181474327, "0.20000000000000018": 0.688870474369071, "0.30000000000000027": 0.7141949619839488, "0.40000000000000036": 0.7419071473965512, "0.5": 0.7698555610847805, "0.6000000000000001": 0.7961570143915476, "0.7000000000000002": 0.8193521289099055, "0.8000000000000003": 0.8384734959538472, "0.9000000000000004": 0.8530269018415592, "1.0": 0.862902115826748, "1.1": 0.8682417641593574, "1.2000000000000002": 0.8693026261986972, "1.3000000000000003": 0.8663423479380779, "1.4000000000000004": 0.859556542046689, "1.5": 0.8490782982639324, "1.6": 0.8350369730105883, "1.7000000000000002": 0.8176588778049189, "1.8000000000000003": 0.7973820520395869, "1.9000000000000004": 0.7749528219694616}