{"-2.0": 0.8808647571879313, "-1.9": 0.881618869091592, "-1.8": 0.8786294221891882, "-1.7": 0.8704157098448937, "-1.6": 0.8558854157716786, "-1.5": 0.8345562328686326, "-1.4": 0.8067073316091187, "-1.2999999999999998": 0.7734314532207522, "-1.2": 0.7365730850618175, "-1.1": 0.6985559059565274, "-1.0": 0.6621205084304569, "-0.8999999999999999": 0.6300082659037061, "-0.7999999999999998": 0.6046365241296262, "-0.7": 0.5878123890799396, "-0.5999999999999999": 0.5805268203860644, "-0.5": 0.5828584020409102, "-0.3999999999999999": 0.593999103545026, "-0.2999999999999998": 0.6123954311621309, "-0.19999999999999996": 0.6359807748181472, "-0.09999999999999987": 0.6624614050549622, "0.0": 0.6896116273836312, "0.10000000000000009": 0.7155340849743007, "0.20000000000000018": 0.7388488416755048, "0.30000000000000027": 0.7587881722714045, "0.40000000000000036": 0.7751904906374002, "0.5": 0.7884036257786502, "0.6000000000000001": 0.7991218215269069, "0.7000000000000002": 0.8081900561440736, "0.8000000000000003": 0.8164121792547361, "0.9000000000000004": 0.8243957459529365, "1.0": 0.8324572638676462, "1.1": 0.8405987857016523, "1.2000000000000002": 0.8485528742673722, "1.3000000000000003": 0.8558805278908532, "1.4000000000000004": 0.8620978817640587, "1.5": 0.8668038162671149, "1.6": 0.8697824147674926, "1.7000000000000002": 0.8710608814799095, "1.8000000000000003": 0.8709135305035801, "1.9000000000000004": 0.8698137056784447}