{"-2.0": 0.8853781999390793, "-1.9": 0.8835667728848297, "-1.8": 0.8821242786334784, "-1.7": 0.8812646767545254, "-1.6": 0.8810819710785213, "-1.5": 0.8815196443973428, "-1.4": 0.8823749226374248, "-1.2999999999999998": 0.8833399294345684, "-1.2": 0.8840731088750139, "-1.1": 0.8842863616050164, "-1.0": 0.8838280149096335, "-0.8999999999999999": 0.8827404552496252, "-0.7999999999999998": 0.8812746462754808, "-0.7": 0.879851525891018, "-0.5999999999999999": 0.8789711444251895, "-0.5": 0.8790823269141939, "-0.3999999999999999": 0.8804361756421728, "-0.2999999999999998": 0.8829535173619006, "-0.19999999999999996": 0.8861376604611206, "-0.09999999999999987": 0.8890587582672234, "0.0": 0.8904250863925999, "0.10000000000000009": 0.8887412628827547, "0.20000000000000018": 0.8825364786051876, "0.30000000000000027": 0.870630305687082, "0.40000000000000036": 0.8523927168579616, "0.5": 0.8279510390831014, "0.6000000000000001": 0.7983009884204375, "0.7000000000000002": 0.7652915257949359, "0.8000000000000003": 0.7314723449844798, "0.9000000000000004": 0.699815367401766, "1.0": 0.6733438728143596, "1.1": 0.6547208838364802, "1.2000000000000002": 0.6458587445313425, "1.3000000000000003": 0.6476122861203065, "1.4000000000000004": 0.659607993868732, "1.5": 0.6802424214346262, "1.6": 0.7068576312165418, "1.7000000000000002": 0.7360737476933988, "1.8000000000000003": 0.764233375408919, "1.9000000000000004": 0.7878939487070762}