{"-2.0": 0.8328048269936503, "-1.9": 0.8336744533233967, "-1.8": 0.8341036545327596, "-1.7": 0.8339167164444948, "-1.6": 0.8330860221626235, "-1.5": 0.8317558843686671, "-1.4": 0.8302250329432633, "-1.2999999999999998": 0.8288868939006289, "-1.2": 0.8281361371406999, "-1.1": 0.8282582283969709, "-1.0": 0.8293241045810757, "-0.8999999999999999": 0.8311133141950436, "-0.7999999999999998": 0.8330855212541449, "-0.7": 0.83441257126827, "-0.5999999999999999": 0.8340726351618732, "-0.5": 0.8309961986395977, "-0.3999999999999999": 0.8242430561133371, "-0.2999999999999998": 0.8131820740905269, "-0.19999999999999996": 0.7976428471825099, "-0.09999999999999987": 0.7780111736780219, "0.0": 0.7552482221659901, "0.10000000000000009": 0.7308250793872575, "0.20000000000000018": 0.7065780539192549, "0.30000000000000027": 0.684503273780403, "0.40000000000000036": 0.6665194323503182, "0.5": 0.6542331707225307, "0.6000000000000001": 0.6487415310898698, "0.7000000000000002": 0.6505001858090003, "0.8000000000000003": 0.6592757610686272, "0.9000000000000004": 0.6741873689826156, "1.0": 0.6938287447540682, "1.1": 0.7164505058087968, "1.2000000000000002": 0.7401739688850607, "1.3000000000000003": 0.7632049024236198, "1.4000000000000004": 0.784017836760183, "1.5": 0.8014884217783338, "1.6": 0.814961327363936, "1.7000000000000002": 0.8242523508282523, "1.8000000000000003": 0.8295936545542278, "1.9000000000000004": 0.8315386362165308}