{"-2.0": 0.8239176213218853, "-1.9": 0.8199029160876425, "-1.8": 0.8135141766318053, "-1.7": 0.80517920229115, "-1.6": 0.7955847061085095, "-1.5": 0.7855898474540749, "-1.4": 0.7761152388694631, "-1.2999999999999998": 0.7680254761710648, "-1.2": 0.7620239338404573, "-1.1": 0.7585758148900359, "-1.0": 0.7578698302157872, "-0.8999999999999999": 0.7598215544225344, "-0.7999999999999998": 0.7641139397852238, "-0.7": 0.7702641707281221, "-0.5999999999999999": 0.7777022292549247, "-0.5": 0.7858459048930109, "-0.3999999999999999": 0.7941595336382036, "-0.2999999999999998": 0.8021888258668219, "-0.19999999999999996": 0.8095705454064823, "-0.09999999999999987": 0.8160220543470387, "0.0": 0.8213204034787698, "0.10000000000000009": 0.8252826428680089, "0.20000000000000018": 0.8277578651000086, "0.30000000000000027": 0.8286374074212256, "0.40000000000000036": 0.8278835473405564, "0.5": 0.8255703537089458, "0.6000000000000001": 0.8219247351747145, "0.7000000000000002": 0.8173526487930649, "0.8000000000000003": 0.812435899772449, "0.9000000000000004": 0.8078892529755095, "1.0": 0.8044751234229741, "1.1": 0.8028825793615737, "1.2000000000000002": 0.8035868990252844, "1.3000000000000003": 0.8067134092495356, "1.4000000000000004": 0.8119329718731908, "1.5": 0.8184150700181358, "1.6": 0.8248576945129988, "1.7000000000000002": 0.8296018936368459, "1.8000000000000003": 0.8308246428763993, "1.9000000000000004": 0.826789025313272}