{"-2.0": 0.8661795777009345, "-1.9": 0.8690558476231635, "-1.8": 0.8706557656479009, "-1.7": 0.86959578396379, "-1.6": 0.8645396603969763, "-1.5": 0.8544302636911263, "-1.4": 0.8387025713109479, "-1.2999999999999998": 0.8174403474302072, "-1.2": 0.7914465761380787, "-1.1": 0.7622109007762892, "-1.0": 0.731773875238214, "-0.8999999999999999": 0.7025048868896623, "-0.7999999999999998": 0.6768251378238076, "-0.7": 0.6569164606366497, "-0.5999999999999999": 0.6444592902253962, "-0.5": 0.6404383362102721, "-0.3999999999999999": 0.6450432479690968, "-0.2999999999999998": 0.657675854866942, "-0.19999999999999996": 0.6770582164500499, "-0.09999999999999987": 0.7014198252179594, "0.0": 0.7287306622674866, "0.10000000000000009": 0.756941389937497, "0.20000000000000018": 0.7841935722551683, "0.30000000000000027": 0.8089709236954571, "0.40000000000000036": 0.830175476983234, "0.5": 0.8471276479436244, "0.6000000000000001": 0.859503518922177, "0.7000000000000002": 0.8672335317628385, "0.8000000000000003": 0.8703921796564543, "0.9000000000000004": 0.8691073273041434, "1.0": 0.8635108526605622, "1.1": 0.8537409530344309, "1.2000000000000002": 0.8399931174783102, "1.3000000000000003": 0.8226042373550672, "1.4000000000000004": 0.8021452297406986, "1.5": 0.7794938074818519, "1.6": 0.755861489305222, "1.7000000000000002": 0.7327571990919698, "1.8000000000000003": 0.711882278826064, "1.9000000000000004": 0.6949659921719283}