{"-2.0": 0.8768676621771851, "-1.9": 0.8750905060976196, "-1.8": 0.8687345008794558, "-1.7": 0.8568119550536318, "-1.6": 0.8389701240418642, "-1.5": 0.8156528002026948, "-1.4": 0.7881487123932719, "-1.2999999999999998": 0.7585066996582572, "-1.2": 0.729319128904775, "-1.1": 0.7033978185086716, "-1.0": 0.6833868194108579, "-0.8999999999999999": 0.6713700854773826, "-0.7999999999999998": 0.6685365971674732, "-0.7": 0.6749596506754505, "-0.5999999999999999": 0.6895313334089002, "-0.5": 0.7100699661692218, "-0.3999999999999999": 0.7335911870335055, "-0.2999999999999998": 0.7567068489234213, "-0.19999999999999996": 0.7760944865039063, "-0.09999999999999987": 0.7889674947521342, "0.0": 0.7934746366138727, "0.10000000000000009": 0.7889674947521349, "0.20000000000000018": 0.7760944865039071, "0.30000000000000027": 0.7567068489234229, "0.40000000000000036": 0.7335911870335048, "0.5": 0.7100699661692225, "0.6000000000000001": 0.6895313334089, "0.7000000000000002": 0.6749596506754499, "0.8000000000000003": 0.6685365971674696, "0.9000000000000004": 0.671370085477383, "1.0": 0.6833868194108583, "1.1": 0.7033978185086716, "1.2000000000000002": 0.7293191289047743, "1.3000000000000003": 0.7585066996582571, "1.4000000000000004": 0.7881487123932728, "1.5": 0.8156528002026958, "1.6": 0.8389701240418678, "1.7000000000000002": 0.8568119550536301, "1.8000000000000003": 0.8687345008794548, "1.9000000000000004": 0.8750905060976201}