{"-2.0": 0.8635820802776704, "-1.9": 0.8626060080472445, "-1.8": 0.8616748951598163, "-1.7": 0.8610577928688016, "-1.6": 0.8609468378542569, "-1.5": 0.8613991938730445, "-1.4": 0.8623083936055354, "-1.2999999999999998": 0.8634144796565065, "-1.2": 0.8643539051967677, "-1.1": 0.8647408708660672, "-1.0": 0.8642636639056384, "-0.8999999999999999": 0.8627745107399573, "-0.7999999999999998": 0.8603507899874625, "-0.7": 0.8573096507092698, "-0.5999999999999999": 0.8541666014154319, "-0.5": 0.8515399863437666, "-0.3999999999999999": 0.8500152597958375, "-0.2999999999999998": 0.84999314099349, "-0.19999999999999996": 0.8515518294953385, "-0.09999999999999987": 0.8543539206952748, "0.0": 0.8576229618284799, "0.10000000000000009": 0.8602034161217542, "0.20000000000000018": 0.8607029737616076, "0.30000000000000027": 0.8577003112054542, "0.40000000000000036": 0.8499875531628178, "0.5": 0.836807612582975, "0.6000000000000001": 0.8180442810223338, "0.7000000000000002": 0.7943282299454311, "0.8000000000000003": 0.7670343782398912, "0.9000000000000004": 0.738163453839707, "1.0": 0.7101200709295341, "1.1": 0.6854177963166059, "1.2000000000000002": 0.6663551562700314, "1.3000000000000003": 0.6547127634654436, "1.4000000000000004": 0.6515194072284676, "1.5": 0.6569242693364418, "1.6": 0.6701951514215281, "1.7000000000000002": 0.6898417125259859, "1.8000000000000003": 0.7138419043114907, "1.9000000000000004": 0.7399327766137225}