{"-2.0": 0.8429381634146801, "-1.9": 0.8409925489725443, "-1.8": 0.8357319875827363, "-1.7": 0.82678897315243, "-1.6": 0.8141936506114318, "-1.5": 0.7984203087448232, "-1.4": 0.7803800489200653, "-1.2999999999999998": 0.7613557727926951, "-1.2": 0.7428833349801942, "-1.1": 0.7265905062684863, "-1.0": 0.7140121648343458, "-0.8999999999999999": 0.7064048046172335, "-0.7999999999999998": 0.7045851679073377, "-0.7": 0.7088160894624034, "-0.5999999999999999": 0.718757474762157, "-0.5": 0.7334922372500833, "-0.3999999999999999": 0.751626984028229, "-0.2999999999999998": 0.7714566301204879, "-0.19999999999999996": 0.7911724865093697, "-0.09999999999999987": 0.8090862121368747, "0.0": 0.8238385690292078, "0.10000000000000009": 0.8345629043102776, "0.20000000000000018": 0.8409787951872818, "0.30000000000000027": 0.8434007309690363, "0.40000000000000036": 0.8426588269130263, "0.5": 0.83994164386314, "0.6000000000000001": 0.8365832654937722, "0.7000000000000002": 0.8338259637710488, "0.8000000000000003": 0.8325945302215905, "0.9000000000000004": 0.8333177573051934, "1.0": 0.8358265075256923, "1.1": 0.8393470409192143, "1.2000000000000002": 0.8425942803227718, "1.3000000000000003": 0.8439545286887653, "1.4000000000000004": 0.8417331129930804, "1.5": 0.834431707926796, "1.6": 0.8210144269138537, "1.7000000000000002": 0.8011221537942318, "1.8000000000000003": 0.7752011052668201, "1.9000000000000004": 0.7445233931305447}