{"-2.0": 0.8740121126583201, "-1.9": 0.8720156716235815, "-1.8": 0.8692099273592847, "-1.7": 0.8660860222310676, "-1.6": 0.8632753712662723, "-1.5": 0.8614249626592834, "-1.4": 0.8610515098487055, "-1.2999999999999998": 0.862400911078808, "-1.2": 0.8653407202785761, "-1.1": 0.8693094536736751, "-1.0": 0.8733380234502368, "-0.8999999999999999": 0.8761467636362531, "-0.7999999999999998": 0.8763084106335042, "-0.7": 0.8724553344887346, "-0.5999999999999999": 0.863500475180816, "-0.5": 0.8488374798295698, "-0.3999999999999999": 0.8284872802774536, "-0.2999999999999998": 0.8031656151764716, "-0.19999999999999996": 0.7742576306374971, "-0.09999999999999987": 0.7436997608710063, "0.0": 0.7137832399483992, "0.10000000000000009": 0.6869054670382291, "0.20000000000000018": 0.6653030938168523, "0.30000000000000027": 0.6508029328093773, "0.40000000000000036": 0.644623361497743, "0.5": 0.6472505569434736, "0.6000000000000001": 0.658402196190496, "0.7000000000000002": 0.6770782721423486, "0.8000000000000003": 0.7016866038587711, "0.9000000000000004": 0.7302213922605868, "1.0": 0.7604681055651925, "1.1": 0.7902075717623477, "1.2000000000000002": 0.8173960379213031, "1.3000000000000003": 0.8403050075656052, "1.4000000000000004": 0.8576132734811353, "1.5": 0.8684519568257151, "1.6": 0.8724099792339619, "1.7000000000000002": 0.8695111691333838, "1.8000000000000003": 0.8601747596655132, "1.9000000000000004": 0.8451687203599269}