{"-2.0": 0.8466884170218895, "-1.9": 0.8273050743747177, "-1.8": 0.8018262672137358, "-1.7": 0.7714507826585297, "-1.6": 0.7381131963199549, "-1.5": 0.7042960547110676, "-1.4": 0.6727568632309829, "-1.2999999999999998": 0.6462074814204287, "-1.2": 0.6269913591237279, "-1.1": 0.6168045708091373, "-1.0": 0.6164997495589452, "-0.8999999999999999": 0.6259989944874357, "-0.7999999999999998": 0.6443248886901716, "-0.7": 0.6697408254089139, "-0.5999999999999999": 0.6999759214576606, "-0.5": 0.7324984994920604, "-0.3999999999999999": 0.7647971661831389, "-0.2999999999999998": 0.794630457740447, "-0.19999999999999996": 0.8202141896156341, "-0.09999999999999987": 0.8403282819234976, "0.0": 0.8543394649420564, "0.10000000000000009": 0.8621501875620268, "0.20000000000000018": 0.8640948119472984, "0.30000000000000027": 0.8608100493101836, "0.40000000000000036": 0.8531068536134756, "0.5": 0.8418660263178704, "0.6000000000000001": 0.8279709662945292, "0.7000000000000002": 0.8122803758914579, "0.8000000000000003": 0.7956336108206341, "0.9000000000000004": 0.7788738298955654, "1.0": 0.7628706305429064, "1.1": 0.7485250193342224, "1.2000000000000002": 0.7367449471139712, "1.3000000000000003": 0.728387940237976, "1.4000000000000004": 0.7241766922498042, "1.5": 0.7246017564935701, "1.6": 0.729830847580363, "1.7000000000000002": 0.739645480649013, "1.8000000000000003": 0.7534223796277868, "1.9000000000000004": 0.770169835979269}