{"-2.0": 0.868751609519209, "-1.9": 0.8714043916926135, "-1.8": 0.8737827073090857, "-1.7": 0.8747488257904921, "-1.6": 0.8730281897582194, "-1.5": 0.8673921271305315, "-1.4": 0.8568570842981773, "-1.2999999999999998": 0.8408697683198073, "-1.2": 0.8194481466352245, "-1.1": 0.7932538268446767, "-1.0": 0.7635810788890838, "-0.8999999999999999": 0.7322600873121685, "-0.7999999999999998": 0.7014848990132634, "-0.7": 0.6735878368504582, "-0.5999999999999999": 0.6507900400627308, "-0.5": 0.6349610315300689, "-0.3999999999999999": 0.6274183738845391, "-0.2999999999999998": 0.6287920049204844, "-0.19999999999999996": 0.6389679492094122, "-0.09999999999999987": 0.6571145295857326, "0.0": 0.6817828954055762, "0.10000000000000009": 0.7110644410143802, "0.20000000000000018": 0.7427818421741554, "0.30000000000000027": 0.7746886472014585, "0.40000000000000036": 0.8046545225197925, "0.5": 0.8308185765291216, "0.6000000000000001": 0.8517003799922931, "0.7000000000000002": 0.8662658551661653, "0.8000000000000003": 0.8739516972883786, "0.9000000000000004": 0.8746563600049455, "1.0": 0.8687073686070318, "1.1": 0.8568139234683724, "1.2000000000000002": 0.840011072481436, "1.3000000000000003": 0.8195981897293164, "1.4000000000000004": 0.7970712449674903, "1.5": 0.7740463861930658, "1.6": 0.7521723123400107, "1.7000000000000002": 0.7330308944755072, "1.8000000000000003": 0.7180290782462787, "1.9000000000000004": 0.7082893867378299}