{"-2.0": 0.8697980201145163, "-1.9": 0.8711761872234577, "-1.8": 0.8732660053764479, "-1.7": 0.8754177194632622, "-1.6": 0.8766739920275671, "-1.5": 0.8758592371131932, "-1.4": 0.8717213905246807, "-1.2999999999999998": 0.8631101398303648, "-1.2": 0.8491681526318345, "-1.1": 0.8295075590783693, "-1.0": 0.8043437446957218, "-0.8999999999999999": 0.7745626441737153, "-0.7999999999999998": 0.7417057580223363, "-0.7": 0.7078679671693686, "-0.5999999999999999": 0.6755153428254023, "-0.5": 0.6472417491374592, "-0.3999999999999999": 0.625492365734035, "-0.2999999999999998": 0.6122878860300789, "-0.19999999999999996": 0.6089841884721576, "-0.09999999999999987": 0.6160985267406198, "0.0": 0.6332252470947534, "0.10000000000000009": 0.6590528502529244, "0.20000000000000018": 0.6914814532637639, "0.30000000000000027": 0.7278271579792683, "0.40000000000000036": 0.7650892129127187, "0.5": 0.8002485601282127, "0.6000000000000001": 0.8305632697832315, "0.7000000000000002": 0.8538277413509306, "0.8000000000000003": 0.8685680209010828, "0.9000000000000004": 0.8741542325391348, "1.0": 0.8708216526953887, "1.1": 0.8596029004475537, "1.2000000000000002": 0.8421836560092929, "1.3000000000000003": 0.8207020776884222, "1.4000000000000004": 0.7975168770162544, "1.5": 0.7749705045873196, "1.6": 0.755172226200463, "1.7000000000000002": 0.7398215512737076, "1.8000000000000003": 0.7300863079087374, "1.9000000000000004": 0.7265425683473037}