{"-2.0": 0.8511535248590105, "-1.9": 0.8513924724507672, "-1.8": 0.8518757084420783, "-1.7": 0.8525624428321652, "-1.6": 0.8533429180323285, "-1.5": 0.8540472881617833, "-1.4": 0.8544716522965292, "-1.2999999999999998": 0.8544184455497802, "-1.2": 0.8537443335724989, "-1.1": 0.8524056065496015, "-1.0": 0.8504896990918211, "-0.8999999999999999": 0.8482224581903763, "-0.7999999999999998": 0.8459442784918008, "-0.7": 0.8440538262801763, "-0.5999999999999999": 0.8429248768678621, "-0.5": 0.8428085190288029, "-0.3999999999999999": 0.8437382154499424, "-0.2999999999999998": 0.8454576674021128, "-0.19999999999999996": 0.8473902478382419, "-0.09999999999999987": 0.8486637077940677, "0.0": 0.8481954399129659, "0.10000000000000009": 0.8448330303299036, "0.20000000000000018": 0.8375339186665931, "0.30000000000000027": 0.8255587351282818, "0.40000000000000036": 0.8086471927722144, "0.5": 0.7871446877905157, "0.6000000000000001": 0.7620526076235186, "0.7000000000000002": 0.7349853970661951, "0.8000000000000003": 0.7080313381707392, "0.9000000000000004": 0.6835296128211016, "1.0": 0.6637909294849276, "1.1": 0.6508001852636871, "1.2000000000000002": 0.6459451371398661, "1.3000000000000003": 0.6498135823075878, "1.4000000000000004": 0.6620929579064675, "1.5": 0.681591659990732, "1.6": 0.7063829417753099, "1.7000000000000002": 0.73405293159805, "1.8000000000000003": 0.7620173309361667, "1.9000000000000004": 0.7878596472735521}