{"-2.0": 0.8954034131858996, "-1.9": 0.8938610968658088, "-1.8": 0.8919162999797643, "-1.7": 0.8900077031079805, "-1.6": 0.8885853880176019, "-1.5": 0.888007592984605, "-1.4": 0.8884519046475521, "-1.2999999999999998": 0.8898618616092082, "-1.2": 0.8919434915475284, "-1.1": 0.8942162337807718, "-1.0": 0.8961109534331849, "-0.8999999999999999": 0.8970967433743341, "-0.7999999999999998": 0.8968103382932993, "-0.7": 0.895159121959893, "-0.5999999999999999": 0.892371850715866, "-0.5": 0.8889801163209191, "-0.3999999999999999": 0.8857267976618591, "-0.2999999999999998": 0.8834128909393267, "-0.19999999999999996": 0.882708202226965, "-0.09999999999999987": 0.8839614940996883, "0.0": 0.8870494680181872, "0.10000000000000009": 0.8913002126864183, "0.20000000000000018": 0.8955156432137289, "0.30000000000000027": 0.8981006357961521, "0.40000000000000036": 0.8972868770037494, "0.5": 0.8914204668252974, "0.6000000000000001": 0.8792676839574267, "0.7000000000000002": 0.860286064468225, "0.8000000000000003": 0.8348098625961164, "0.9000000000000004": 0.8041102392224355, "1.0": 0.7703096210690172, "1.1": 0.7361535455521284, "1.2000000000000002": 0.7046679020888693, "1.3000000000000003": 0.678750453415159, "1.4000000000000004": 0.6607590105251965, "1.5": 0.6521619871289007, "1.6": 0.6533093389060189, "1.7000000000000002": 0.663364097986026, "1.8000000000000003": 0.6804096433906646, "1.9000000000000004": 0.7017196417290825}