{"-2.0": 0.8470510720370867, "-1.9": 0.847538761875148, "-1.8": 0.8478819544548719, "-1.7": 0.8474632223310455, "-1.6": 0.8455187038859735, "-1.5": 0.8412458807715821, "-1.4": 0.8339401349655332, "-1.2999999999999998": 0.8231401118219374, "-1.2": 0.8087578025863916, "-1.1": 0.7911689835480209, "-1.0": 0.7712436295151016, "-0.8999999999999999": 0.7503038466657455, "-0.7999999999999998": 0.7300077026354216, "-0.7": 0.7121694293340246, "-0.5999999999999999": 0.6985378467828441, "-0.5": 0.6905634953949485, "-0.3999999999999999": 0.6891891958968503, "-0.2999999999999998": 0.694697557979675, "-0.19999999999999996": 0.7066421780803748, "-0.09999999999999987": 0.7238776974350996, "0.0": 0.7446891885898944, "0.10000000000000009": 0.7670057764989094, "0.20000000000000018": 0.7886695126936276, "0.30000000000000027": 0.8077206781400622, "0.40000000000000036": 0.8226566879817542, "0.5": 0.8326245017385416, "0.6000000000000001": 0.8375157093817764, "0.7000000000000002": 0.8379479770820749, "0.8000000000000003": 0.8351340945686883, "0.9000000000000004": 0.8306576980162146, "1.0": 0.8261899566736948, "1.1": 0.823191576020542, "1.2000000000000002": 0.8226476423480863, "1.3000000000000003": 0.8248784651813552, "1.4000000000000004": 0.8294582377614557, "1.5": 0.8352567493517845, "1.6": 0.8406001394672556, "1.7000000000000002": 0.84352783412607, "1.8000000000000003": 0.8421073593612382, "1.9000000000000004": 0.83475916636749}