{"-2.0": 0.8761467195622308, "-1.9": 0.8754409777611171, "-1.8": 0.8710721874475167, "-1.7": 0.8618816311944676, "-1.6": 0.8470897381626082, "-1.5": 0.8264675691171988, "-1.4": 0.8004436448273895, "-1.2999999999999998": 0.7701254822376894, "-1.2": 0.7372281004316825, "-1.1": 0.7039162419061182, "-1.0": 0.6725806453528759, "-0.8999999999999999": 0.645579067958804, "-0.7999999999999998": 0.6249781200850543, "-0.7": 0.6123314635938719, "-0.5999999999999999": 0.6085237017509314, "-0.5": 0.6136985238579955, "-0.3999999999999999": 0.6272763126982694, "-0.2999999999999998": 0.6480528418274766, "-0.19999999999999996": 0.6743592201823958, "-0.09999999999999987": 0.7042557654443892, "0.0": 0.7357300957438722, "0.10000000000000009": 0.7668725403008171, "0.20000000000000018": 0.796009137310424, "0.30000000000000027": 0.8217823915871836, "0.40000000000000036": 0.8431805457893751, "0.5": 0.8595252908846132, "0.6000000000000001": 0.8704338979256349, "0.7000000000000002": 0.8757736929145687, "0.8000000000000003": 0.8756245009945414, "0.9000000000000004": 0.8702589185992116, "1.0": 0.8601424999988473, "1.1": 0.8459480232671335, "1.2000000000000002": 0.8285717824884868, "1.3000000000000003": 0.8091368012821106, "1.4000000000000004": 0.7889687473187501, "1.5": 0.7695350636385877, "1.6": 0.7523454943159062, "1.7000000000000002": 0.7388211878862816, "1.8000000000000003": 0.7301479952421314, "1.9000000000000004": 0.7271355784097251}