{"-2.0": 0.8703099672824826, "-1.9": 0.863136570821339, "-1.8": 0.849538127161845, "-1.7": 0.8288346512412984, "-1.6": 0.8011428125310356, "-1.5": 0.7674667821988205, "-1.4": 0.7296669573377096, "-1.2999999999999998": 0.6903038247575888, "-1.2": 0.6523740513947647, "-1.1": 0.6189734668548519, "-1.0": 0.5929338980218214, "-0.8999999999999999": 0.5764856677625644, "-0.7999999999999998": 0.5709940942707533, "-0.7": 0.5768070776142571, "-0.5999999999999999": 0.5932337327310787, "-0.5": 0.6186539273869197, "-0.3999999999999999": 0.6507389016561788, "-0.2999999999999998": 0.6867471585245639, "-0.19999999999999996": 0.7238501046514437, "-0.09999999999999987": 0.7594399254671627, "0.0": 0.7913779619279333, "0.10000000000000009": 0.8181541212082096, "0.20000000000000018": 0.8389442108005427, "0.30000000000000027": 0.853569511172244, "0.40000000000000036": 0.8623783035024609, "0.5": 0.8660798484860405, "0.6000000000000001": 0.8655658256700466, "0.7000000000000002": 0.8617520688054756, "0.8000000000000003": 0.85546540583231, "0.9000000000000004": 0.8473884199883409, "1.0": 0.8380615362065502, "1.1": 0.8279296985229131, "1.2000000000000002": 0.8174123611225748, "1.3000000000000003": 0.8069720821043307, "1.4000000000000004": 0.7971591257030053, "1.5": 0.788616462152786, "1.6": 0.7820397669335929, "1.7000000000000002": 0.778098223025752, "1.8000000000000003": 0.7773317407144545, "1.9000000000000004": 0.7800465871049319}