{"-2.0": 0.8732152195877022, "-1.9": 0.8702322474326033, "-1.8": 0.867485268266965, "-1.7": 0.8654607984598289, "-1.6": 0.864580698468196, "-1.5": 0.8651025546799909, "-1.4": 0.8670322414321254, "-1.2999999999999998": 0.8700654008373274, "-1.2": 0.8735714321992526, "-1.1": 0.8766279379675022, "-1.0": 0.8781062254618364, "-0.8999999999999999": 0.8768005211313462, "-0.7999999999999998": 0.8715862593947781, "-0.7": 0.861587335767722, "-0.5999999999999999": 0.8463294786232407, "-0.5": 0.8258574003964079, "-0.3999999999999999": 0.8007971499220765, "-0.2999999999999998": 0.7723516208977643, "-0.19999999999999996": 0.7422255775146682, "-0.09999999999999987": 0.712485661580284, "0.0": 0.6853693766266574, "0.10000000000000009": 0.6630638319533162, "0.20000000000000018": 0.6474791694809534, "0.30000000000000027": 0.6400425751256664, "0.40000000000000036": 0.6415365287337489, "0.5": 0.6519998431454167, "0.6000000000000001": 0.6707028148753128, "0.7000000000000002": 0.6961994249792237, "0.8000000000000003": 0.726451047757442, "0.9000000000000004": 0.759008548522426, "1.0": 0.7912337989103817, "1.1": 0.8205380597344454, "1.2000000000000002": 0.8446136196995837, "1.3000000000000003": 0.8616364746285959, "1.4000000000000004": 0.8704213708401562, "1.5": 0.8705157158244774, "1.6": 0.8622250701424912, "1.7000000000000002": 0.8465695362291594, "1.8000000000000003": 0.825176743559431, "1.9000000000000004": 0.8001227618304365}