{"-2.0": 0.8251588166034641, "-1.9": 0.8030788202982033, "-1.8": 0.7781029482868329, "-1.7": 0.7519125337979077, "-1.6": 0.7264576585529062, "-1.5": 0.7037458906633269, "-1.4": 0.6856224985177439, "-1.2999999999999998": 0.6735715163696511, "-1.2": 0.668562811862988, "-1.1": 0.6709623910799158, "-1.0": 0.6805130969617085, "-0.8999999999999999": 0.6963824426137855, "-0.7999999999999998": 0.7172653581816785, "-0.7": 0.7415235299213624, "-0.5999999999999999": 0.7673405622472367, "-0.5": 0.7928734481715135, "-0.3999999999999999": 0.8163851332096116, "-0.2999999999999998": 0.8363491075205882, "-0.19999999999999996": 0.8515234992302942, "-0.09999999999999987": 0.8609976551001721, "0.0": 0.8642176109306314, "0.10000000000000009": 0.8609976551001726, "0.20000000000000018": 0.8515234992302937, "0.30000000000000027": 0.8363491075205891, "0.40000000000000036": 0.8163851332096115, "0.5": 0.7928734481715126, "0.6000000000000001": 0.7673405622472372, "0.7000000000000002": 0.7415235299213627, "0.8000000000000003": 0.7172653581816738, "0.9000000000000004": 0.6963824426137856, "1.0": 0.6805130969617074, "1.1": 0.6709623910799163, "1.2000000000000002": 0.6685628118629874, "1.3000000000000003": 0.673571516369652, "1.4000000000000004": 0.6856224985177448, "1.5": 0.703745890663326, "1.6": 0.7264576585529063, "1.7000000000000002": 0.7519125337979082, "1.8000000000000003": 0.778102948286834, "1.9000000000000004": 0.8030788202982035}