{"-2.0": 0.7873495089215088, "-1.9": 0.8026550600113069, "-1.8": 0.8159908920002282, "-1.7": 0.8263342266677023, "-1.6": 0.8330826813142893, "-1.5": 0.8361098777271593, "-1.4": 0.8357562114480701, "-1.2999999999999998": 0.8327569160992914, "-1.2": 0.828118483316276, "-1.1": 0.8229618757282281, "-1.0": 0.8183556981859426, "-0.8999999999999999": 0.8151638403837473, "-0.7999999999999998": 0.8139298273954383, "-0.7": 0.8148145024807849, "-0.5999999999999999": 0.8175955118117463, "-0.5": 0.8217275547381466, "-0.3999999999999999": 0.826452926876089, "-0.2999999999999998": 0.8309439593555636, "-0.19999999999999996": 0.8344537924933755, "-0.09999999999999987": 0.8364503711219049, "0.0": 0.8367109337192261, "0.10000000000000009": 0.8353603118536603, "0.20000000000000018": 0.8328452097100345, "0.30000000000000027": 0.8298469843589852, "0.40000000000000036": 0.8271457122435943, "0.5": 0.825456886557184, "0.6000000000000001": 0.8252675386120064, "0.7000000000000002": 0.8266999484860391, "0.8000000000000003": 0.8294280449095812, "0.9000000000000004": 0.8326644103245564, "1.0": 0.8352254756227082, "1.1": 0.8356705038438897, "1.2000000000000002": 0.8324981232369981, "1.3000000000000003": 0.8243743140817106, "1.4000000000000004": 0.8103594696021382, "1.5": 0.7901005274035287, "1.6": 0.7639576092610644, "1.7000000000000002": 0.7330427551954899, "1.8000000000000003": 0.699160106502895, "1.9000000000000004": 0.6646506183763526}