{"-2.0": 0.8329479069495717, "-1.9": 0.8322082048067478, "-1.8": 0.832250007846579, "-1.7": 0.8331586159125441, "-1.6": 0.8348060796776836, "-1.5": 0.8368220391372185, "-1.4": 0.8386056709650029, "-1.2999999999999998": 0.8393815375074122, "-1.2": 0.8382945573576333, "-1.1": 0.8345321873646272, "-1.0": 0.8274564797709687, "-0.8999999999999999": 0.8167259340908516, "-0.7999999999999998": 0.8023875239828769, "-0.7": 0.784922922819016, "-0.5999999999999999": 0.7652392201636227, "-0.5": 0.7446023241223136, "-0.3999999999999999": 0.724519533286901, "-0.2999999999999998": 0.7065851463038293, "-0.19999999999999996": 0.6923083391372525, "-0.09999999999999987": 0.6829451116930353, "0.0": 0.6793555776113422, "0.10000000000000009": 0.6819044205326351, "0.20000000000000018": 0.6904165735998357, "0.30000000000000027": 0.7041930093488359, "0.40000000000000036": 0.7220840094376788, "0.5": 0.7426104415387709, "0.6000000000000001": 0.7641182452595724, "0.7000000000000002": 0.7849480736559737, "0.8000000000000003": 0.8036010720726962, "0.9000000000000004": 0.8188830032741681, "1.0": 0.8300119934355159, "1.1": 0.8366795617663652, "1.2000000000000002": 0.8390597296687659, "1.3000000000000003": 0.8377663301729775, "1.4000000000000004": 0.8337636840661495, "1.5": 0.8282402107974401, "1.6": 0.8224580344765908, "1.7000000000000002": 0.8175940364306138, "1.8000000000000003": 0.8145889488202867, "1.9000000000000004": 0.8140208586708935}