{"-2.0": 0.8290981514053828, "-1.9": 0.8249559848805215, "-1.8": 0.8178607464930893, "-1.7": 0.8081779009697972, "-1.6": 0.7966039253167285, "-1.5": 0.7840816757897314, "-1.4": 0.7716847879175728, "-1.2999999999999998": 0.7604892365439495, "-1.2": 0.7514510127149382, "-1.1": 0.7453064559533993, "-1.0": 0.7425067783579893, "-0.8999999999999999": 0.7431918489026825, "-0.7999999999999998": 0.7472016988142782, "-0.7": 0.7541187184724161, "-0.5999999999999999": 0.7633300754462032, "-0.5": 0.7740989239200313, "-0.3999999999999999": 0.7856343651166161, "-0.2999999999999998": 0.7971532191028259, "-0.19999999999999996": 0.8079305075636385, "-0.09999999999999987": 0.8173390551950389, "0.0": 0.8248808842236759, "0.10000000000000009": 0.8302135674902886, "0.20000000000000018": 0.8331733884725823, "0.30000000000000027": 0.8337945115270459, "0.40000000000000036": 0.8323202721824883, "0.5": 0.8292002240556904, "0.6000000000000001": 0.8250657191646614, "0.7000000000000002": 0.8206782111477239, "0.8000000000000003": 0.8168482862243643, "0.9000000000000004": 0.8143291622539056, "1.0": 0.8136950095643596, "1.1": 0.8152205205076444, "1.2000000000000002": 0.8187821787980888, "1.3000000000000003": 0.8238023822873362, "1.4000000000000004": 0.8292542229510611, "1.5": 0.8337373505569994, "1.6": 0.8356247966277888, "1.7000000000000002": 0.833268506029218, "1.8000000000000003": 0.8252396971687, "1.9000000000000004": 0.8105712539260321}