{"-2.0": 0.8836843615684592, "-1.9": 0.8785297256498574, "-1.8": 0.8729700219762646, "-1.7": 0.8677150049049098, "-1.6": 0.863543658188588, "-1.5": 0.861144243494829, "-1.4": 0.8609409893266258, "-1.2999999999999998": 0.8629400047521937, "-1.2": 0.866627626529464, "-1.1": 0.8709486898966274, "-1.0": 0.8743806615926191, "-0.8999999999999999": 0.8751038517777205, "-0.7999999999999998": 0.8712506052517803, "-0.7": 0.8612005208678142, "-0.5999999999999999": 0.8438773598580493, "-0.5": 0.8189987562900929, "-0.3999999999999999": 0.7872334200637034, "-0.2999999999999998": 0.7502321239270062, "-0.19999999999999996": 0.7105168559987706, "-0.09999999999999987": 0.6712343402392489, "0.0": 0.6358021397553346, "0.10000000000000009": 0.6074940393743493, "0.20000000000000018": 0.5890231001941788, "0.30000000000000027": 0.5821834898252731, "0.40000000000000036": 0.5876051862972045, "0.5": 0.6046598314882345, "0.6000000000000001": 0.6315337820654483, "0.7000000000000002": 0.6654593035490417, "0.8000000000000003": 0.7030709363602323, "0.9000000000000004": 0.7408352297408933, "1.0": 0.7754913584606435, "1.1": 0.8044393199840082, "1.2000000000000002": 0.8260215201006474, "1.3000000000000003": 0.839661004285053, "1.4000000000000004": 0.8458424215281275, "1.5": 0.8459462064672005, "1.6": 0.8419684326244712, "1.7000000000000002": 0.8361748169556122, "1.8000000000000003": 0.8307450189703638, "1.9000000000000004": 0.8274617236203394}