{"-2.0": 0.8553745713127833, "-1.9": 0.8562694514671266, "-1.8": 0.857435148072434, "-1.7": 0.8586083767621199, "-1.6": 0.8594766699060014, "-1.5": 0.859749416722247, "-1.4": 0.8592335017452465, "-1.2999999999999998": 0.8578954781458008, "-1.2": 0.8558930960062441, "-1.1": 0.8535639115538164, "-1.0": 0.8513669313126465, "-0.8999999999999999": 0.8497833153591714, "-0.7999999999999998": 0.8491920769239386, "-0.7": 0.8497443380653786, "-0.5999999999999999": 0.8512632034043478, "-0.5": 0.8531945719587289, "-0.3999999999999999": 0.8546270839052104, "-0.2999999999999998": 0.854387841209475, "-0.19999999999999996": 0.8512064614105477, "-0.09999999999999987": 0.8439259828514045, "0.0": 0.8317278787175428, "0.10000000000000009": 0.8143323500927582, "0.20000000000000018": 0.7921357119298138, "0.30000000000000027": 0.7662544297522196, "0.40000000000000036": 0.7384592528257794, "0.5": 0.7110007511138967, "0.6000000000000001": 0.6863463640558365, "0.7000000000000002": 0.6668654411755786, "0.8000000000000003": 0.6545096131495282, "0.9000000000000004": 0.6505389640003719, "1.0": 0.6553389850763958, "1.1": 0.6683598170730551, "1.2000000000000002": 0.6881899345468393, "1.3000000000000003": 0.7127544351735304, "1.4000000000000004": 0.7396072714811933, "1.5": 0.7662708052250656, "1.6": 0.7905678876349477, "1.7000000000000002": 0.8108928527550454, "1.8000000000000003": 0.8263782886985821, "1.9000000000000004": 0.8369324899601055}