{"-2.0": 0.86263129703677, "-1.9": 0.8513573238284542, "-1.8": 0.8334830096960434, "-1.7": 0.8090916768335467, "-1.6": 0.7791195367758458, "-1.5": 0.7453212715027141, "-1.4": 0.7101122807671205, "-1.2999999999999998": 0.6763060113623227, "-1.2": 0.646782483398965, "-1.1": 0.6241361500462306, "-1.0": 0.6103553753649926, "-0.8999999999999999": 0.6065812697012843, "-0.7999999999999998": 0.612981103540416, "-0.7": 0.6287531707443732, "-0.5999999999999999": 0.6522589735210342, "-0.5": 0.6812586028676912, "-0.3999999999999999": 0.7132096414656743, "-0.2999999999999998": 0.7455814498181947, "-0.19999999999999996": 0.7761366429517196, "-0.09999999999999987": 0.8031397275720824, "0.0": 0.8254675746743767, "0.10000000000000009": 0.8426148252713864, "0.20000000000000018": 0.854606027135854, "0.30000000000000027": 0.8618418688336243, "0.40000000000000036": 0.864916567625647, "0.5": 0.8644456975977762, "0.6000000000000001": 0.8609383703543582, "0.7000000000000002": 0.8547359989309135, "0.8000000000000003": 0.8460243497974519, "0.9000000000000004": 0.8349093591845269, "1.0": 0.8215334656002478, "1.1": 0.806200647454908, "1.2000000000000002": 0.7894765580515498, "1.3000000000000003": 0.7722353786047009, "1.4000000000000004": 0.7556361445353272, "1.5": 0.7410260783677437, "1.6": 0.7297839289087232, "1.7000000000000002": 0.7231294028231282, "1.8000000000000003": 0.7219328949342083, "1.9000000000000004": 0.7265612687676717}