{"-2.0": 0.652417207444208, "-1.9": 0.6567845906440452, "-1.8": 0.6685828459517085, "-1.7": 0.6865771479154975, "-1.6": 0.7090170883081299, "-1.5": 0.733868826057341, "-1.4": 0.7590671896382335, "-1.2999999999999998": 0.7827504011618507, "-1.2": 0.8034454912604418, "-1.1": 0.8201828073599003, "-1.0": 0.832531176848285, "-0.8999999999999999": 0.8405587505890212, "-0.7999999999999998": 0.84473588007477, "-0.7": 0.8458036726306831, "-0.5999999999999999": 0.8446341050004056, "-0.5": 0.8421047782419182, "-0.3999999999999999": 0.8390045759944648, "-0.2999999999999998": 0.8359773943917841, "-0.19999999999999996": 0.833501847967527, "-0.09999999999999987": 0.8318974286848401, "0.0": 0.8313434999425989, "0.10000000000000009": 0.8318974286848381, "0.20000000000000018": 0.8335018479675289, "0.30000000000000027": 0.835977394391785, "0.40000000000000036": 0.8390045759944657, "0.5": 0.8421047782419171, "0.6000000000000001": 0.8446341050004054, "0.7000000000000002": 0.8458036726306833, "0.8000000000000003": 0.8447358800747667, "0.9000000000000004": 0.8405587505890193, "1.0": 0.8325311768482865, "1.1": 0.8201828073599003, "1.2000000000000002": 0.8034454912604416, "1.3000000000000003": 0.7827504011618541, "1.4000000000000004": 0.7590671896382322, "1.5": 0.7338688260573413, "1.6": 0.7090170883081304, "1.7000000000000002": 0.6865771479154957, "1.8000000000000003": 0.6685828459517066, "1.9000000000000004": 0.6567845906440442}