{"-2.0": 0.8860393552934099, "-1.9": 0.8857456765460612, "-1.8": 0.8849438277589703, "-1.7": 0.8830481510638587, "-1.6": 0.8792457149916906, "-1.5": 0.8725525195365618, "-1.4": 0.8619214062757287, "-1.2999999999999998": 0.84639379884181, "-1.2": 0.8252777651130598, "-1.1": 0.7983270736339327, "-1.0": 0.7658915782153812, "-0.8999999999999999": 0.7290095927632735, "-0.7999999999999998": 0.6894183605874813, "-0.7": 0.6494688466642373, "-0.5999999999999999": 0.6119445881823985, "-0.5": 0.5797992330113154, "-0.3999999999999999": 0.5558412941592275, "-0.2999999999999998": 0.542405173986132, "-0.19999999999999996": 0.5410527086024585, "-0.09999999999999987": 0.5523481747317757, "0.0": 0.5757417322015093, "0.10000000000000009": 0.6095825799677518, "0.20000000000000018": 0.6512655930623474, "0.30000000000000027": 0.6974964823676948, "0.40000000000000036": 0.744643455427522, "0.5": 0.7891306374420638, "0.6000000000000001": 0.8278221788233374, "0.7000000000000002": 0.8583470831391757, "0.8000000000000003": 0.8793232185762442, "0.9000000000000004": 0.8904534472090049, "1.0": 0.892485083277633, "1.1": 0.8870431479730344, "1.2000000000000002": 0.8763651708570155, "1.3000000000000003": 0.8629779992438424, "1.4000000000000004": 0.8493633920545642, "1.5": 0.8376583256416391, "1.6": 0.8294283159968007, "1.7000000000000002": 0.8255391191958408, "1.8000000000000003": 0.826136159108833, "1.9000000000000004": 0.8307245963520737}