{"-2.0": 0.8559431373439129, "-1.9": 0.8561403718419501, "-1.8": 0.8567773667790376, "-1.7": 0.8577877565265744, "-1.6": 0.8589811683860639, "-1.5": 0.8600711225531245, "-1.4": 0.8607317955892582, "-1.2999999999999998": 0.8606733408196698, "-1.2": 0.8597197365612892, "-1.1": 0.8578705062080508, "-1.0": 0.8553290069850636, "-0.8999999999999999": 0.8524853988162636, "-0.7999999999999998": 0.849851086332359, "-0.7": 0.8479518102771599, "-0.5999999999999999": 0.847196589857057, "-0.5": 0.8477472281246146, "-0.3999999999999999": 0.849416276528264, "-0.2999999999999998": 0.8516191441501344, "-0.19999999999999996": 0.8533983782455252, "-0.09999999999999987": 0.8535260774997647, "0.0": 0.8506759305946039, "0.10000000000000009": 0.8436421282878881, "0.20000000000000018": 0.8315711519947688, "0.30000000000000027": 0.8141665829606713, "0.40000000000000036": 0.791828116020481, "0.5": 0.7656941963896924, "0.6000000000000001": 0.7375720821634407, "0.7000000000000002": 0.7097574120387241, "0.8000000000000003": 0.684764423508263, "0.9000000000000004": 0.6650044140343693, "1.0": 0.6524607784087432, "1.1": 0.6484118081092762, "1.2000000000000002": 0.6532465670416125, "1.3000000000000003": 0.6664052752271015, "1.4000000000000004": 0.6864559203249541, "1.5": 0.7112965751697025, "1.6": 0.7384519727702997, "1.7000000000000002": 0.7654169840358404, "1.8000000000000003": 0.789991647681819, "1.9000000000000004": 0.810553849061409}