{"-2.0": 0.90234375, "-1.9": 0.90087890625, "-1.8": 0.90869140625, "-1.7": 0.900634765625, "-1.6": 0.906005859375, "-1.5": 0.910888671875, "-1.4": 0.90087890625, "-1.2999999999999998": 0.912109375, "-1.2": 0.907958984375, "-1.1": 0.911865234375, "-1.0": 0.899169921875, "-0.8999999999999999": 0.89794921875, "-0.7999999999999998": 0.907958984375, "-0.7": 0.894287109375, "-0.5999999999999999": 0.90478515625, "-0.5": 0.89404296875, "-0.3999999999999999": 0.8984375, "-0.2999999999999998": 0.898681640625, "-0.19999999999999996": 0.8974609375, "-0.09999999999999987": 0.9033203125, "0.0": 0.888427734375, "0.10000000000000009": 0.883544921875, "0.20000000000000018": 0.879150390625, "0.30000000000000027": 0.858642578125, "0.40000000000000036": 0.84375, "0.5": 0.830322265625, "0.6000000000000001": 0.818115234375, "0.7000000000000002": 0.779296875, "0.8000000000000003": 0.76806640625, "0.9000000000000004": 0.757080078125, "1.0": 0.72314453125, "1.1": 0.7412109375, "1.2000000000000002": 0.716796875, "1.3000000000000003": 0.736083984375, "1.4000000000000004": 0.7373046875, "1.5": 0.763427734375, "1.6": 0.766357421875, "1.7000000000000002": 0.77197265625, "1.8000000000000003": 0.799560546875, "1.9000000000000004": 0.808349609375}