{"-2.0": 0.904052734375, "-1.9": 0.8984375, "-1.8": 0.891845703125, "-1.7": 0.89892578125, "-1.6": 0.890380859375, "-1.5": 0.8857421875, "-1.4": 0.879150390625, "-1.2999999999999998": 0.88427734375, "-1.2": 0.88330078125, "-1.1": 0.876953125, "-1.0": 0.87060546875, "-0.8999999999999999": 0.885498046875, "-0.7999999999999998": 0.875244140625, "-0.7": 0.876708984375, "-0.5999999999999999": 0.867431640625, "-0.5": 0.875, "-0.3999999999999999": 0.85546875, "-0.2999999999999998": 0.86181640625, "-0.19999999999999996": 0.85205078125, "-0.09999999999999987": 0.849609375, "0.0": 0.84423828125, "0.10000000000000009": 0.83740234375, "0.20000000000000018": 0.83349609375, "0.30000000000000027": 0.80322265625, "0.40000000000000036": 0.79541015625, "0.5": 0.773193359375, "0.6000000000000001": 0.75244140625, "0.7000000000000002": 0.7294921875, "0.8000000000000003": 0.70654296875, "0.9000000000000004": 0.693115234375, "1.0": 0.672119140625, "1.1": 0.680419921875, "1.2000000000000002": 0.660888671875, "1.3000000000000003": 0.677978515625, "1.4000000000000004": 0.67822265625, "1.5": 0.679931640625, "1.6": 0.720703125, "1.7000000000000002": 0.746826171875, "1.8000000000000003": 0.748779296875, "1.9000000000000004": 0.7890625}