{"-2.0": 0.907958984375, "-1.9": 0.8896484375, "-1.8": 0.887939453125, "-1.7": 0.888916015625, "-1.6": 0.890869140625, "-1.5": 0.884033203125, "-1.4": 0.893310546875, "-1.2999999999999998": 0.878662109375, "-1.2": 0.876953125, "-1.1": 0.876220703125, "-1.0": 0.8818359375, "-0.8999999999999999": 0.866943359375, "-0.7999999999999998": 0.865234375, "-0.7": 0.85498046875, "-0.5999999999999999": 0.855224609375, "-0.5": 0.84326171875, "-0.3999999999999999": 0.841064453125, "-0.2999999999999998": 0.829345703125, "-0.19999999999999996": 0.822021484375, "-0.09999999999999987": 0.790771484375, "0.0": 0.7958984375, "0.10000000000000009": 0.771484375, "0.20000000000000018": 0.761474609375, "0.30000000000000027": 0.742431640625, "0.40000000000000036": 0.716796875, "0.5": 0.7177734375, "0.6000000000000001": 0.71826171875, "0.7000000000000002": 0.70703125, "0.8000000000000003": 0.718017578125, "0.9000000000000004": 0.728271484375, "1.0": 0.72314453125, "1.1": 0.74560546875, "1.2000000000000002": 0.748779296875, "1.3000000000000003": 0.759765625, "1.4000000000000004": 0.778076171875, "1.5": 0.786376953125, "1.6": 0.806396484375, "1.7000000000000002": 0.798583984375, "1.8000000000000003": 0.805419921875, "1.9000000000000004": 0.817626953125}