{"-2.0": 0.88525390625, "-1.9": 0.890625, "-1.8": 0.894775390625, "-1.7": 0.88916015625, "-1.6": 0.885009765625, "-1.5": 0.8896484375, "-1.4": 0.889892578125, "-1.2999999999999998": 0.876708984375, "-1.2": 0.881591796875, "-1.1": 0.8759765625, "-1.0": 0.877197265625, "-0.8999999999999999": 0.86865234375, "-0.7999999999999998": 0.875244140625, "-0.7": 0.873291015625, "-0.5999999999999999": 0.8603515625, "-0.5": 0.856689453125, "-0.3999999999999999": 0.84765625, "-0.2999999999999998": 0.8388671875, "-0.19999999999999996": 0.8291015625, "-0.09999999999999987": 0.826904296875, "0.0": 0.81201171875, "0.10000000000000009": 0.7998046875, "0.20000000000000018": 0.783447265625, "0.30000000000000027": 0.77685546875, "0.40000000000000036": 0.735595703125, "0.5": 0.739990234375, "0.6000000000000001": 0.7109375, "0.7000000000000002": 0.714599609375, "0.8000000000000003": 0.70361328125, "0.9000000000000004": 0.701904296875, "1.0": 0.701904296875, "1.1": 0.7080078125, "1.2000000000000002": 0.703125, "1.3000000000000003": 0.70068359375, "1.4000000000000004": 0.70947265625, "1.5": 0.726318359375, "1.6": 0.739013671875, "1.7000000000000002": 0.74365234375, "1.8000000000000003": 0.761962890625, "1.9000000000000004": 0.770263671875}