{"-2.0": 0.8828125, "-1.9": 0.891357421875, "-1.8": 0.892822265625, "-1.7": 0.89208984375, "-1.6": 0.890380859375, "-1.5": 0.8984375, "-1.4": 0.888671875, "-1.2999999999999998": 0.905517578125, "-1.2": 0.892822265625, "-1.1": 0.893310546875, "-1.0": 0.903076171875, "-0.8999999999999999": 0.8955078125, "-0.7999999999999998": 0.884033203125, "-0.7": 0.90380859375, "-0.5999999999999999": 0.910888671875, "-0.5": 0.8984375, "-0.3999999999999999": 0.901123046875, "-0.2999999999999998": 0.90283203125, "-0.19999999999999996": 0.90185546875, "-0.09999999999999987": 0.89208984375, "0.0": 0.89013671875, "0.10000000000000009": 0.886962890625, "0.20000000000000018": 0.88037109375, "0.30000000000000027": 0.872314453125, "0.40000000000000036": 0.873046875, "0.5": 0.850830078125, "0.6000000000000001": 0.842529296875, "0.7000000000000002": 0.835693359375, "0.8000000000000003": 0.82177734375, "0.9000000000000004": 0.82861328125, "1.0": 0.804931640625, "1.1": 0.7998046875, "1.2000000000000002": 0.784912109375, "1.3000000000000003": 0.78955078125, "1.4000000000000004": 0.773193359375, "1.5": 0.784423828125, "1.6": 0.779052734375, "1.7000000000000002": 0.7861328125, "1.8000000000000003": 0.78564453125, "1.9000000000000004": 0.79541015625}