{"-2.0": 0.8994140625, "-1.9": 0.89453125, "-1.8": 0.888916015625, "-1.7": 0.89599609375, "-1.6": 0.892822265625, "-1.5": 0.88720703125, "-1.4": 0.90087890625, "-1.2999999999999998": 0.8916015625, "-1.2": 0.8955078125, "-1.1": 0.884521484375, "-1.0": 0.8857421875, "-0.8999999999999999": 0.88525390625, "-0.7999999999999998": 0.88037109375, "-0.7": 0.88671875, "-0.5999999999999999": 0.89306640625, "-0.5": 0.8916015625, "-0.3999999999999999": 0.884521484375, "-0.2999999999999998": 0.893798828125, "-0.19999999999999996": 0.886474609375, "-0.09999999999999987": 0.896728515625, "0.0": 0.891357421875, "0.10000000000000009": 0.889404296875, "0.20000000000000018": 0.8896484375, "0.30000000000000027": 0.873779296875, "0.40000000000000036": 0.863525390625, "0.5": 0.8427734375, "0.6000000000000001": 0.8193359375, "0.7000000000000002": 0.802490234375, "0.8000000000000003": 0.786376953125, "0.9000000000000004": 0.7646484375, "1.0": 0.741943359375, "1.1": 0.717041015625, "1.2000000000000002": 0.725341796875, "1.3000000000000003": 0.718017578125, "1.4000000000000004": 0.716064453125, "1.5": 0.75, "1.6": 0.75390625, "1.7000000000000002": 0.783447265625, "1.8000000000000003": 0.787841796875, "1.9000000000000004": 0.815185546875}