{"-2.0": 0.906494140625, "-1.9": 0.913818359375, "-1.8": 0.918701171875, "-1.7": 0.913818359375, "-1.6": 0.90673828125, "-1.5": 0.90576171875, "-1.4": 0.9091796875, "-1.2999999999999998": 0.908447265625, "-1.2": 0.904052734375, "-1.1": 0.90673828125, "-1.0": 0.91455078125, "-0.8999999999999999": 0.912841796875, "-0.7999999999999998": 0.9033203125, "-0.7": 0.900634765625, "-0.5999999999999999": 0.905029296875, "-0.5": 0.8896484375, "-0.3999999999999999": 0.879150390625, "-0.2999999999999998": 0.876953125, "-0.19999999999999996": 0.861572265625, "-0.09999999999999987": 0.857666015625, "0.0": 0.83837890625, "0.10000000000000009": 0.8291015625, "0.20000000000000018": 0.817138671875, "0.30000000000000027": 0.82177734375, "0.40000000000000036": 0.7998046875, "0.5": 0.795654296875, "0.6000000000000001": 0.78369140625, "0.7000000000000002": 0.790283203125, "0.8000000000000003": 0.7626953125, "0.9000000000000004": 0.739013671875, "1.0": 0.7216796875, "1.1": 0.73583984375, "1.2000000000000002": 0.707275390625, "1.3000000000000003": 0.718505859375, "1.4000000000000004": 0.707763671875, "1.5": 0.719970703125, "1.6": 0.712646484375, "1.7000000000000002": 0.7275390625, "1.8000000000000003": 0.753173828125, "1.9000000000000004": 0.772216796875}