{"-2.0": 0.8984375, "-1.9": 0.900634765625, "-1.8": 0.89794921875, "-1.7": 0.900390625, "-1.6": 0.88525390625, "-1.5": 0.88818359375, "-1.4": 0.898681640625, "-1.2999999999999998": 0.887939453125, "-1.2": 0.888916015625, "-1.1": 0.88916015625, "-1.0": 0.894775390625, "-0.8999999999999999": 0.881103515625, "-0.7999999999999998": 0.885498046875, "-0.7": 0.89111328125, "-0.5999999999999999": 0.88818359375, "-0.5": 0.87744140625, "-0.3999999999999999": 0.880615234375, "-0.2999999999999998": 0.87646484375, "-0.19999999999999996": 0.857666015625, "-0.09999999999999987": 0.8525390625, "0.0": 0.82666015625, "0.10000000000000009": 0.81689453125, "0.20000000000000018": 0.786376953125, "0.30000000000000027": 0.745361328125, "0.40000000000000036": 0.7373046875, "0.5": 0.721435546875, "0.6000000000000001": 0.68701171875, "0.7000000000000002": 0.68798828125, "0.8000000000000003": 0.680419921875, "0.9000000000000004": 0.682861328125, "1.0": 0.68115234375, "1.1": 0.69775390625, "1.2000000000000002": 0.724853515625, "1.3000000000000003": 0.72412109375, "1.4000000000000004": 0.732177734375, "1.5": 0.752197265625, "1.6": 0.739013671875, "1.7000000000000002": 0.743896484375, "1.8000000000000003": 0.751708984375, "1.9000000000000004": 0.771728515625}