{"-2.0": 0.86181640625, "-1.9": 0.855712890625, "-1.8": 0.866455078125, "-1.7": 0.87548828125, "-1.6": 0.8671875, "-1.5": 0.86376953125, "-1.4": 0.873046875, "-1.2999999999999998": 0.859375, "-1.2": 0.85693359375, "-1.1": 0.861328125, "-1.0": 0.8603515625, "-0.8999999999999999": 0.855224609375, "-0.7999999999999998": 0.84912109375, "-0.7": 0.83349609375, "-0.5999999999999999": 0.83203125, "-0.5": 0.82275390625, "-0.3999999999999999": 0.82177734375, "-0.2999999999999998": 0.8017578125, "-0.19999999999999996": 0.79541015625, "-0.09999999999999987": 0.791259765625, "0.0": 0.7822265625, "0.10000000000000009": 0.791748046875, "0.20000000000000018": 0.797607421875, "0.30000000000000027": 0.782470703125, "0.40000000000000036": 0.782958984375, "0.5": 0.78173828125, "0.6000000000000001": 0.76318359375, "0.7000000000000002": 0.771728515625, "0.8000000000000003": 0.76953125, "0.9000000000000004": 0.776611328125, "1.0": 0.76513671875, "1.1": 0.757568359375, "1.2000000000000002": 0.763916015625, "1.3000000000000003": 0.7412109375, "1.4000000000000004": 0.755126953125, "1.5": 0.741943359375, "1.6": 0.750732421875, "1.7000000000000002": 0.74755859375, "1.8000000000000003": 0.756591796875, "1.9000000000000004": 0.74560546875}