{"-2.0": 0.887451171875, "-1.9": 0.89404296875, "-1.8": 0.8896484375, "-1.7": 0.890625, "-1.6": 0.885986328125, "-1.5": 0.884033203125, "-1.4": 0.88232421875, "-1.2999999999999998": 0.8818359375, "-1.2": 0.86865234375, "-1.1": 0.865478515625, "-1.0": 0.853759765625, "-0.8999999999999999": 0.842529296875, "-0.7999999999999998": 0.838623046875, "-0.7": 0.8134765625, "-0.5999999999999999": 0.810791015625, "-0.5": 0.78076171875, "-0.3999999999999999": 0.7666015625, "-0.2999999999999998": 0.749267578125, "-0.19999999999999996": 0.721923828125, "-0.09999999999999987": 0.703857421875, "0.0": 0.680419921875, "0.10000000000000009": 0.70166015625, "0.20000000000000018": 0.65966796875, "0.30000000000000027": 0.671630859375, "0.40000000000000036": 0.666259765625, "0.5": 0.673828125, "0.6000000000000001": 0.681640625, "0.7000000000000002": 0.698486328125, "0.8000000000000003": 0.7158203125, "0.9000000000000004": 0.723388671875, "1.0": 0.747802734375, "1.1": 0.775390625, "1.2000000000000002": 0.80224609375, "1.3000000000000003": 0.82568359375, "1.4000000000000004": 0.81640625, "1.5": 0.843994140625, "1.6": 0.86328125, "1.7000000000000002": 0.857177734375, "1.8000000000000003": 0.8662109375, "1.9000000000000004": 0.8798828125}