{"-2.0": 0.906005859375, "-1.9": 0.907470703125, "-1.8": 0.908203125, "-1.7": 0.90478515625, "-1.6": 0.9091796875, "-1.5": 0.9052734375, "-1.4": 0.912841796875, "-1.2999999999999998": 0.908935546875, "-1.2": 0.904052734375, "-1.1": 0.910888671875, "-1.0": 0.89404296875, "-0.8999999999999999": 0.892822265625, "-0.7999999999999998": 0.897705078125, "-0.7": 0.90185546875, "-0.5999999999999999": 0.903076171875, "-0.5": 0.904052734375, "-0.3999999999999999": 0.89404296875, "-0.2999999999999998": 0.908935546875, "-0.19999999999999996": 0.89404296875, "-0.09999999999999987": 0.900390625, "0.0": 0.887939453125, "0.10000000000000009": 0.88818359375, "0.20000000000000018": 0.853759765625, "0.30000000000000027": 0.821533203125, "0.40000000000000036": 0.803955078125, "0.5": 0.773193359375, "0.6000000000000001": 0.75732421875, "0.7000000000000002": 0.7294921875, "0.8000000000000003": 0.71923828125, "0.9000000000000004": 0.6982421875, "1.0": 0.70556640625, "1.1": 0.697998046875, "1.2000000000000002": 0.72021484375, "1.3000000000000003": 0.72314453125, "1.4000000000000004": 0.75, "1.5": 0.759521484375, "1.6": 0.779052734375, "1.7000000000000002": 0.797119140625, "1.8000000000000003": 0.7939453125, "1.9000000000000004": 0.80810546875}