{"-2.0": 0.893798828125, "-1.9": 0.892822265625, "-1.8": 0.8955078125, "-1.7": 0.89501953125, "-1.6": 0.888427734375, "-1.5": 0.894287109375, "-1.4": 0.892822265625, "-1.2999999999999998": 0.900634765625, "-1.2": 0.8955078125, "-1.1": 0.8974609375, "-1.0": 0.901611328125, "-0.8999999999999999": 0.901123046875, "-0.7999999999999998": 0.903076171875, "-0.7": 0.8837890625, "-0.5999999999999999": 0.89453125, "-0.5": 0.888671875, "-0.3999999999999999": 0.8818359375, "-0.2999999999999998": 0.893798828125, "-0.19999999999999996": 0.880859375, "-0.09999999999999987": 0.875732421875, "0.0": 0.8642578125, "0.10000000000000009": 0.855712890625, "0.20000000000000018": 0.853271484375, "0.30000000000000027": 0.843017578125, "0.40000000000000036": 0.8369140625, "0.5": 0.81640625, "0.6000000000000001": 0.81689453125, "0.7000000000000002": 0.817138671875, "0.8000000000000003": 0.8056640625, "0.9000000000000004": 0.7958984375, "1.0": 0.784423828125, "1.1": 0.7998046875, "1.2000000000000002": 0.78857421875, "1.3000000000000003": 0.776123046875, "1.4000000000000004": 0.785400390625, "1.5": 0.788818359375, "1.6": 0.769287109375, "1.7000000000000002": 0.75830078125, "1.8000000000000003": 0.757080078125, "1.9000000000000004": 0.736328125}