{"-2.0": 0.90478515625, "-1.9": 0.903564453125, "-1.8": 0.90380859375, "-1.7": 0.905517578125, "-1.6": 0.90478515625, "-1.5": 0.908935546875, "-1.4": 0.91064453125, "-1.2999999999999998": 0.909423828125, "-1.2": 0.90673828125, "-1.1": 0.904052734375, "-1.0": 0.899658203125, "-0.8999999999999999": 0.888916015625, "-0.7999999999999998": 0.907470703125, "-0.7": 0.885498046875, "-0.5999999999999999": 0.894287109375, "-0.5": 0.895751953125, "-0.3999999999999999": 0.90380859375, "-0.2999999999999998": 0.897705078125, "-0.19999999999999996": 0.887451171875, "-0.09999999999999987": 0.8798828125, "0.0": 0.8662109375, "0.10000000000000009": 0.852783203125, "0.20000000000000018": 0.84228515625, "0.30000000000000027": 0.837158203125, "0.40000000000000036": 0.800537109375, "0.5": 0.7666015625, "0.6000000000000001": 0.742431640625, "0.7000000000000002": 0.759521484375, "0.8000000000000003": 0.72802734375, "0.9000000000000004": 0.735595703125, "1.0": 0.69482421875, "1.1": 0.735107421875, "1.2000000000000002": 0.727294921875, "1.3000000000000003": 0.7451171875, "1.4000000000000004": 0.7666015625, "1.5": 0.784912109375, "1.6": 0.79296875, "1.7000000000000002": 0.81396484375, "1.8000000000000003": 0.80712890625, "1.9000000000000004": 0.830322265625}