{"-2.0": 0.889404296875, "-1.9": 0.88720703125, "-1.8": 0.89404296875, "-1.7": 0.906005859375, "-1.6": 0.89599609375, "-1.5": 0.897216796875, "-1.4": 0.90087890625, "-1.2999999999999998": 0.90283203125, "-1.2": 0.900390625, "-1.1": 0.903076171875, "-1.0": 0.904296875, "-0.8999999999999999": 0.891845703125, "-0.7999999999999998": 0.89453125, "-0.7": 0.892822265625, "-0.5999999999999999": 0.889892578125, "-0.5": 0.887451171875, "-0.3999999999999999": 0.883544921875, "-0.2999999999999998": 0.88525390625, "-0.19999999999999996": 0.900390625, "-0.09999999999999987": 0.89794921875, "0.0": 0.893798828125, "0.10000000000000009": 0.884033203125, "0.20000000000000018": 0.876953125, "0.30000000000000027": 0.871826171875, "0.40000000000000036": 0.8544921875, "0.5": 0.836181640625, "0.6000000000000001": 0.817138671875, "0.7000000000000002": 0.80322265625, "0.8000000000000003": 0.771728515625, "0.9000000000000004": 0.750732421875, "1.0": 0.744384765625, "1.1": 0.7373046875, "1.2000000000000002": 0.71533203125, "1.3000000000000003": 0.73095703125, "1.4000000000000004": 0.754150390625, "1.5": 0.758056640625, "1.6": 0.7724609375, "1.7000000000000002": 0.791015625, "1.8000000000000003": 0.784423828125, "1.9000000000000004": 0.80126953125}