{"-2.0": 0.87451171875, "-1.9": 0.875244140625, "-1.8": 0.875244140625, "-1.7": 0.8759765625, "-1.6": 0.876708984375, "-1.5": 0.8740234375, "-1.4": 0.87451171875, "-1.2999999999999998": 0.87158203125, "-1.2": 0.872314453125, "-1.1": 0.857666015625, "-1.0": 0.864990234375, "-0.8999999999999999": 0.837646484375, "-0.7999999999999998": 0.84716796875, "-0.7": 0.8330078125, "-0.5999999999999999": 0.830810546875, "-0.5": 0.822021484375, "-0.3999999999999999": 0.8359375, "-0.2999999999999998": 0.836669921875, "-0.19999999999999996": 0.8388671875, "-0.09999999999999987": 0.837646484375, "0.0": 0.84033203125, "0.10000000000000009": 0.845458984375, "0.20000000000000018": 0.840087890625, "0.30000000000000027": 0.832763671875, "0.40000000000000036": 0.82421875, "0.5": 0.80908203125, "0.6000000000000001": 0.808837890625, "0.7000000000000002": 0.7822265625, "0.8000000000000003": 0.779541015625, "0.9000000000000004": 0.7568359375, "1.0": 0.754150390625, "1.1": 0.7451171875, "1.2000000000000002": 0.7509765625, "1.3000000000000003": 0.74462890625, "1.4000000000000004": 0.761474609375, "1.5": 0.76171875, "1.6": 0.770263671875, "1.7000000000000002": 0.77294921875, "1.8000000000000003": 0.7890625, "1.9000000000000004": 0.798583984375}