{"-2.0": 0.869140625, "-1.9": 0.8681640625, "-1.8": 0.8642578125, "-1.7": 0.864990234375, "-1.6": 0.864501953125, "-1.5": 0.861572265625, "-1.4": 0.869873046875, "-1.2999999999999998": 0.8642578125, "-1.2": 0.863525390625, "-1.1": 0.869140625, "-1.0": 0.863037109375, "-0.8999999999999999": 0.863525390625, "-0.7999999999999998": 0.859375, "-0.7": 0.859375, "-0.5999999999999999": 0.864013671875, "-0.5": 0.853271484375, "-0.3999999999999999": 0.845947265625, "-0.2999999999999998": 0.8466796875, "-0.19999999999999996": 0.830322265625, "-0.09999999999999987": 0.828857421875, "0.0": 0.81884765625, "0.10000000000000009": 0.79150390625, "0.20000000000000018": 0.79248046875, "0.30000000000000027": 0.783935546875, "0.40000000000000036": 0.75537109375, "0.5": 0.767333984375, "0.6000000000000001": 0.7548828125, "0.7000000000000002": 0.746337890625, "0.8000000000000003": 0.7314453125, "0.9000000000000004": 0.718017578125, "1.0": 0.719482421875, "1.1": 0.722412109375, "1.2000000000000002": 0.72021484375, "1.3000000000000003": 0.739501953125, "1.4000000000000004": 0.72216796875, "1.5": 0.72802734375, "1.6": 0.740478515625, "1.7000000000000002": 0.75146484375, "1.8000000000000003": 0.76171875, "1.9000000000000004": 0.760498046875}