{"-2.0": 0.922835449057587, "-1.9": 0.9502351009983255, "-1.8": 0.9555750721100688, "-1.7": 0.9340463649093659, "-1.6": 0.8857290736386461, "-1.5": 0.8159510916109829, "-1.4": 0.7346500895918106, "-1.2999999999999998": 0.6547965045321728, "-1.2": 0.5901153029041295, "-1.1": 0.5524892173278159, "-1.0": 0.5495074825907486, "-0.8999999999999999": 0.5826239233170053, "-0.7999999999999998": 0.6463030021795161, "-0.7": 0.728374047353271, "-0.5999999999999999": 0.8116080907150791, "-0.5": 0.8763138785186837, "-0.3999999999999999": 0.9035584006975049, "-0.2999999999999998": 0.8784879454118465, "-0.19999999999999996": 0.7931834519758932, "-0.09999999999999987": 0.6485392262682501, "0.0": 0.4548002573109638, "0.10000000000000009": 0.23060751605318797, "0.20000000000000018": 0.0006472652673041868, "0.30000000000000027": -0.20776239903290555, "0.40000000000000036": -0.36862797251298496, "0.5": -0.46115723385529195, "0.6000000000000001": -0.4729333560723475, "0.7000000000000002": -0.4018677467358714, "0.8000000000000003": -0.2566049717855663, "0.9000000000000004": -0.05530139739295505, "1.0": 0.1770377912475472, "1.1": 0.41224493670563345, "1.2000000000000002": 0.623116414260211, "1.3000000000000003": 0.7873273060650816, "1.4000000000000004": 0.8905207643933319, "1.5": 0.928097289448707, "1.6": 0.905444099027352, "1.7000000000000002": 0.8365994236942791, "1.8000000000000003": 0.7415981834265755, "1.9000000000000004": 0.642952527853958}