{"-2.0": 0.6685711276474735, "-1.9": 0.7556302416641181, "-1.8": 0.8477004901202758, "-1.7": 0.9265296570072545, "-1.6": 0.9753987612843048, "-1.5": 0.9823111272055106, "-1.4": 0.9424237532809348, "-1.2999999999999998": 0.8592374222207805, "-1.2": 0.744282215195058, "-1.1": 0.6153109935129523, "-1.0": 0.4932936479068715, "-0.8999999999999999": 0.39873632742215226, "-0.7999999999999998": 0.3479876360001094, "-0.7": 0.3502101784565724, "-0.5999999999999999": 0.40558571553066525, "-0.5": 0.5051043122887663, "-0.3999999999999999": 0.632001614867252, "-0.2999999999999998": 0.7646065109386981, "-0.19999999999999996": 0.8801001559172451, "-0.09999999999999987": 0.9585157904319719, "0.0": 0.9862595802816568, "0.10000000000000009": 0.9585157904319719, "0.20000000000000018": 0.8801001559172447, "0.30000000000000027": 0.7646065109386975, "0.40000000000000036": 0.6320016148672518, "0.5": 0.5051043122887663, "0.6000000000000001": 0.40558571553066575, "0.7000000000000002": 0.3502101784565723, "0.8000000000000003": 0.34798763600010785, "0.9000000000000004": 0.39873632742215226, "1.0": 0.4932936479068715, "1.1": 0.6153109935129523, "1.2000000000000002": 0.7442822151950588, "1.3000000000000003": 0.8592374222207821, "1.4000000000000004": 0.9424237532809355, "1.5": 0.9823111272055106, "1.6": 0.9753987612843047, "1.7000000000000002": 0.9265296570072545, "1.8000000000000003": 0.8477004901202752, "1.9000000000000004": 0.7556302416641186}