{"-2.0": 0.9378099830891513, "-1.9": 0.9311370741287346, "-1.8": 0.9279389550994397, "-1.7": 0.9286843555546799, "-1.6": 0.9333523148305929, "-1.5": 0.9414127241556445, "-1.4": 0.9518860794133621, "-1.2999999999999998": 0.9634765271502909, "-1.2": 0.9747596291556725, "-1.1": 0.9843962044103999, "-1.0": 0.9913379810759442, "-0.8999999999999999": 0.994990750030037, "-0.7999999999999998": 0.9953064708863731, "-0.7": 0.9927865626532322, "-0.5999999999999999": 0.9883927490717453, "-0.5": 0.9833770379956287, "-0.3999999999999999": 0.9790561696664337, "-0.2999999999999998": 0.9765658339266035, "-0.19999999999999996": 0.9766343864826188, "-0.09999999999999987": 0.9794138421745612, "0.0": 0.9843977943050801, "0.10000000000000009": 0.9904428371687652, "0.20000000000000018": 0.9958941158810218, "0.30000000000000027": 0.9987993417732759, "0.40000000000000036": 0.9971816035746802, "0.5": 0.9893318136203221, "0.6000000000000001": 0.9740781539899689, "0.7000000000000002": 0.950992948881727, "0.8000000000000003": 0.9205064517546585, "0.9000000000000004": 0.8839106137756996, "1.0": 0.8432518191025089, "1.1": 0.8011273375459729, "1.2000000000000002": 0.7604134542886966, "1.3000000000000003": 0.7239619665613843, "1.4000000000000004": 0.6943048380580074, "1.5": 0.6734040505285884, "1.6": 0.6624757882193159, "1.7000000000000002": 0.6619064996322712, "1.8000000000000003": 0.671265056066454, "1.9000000000000004": 0.6894022667945898}