{"-2.0": 0.7209439084154265, "-1.9": 0.6056217213525364, "-1.8": 0.5079056983770638, "-1.7": 0.4439548062717464, "-1.6": 0.4235984653233852, "-1.5": 0.448686278336035, "-1.4": 0.5128930104946785, "-1.2999999999999998": 0.6030141734448787, "-1.2": 0.7015117953493549, "-1.1": 0.7898376318859831, "-1.0": 0.8519159526755234, "-0.8999999999999999": 0.8771376708774368, "-0.7999999999999998": 0.8623080299863805, "-0.7": 0.8121846858454096, "-0.5999999999999999": 0.7385055923209809, "-0.5": 0.6576876064505508, "-0.3999999999999999": 0.5876246233827711, "-0.2999999999999998": 0.5441821408230414, "-0.19999999999999996": 0.5380422761680576, "-0.09999999999999987": 0.572489092633394, "0.0": 0.6425509899344929, "0.10000000000000009": 0.7356674715044205, "0.20000000000000018": 0.8337683923346371, "0.30000000000000027": 0.9163965498328902, "0.40000000000000036": 0.9643163604807714, "0.5": 0.9629661839694422, "0.6000000000000001": 0.9051439400713903, "0.7000000000000002": 0.7924574469259762, "0.8000000000000003": 0.6352946930925935, "0.9000000000000004": 0.4513327264452739, "1.0": 0.2628582531888131, "1.1": 0.09337244635771597, "1.2000000000000002": -0.035937754336467065, "1.3000000000000003": -0.10927651355364182, "1.4000000000000004": -0.11837933198559297, "1.5": -0.0634137293930514, "1.6": 0.047435757627899144, "1.7000000000000002": 0.19954618423634582, "1.8000000000000003": 0.3742585564863361, "1.9000000000000004": 0.551649166845201}