{"-2.0": 0.7897550565595035, "-1.9": 0.6807508896448426, "-1.8": 0.5720925291622578, "-1.7": 0.4810194311355577, "-1.6": 0.4228348611158512, "-1.5": 0.4080036526632247, "-1.4": 0.4400049302765386, "-1.2999999999999998": 0.5143716375298398, "-1.2": 0.6191409076067873, "-1.1": 0.7366829334279188, "-1.0": 0.8466184368448209, "-0.8999999999999999": 0.9293247752817768, "-0.7999999999999998": 0.9694088242824115, "-0.7": 0.9585157904319702, "-0.5999999999999999": 0.8969509119164922, "-0.5": 0.7937975260888874, "-0.3999999999999999": 0.6654833339396757, "-0.2999999999999998": 0.5330278897995462, "-0.19999999999999996": 0.41844642279113037, "-0.09999999999999987": 0.3409428532155014, "0.0": 0.3135684212542343, "0.10000000000000009": 0.34094285321550166, "0.20000000000000018": 0.4184464227911302, "0.30000000000000027": 0.5330278897995472, "0.40000000000000036": 0.6654833339396764, "0.5": 0.7937975260888877, "0.6000000000000001": 0.896950911916493, "0.7000000000000002": 0.9585157904319703, "0.8000000000000003": 0.9694088242824057, "0.9000000000000004": 0.9293247752817775, "1.0": 0.8466184368448206, "1.1": 0.7366829334279186, "1.2000000000000002": 0.6191409076067872, "1.3000000000000003": 0.5143716375298399, "1.4000000000000004": 0.440004930276539, "1.5": 0.4080036526632247, "1.6": 0.4228348611158512, "1.7000000000000002": 0.481019431135558, "1.8000000000000003": 0.572092529162259, "1.9000000000000004": 0.6807508896448438}