{"-2.0": 0.8007251895461678, "-1.9": 0.8408532972058332, "-1.8": 0.8785234989421451, "-1.7": 0.9029143283029368, "-1.6": 0.9046263493056181, "-1.5": 0.8777963511870932, "-1.4": 0.8216700180469116, "-1.2999999999999998": 0.7412857678173674, "-1.2": 0.6470726915129966, "-1.1": 0.5533619165769712, "-1.0": 0.47601805378116224, "-0.8999999999999999": 0.4295767942379339, "-0.7999999999999998": 0.42439094753472956, "-0.7": 0.46431546098167076, "-0.5999999999999999": 0.5453929895839761, "-0.5": 0.6558440065580158, "-0.3999999999999999": 0.7774447191707525, "-0.2999999999999998": 0.8881302943151499, "-0.19999999999999996": 0.9654341501423725, "-0.09999999999999987": 0.9902083131462333, "0.0": 0.9499971545835516, "0.10000000000000009": 0.8414732075527505, "0.20000000000000018": 0.6714858114201148, "0.30000000000000027": 0.4564983868444385, "0.40000000000000036": 0.22046007289801933, "0.5": -0.008574715234357544, "0.6000000000000001": -0.20254693949075192, "0.7000000000000002": -0.33755240626761485, "0.8000000000000003": -0.39738180579658744, "0.9000000000000004": -0.3758629720344889, "1.0": -0.27762693406301076, "1.1": -0.11718468973537027, "1.2000000000000002": 0.08351392058266899, "1.3000000000000003": 0.29861413613855714, "1.4000000000000004": 0.5023792071820145, "1.5": 0.6730257921768633, "1.6": 0.7957403773389624, "1.7000000000000002": 0.8643991502561034, "1.8000000000000003": 0.8817480705743546, "1.9000000000000004": 0.8580722647779204}