{"-2.0": 0.8077163287617566, "-1.9": 0.8556727946303543, "-1.8": 0.8932253884267749, "-1.7": 0.9128994128847581, "-1.6": 0.9095190866324573, "-1.5": 0.8811822091926975, "-1.4": 0.8297554046998836, "-1.2999999999999998": 0.760781939306737, "-1.2": 0.6827884940306485, "-1.1": 0.6060781737672277, "-1.0": 0.5411871181791722, "-0.8999999999999999": 0.497245304046512, "-0.7999999999999998": 0.4805066246811702, "-0.7": 0.49329364790687386, "-0.5999999999999999": 0.5335406962539342, "-0.5": 0.5950245471486533, "-0.3999999999999999": 0.6682604824981803, "-0.2999999999999998": 0.741931295044379, "-0.19999999999999996": 0.8046269454636332, "-0.09999999999999987": 0.8466184368448247, "0.0": 0.8613807632460643, "0.10000000000000009": 0.8466184368448251, "0.20000000000000018": 0.8046269454636326, "0.30000000000000027": 0.7419312950443793, "0.40000000000000036": 0.6682604824981802, "0.5": 0.5950245471486533, "0.6000000000000001": 0.5335406962539341, "0.7000000000000002": 0.4932936479068733, "0.8000000000000003": 0.48050662468116917, "0.9000000000000004": 0.49724530404651285, "1.0": 0.5411871181791723, "1.1": 0.6060781737672276, "1.2000000000000002": 0.6827884940306483, "1.3000000000000003": 0.7607819393067379, "1.4000000000000004": 0.8297554046998841, "1.5": 0.8811822091926987, "1.6": 0.9095190866324575, "1.7000000000000002": 0.9128994128847585, "1.8000000000000003": 0.8932253884267751, "1.9000000000000004": 0.8556727946303541}