{"-2.0": 0.9146368611818955, "-1.9": 0.9229189041871897, "-1.8": 0.933246982732052, "-1.7": 0.9444485789812878, "-1.6": 0.9553934387460562, "-1.5": 0.9651605940583781, "-1.4": 0.9731579607196346, "-1.2999999999999998": 0.9791740316406917, "-1.2": 0.9833547026352536, "-1.1": 0.98611317866225, "-1.0": 0.9879942395111838, "-0.8999999999999999": 0.9895231808304752, "-0.7999999999999998": 0.9910725893727316, "-0.7": 0.9927760761814985, "-0.5999999999999999": 0.9945078771986118, "-0.5": 0.9959328138128719, "-0.3999999999999999": 0.9966153749870776, "-0.2999999999999998": 0.9961628812040303, "-0.19999999999999996": 0.9943687722192969, "-0.09999999999999987": 0.9913200843602841, "0.0": 0.9874388685255702, "0.10000000000000009": 0.9834398362541503, "0.20000000000000018": 0.9802036735395815, "0.30000000000000027": 0.9785839638703864, "0.40000000000000036": 0.9791818231813809, "0.5": 0.9821327681197388, "0.6000000000000001": 0.98695258078513, "0.7000000000000002": 0.99248204450828, "0.8000000000000003": 0.9969551781173113, "0.9000000000000004": 0.9981944076314753, "1.0": 0.9939126494725363, "1.1": 0.9820808038264652, "1.2000000000000002": 0.9613037567439074, "1.3000000000000003": 0.9311418021379967, "1.4000000000000004": 0.8923189956792137, "1.5": 0.8467750176681579, "1.6": 0.7975404325533049, "1.7000000000000002": 0.7484430288304763, "1.8000000000000003": 0.7036805454532724, "1.9000000000000004": 0.667317798012317}