{"-2.0": 0.7987120508951038, "-1.9": 0.6809221868387907, "-1.8": 0.5627897283945705, "-1.7": 0.4632628714857181, "-1.6": 0.3992491338765395, "-1.5": 0.38240685074598213, "-1.4": 0.4167581714499062, "-1.2999999999999998": 0.49760300980709177, "-1.2": 0.6119851036097663, "-1.1": 0.7406788054064801, "-1.0": 0.8613807632460573, "-0.8999999999999999": 0.952558068283156, "-0.7999999999999998": 0.9972687873174848, "-0.7": 0.9862595802816495, "-0.5999999999999999": 0.9197627935464472, "-0.5": 0.8076422435513166, "-0.3999999999999999": 0.6678322586313227, "-0.2999999999999998": 0.5233244243280224, "-0.19999999999999996": 0.39822352096776326, "-0.09999999999999987": 0.31356842125423295, "0.0": 0.28366218546323385, "0.10000000000000009": 0.31356842125423257, "0.20000000000000018": 0.3982235209677635, "0.30000000000000027": 0.5233244243280231, "0.40000000000000036": 0.6678322586313237, "0.5": 0.8076422435513165, "0.6000000000000001": 0.9197627935464471, "0.7000000000000002": 0.9862595802816494, "0.8000000000000003": 0.9972687873174797, "0.9000000000000004": 0.9525580682831555, "1.0": 0.8613807632460575, "1.1": 0.7406788054064803, "1.2000000000000002": 0.6119851036097661, "1.3000000000000003": 0.49760300980709216, "1.4000000000000004": 0.41675817144990634, "1.5": 0.3824068507459817, "1.6": 0.399249133876539, "1.7000000000000002": 0.46326287148571876, "1.8000000000000003": 0.5627897283945708, "1.9000000000000004": 0.6809221868387915}