{"-2.0": 0.7776027485322814, "-1.9": 0.670261009449679, "-1.8": 0.5619445525389509, "-1.7": 0.4706526062267986, "-1.6": 0.4125846824175692, "-1.5": 0.39902624800433434, "-1.4": 0.4339917876619023, "-1.2999999999999998": 0.5131015484678838, "-1.2": 0.6239533277523632, "-1.1": 0.7479792346978518, "-1.0": 0.863499516627823, "-0.8999999999999999": 0.9494538073893606, "-0.7999999999999998": 0.9891494476981367, "-0.7": 0.9733454371340884, "-0.5999999999999999": 0.902095620377207, "-0.5": 0.7849887148639542, "-0.3999999999999999": 0.639707783611709, "-0.2999999999999998": 0.4891358682358565, "-0.19999999999999996": 0.3575015576300554, "-0.09999999999999987": 0.2662383615582351, "0.0": 0.23029067438816486, "0.10000000000000009": 0.25552490833129565, "0.20000000000000018": 0.33770977220622317, "0.30000000000000027": 0.4632498234578247, "0.40000000000000036": 0.6115424301184292, "0.5": 0.75853769364409, "0.6000000000000001": 0.8808669609559701, "0.7000000000000002": 0.9598073245106928, "0.8000000000000003": 0.9843845156507443, "0.9000000000000004": 0.9530776840081354, "1.0": 0.8738463084089607, "1.1": 0.7625040229479858, "1.2000000000000002": 0.6397601665550041, "1.3000000000000003": 0.5274832212359827, "1.4000000000000004": 0.4448690621873798, "1.5": 0.4051990848806179, "1.6": 0.41375056544930944, "1.7000000000000002": 0.46719895127076566, "1.8000000000000003": 0.5545722081051638, "1.9000000000000004": 0.6595337025684658}