{"-2.0": 0.9829582311714575, "-1.9": 0.9696433988143139, "-1.8": 0.9508738427108088, "-1.7": 0.9269402124326286, "-1.6": 0.8988181834996867, "-1.5": 0.8681530673880189, "-1.4": 0.8371491514795992, "-1.2999999999999998": 0.8083685682819234, "-1.2": 0.7844584065968385, "-1.1": 0.7678370592209549, "-1.0": 0.7603794175530503, "-0.8999999999999999": 0.7631438842351701, "-0.7999999999999998": 0.7761814204938235, "-0.7": 0.7984580216797628, "-0.5999999999999999": 0.827908114066612, "-0.5": 0.8616192109779749, "-0.3999999999999999": 0.8961301580999352, "-0.2999999999999998": 0.9278090613518707, "-0.19999999999999996": 0.9532649721201276, "-0.09999999999999987": 0.9697414859932592, "0.0": 0.9754416047645189, "0.10000000000000009": 0.969741485993259, "0.20000000000000018": 0.9532649721201276, "0.30000000000000027": 0.9278090613518707, "0.40000000000000036": 0.8961301580999351, "0.5": 0.8616192109779749, "0.6000000000000001": 0.827908114066612, "0.7000000000000002": 0.798458021679763, "0.8000000000000003": 0.77618142049382, "0.9000000000000004": 0.7631438842351694, "1.0": 0.7603794175530505, "1.1": 0.7678370592209545, "1.2000000000000002": 0.784458406596839, "1.3000000000000003": 0.8083685682819244, "1.4000000000000004": 0.8371491514795989, "1.5": 0.8681530673880186, "1.6": 0.8988181834996865, "1.7000000000000002": 0.9269402124326285, "1.8000000000000003": 0.950873842710809, "1.9000000000000004": 0.9696433988143148}