{"-2.0": 0.9906180187041085, "-1.9": 0.9893427507207686, "-1.8": 0.9887804835904994, "-1.7": 0.9891650269325438, "-1.6": 0.9905300949583336, "-1.5": 0.9926307429998511, "-1.4": 0.9949023975841944, "-1.2999999999999998": 0.9964737601532078, "-1.2": 0.9962420259589121, "-1.1": 0.993008188072614, "-1.0": 0.9856584416726525, "-0.8999999999999999": 0.9733670216937644, "-0.7999999999999998": 0.9557883711518111, "-0.7": 0.9332041152155405, "-0.5999999999999999": 0.9065938896269483, "-0.5": 0.8776085834279858, "-0.3999999999999999": 0.8484388333750635, "-0.2999999999999998": 0.8215884996250384, "-0.19999999999999996": 0.7995795580373701, "-0.09999999999999987": 0.7846283865059114, "0.0": 0.7783411845270013, "0.10000000000000009": 0.781476492564603, "0.20000000000000018": 0.7938149497163317, "0.30000000000000027": 0.814161420859487, "0.40000000000000036": 0.8404846276919281, "0.5": 0.870177608657724, "0.6000000000000001": 0.900402353841725, "0.7000000000000002": 0.9284672951684876, "0.8000000000000003": 0.9521796786897255, "0.9000000000000004": 0.9701176140950156, "1.0": 0.9817786143884288, "1.1": 0.9875809310501039, "1.2000000000000002": 0.9887178434529357, "1.3000000000000003": 0.9868893319687555, "1.4000000000000004": 0.9839561454876954, "1.5": 0.9815746079990222, "1.6": 0.9808742151350627, "1.7000000000000002": 0.9822333809718788, "1.8000000000000003": 0.9851926075162829, "1.9000000000000004": 0.9885214827243983}