{"-2.0": 0.749733163192005, "-1.9": 0.82528137639106, "-1.8": 0.896048656885506, "-1.7": 0.9482720835179732, "-1.6": 0.9704908775578607, "-1.5": 0.955720672157446, "-1.4": 0.9029408489183832, "-1.2999999999999998": 0.8175928628624268, "-1.2": 0.7109561753041154, "-1.1": 0.5984677859314369, "-1.0": 0.4972453040465093, "-0.8999999999999999": 0.42322595692890314, "-0.7999999999999998": 0.38841564636997616, "-0.7": 0.3987363274221535, "-0.5999999999999999": 0.4528656375370024, "-0.5": 0.5422952150406142, "-0.3999999999999999": 0.6526226266792071, "-0.2999999999999998": 0.7658739485781096, "-0.19999999999999996": 0.8634691928440679, "-0.09999999999999987": 0.9293247752817747, "0.0": 0.9525580682831594, "0.10000000000000009": 0.9293247752817746, "0.20000000000000018": 0.8634691928440679, "0.30000000000000027": 0.76587394857811, "0.40000000000000036": 0.6526226266792072, "0.5": 0.5422952150406142, "0.6000000000000001": 0.4528656375370018, "0.7000000000000002": 0.39873632742215337, "0.8000000000000003": 0.3884156463699743, "0.9000000000000004": 0.42322595692890363, "1.0": 0.4972453040465093, "1.1": 0.5984677859314369, "1.2000000000000002": 0.7109561753041157, "1.3000000000000003": 0.8175928628624267, "1.4000000000000004": 0.9029408489183831, "1.5": 0.955720672157446, "1.6": 0.9704908775578607, "1.7000000000000002": 0.948272083517974, "1.8000000000000003": 0.8960486568855064, "1.9000000000000004": 0.8252813763910609}