{"-2.0": 0.6954638423224933, "-1.9": 0.6903231525157212, "-1.8": 0.692055819271723, "-1.7": 0.6980954680436572, "-1.6": 0.7053485772524418, "-1.5": 0.7108004961226398, "-1.4": 0.7120852458203194, "-1.2999999999999998": 0.7079104698844435, "-1.2": 0.6982589605970162, "-1.1": 0.6843332155138233, "-1.0": 0.6682604824981806, "-0.8999999999999999": 0.65262262667921, "-0.7999999999999998": 0.6399086811205514, "-0.7": 0.6320016148672556, "-0.5999999999999999": 0.6298021421069184, "-0.5": 0.6330632447686999, "-0.3999999999999999": 0.6404654863903672, "-0.2999999999999998": 0.6499140007679504, "-0.19999999999999996": 0.6589931572571112, "-0.09999999999999987": 0.6654833339396771, "0.0": 0.6678322586313291, "0.10000000000000009": 0.6654833339396771, "0.20000000000000018": 0.6589931572571112, "0.30000000000000027": 0.6499140007679503, "0.40000000000000036": 0.6404654863903673, "0.5": 0.6330632447686998, "0.6000000000000001": 0.6298021421069185, "0.7000000000000002": 0.6320016148672556, "0.8000000000000003": 0.6399086811205486, "0.9000000000000004": 0.6526226266792106, "1.0": 0.6682604824981806, "1.1": 0.6843332155138238, "1.2000000000000002": 0.698258960597017, "1.3000000000000003": 0.7079104698844441, "1.4000000000000004": 0.7120852458203207, "1.5": 0.7108004961226404, "1.6": 0.7053485772524415, "1.7000000000000002": 0.698095468043658, "1.8000000000000003": 0.6920558192717235, "1.9000000000000004": 0.6903231525157215}