{"-2.0": 0.6580167755841819, "-1.9": 0.7261625923205858, "-1.8": 0.8018318271891054, "-1.7": 0.869459129845967, "-1.6": 0.9143671151697984, "-1.5": 0.9255729972816886, "-1.4": 0.8979904191062986, "-1.2999999999999998": 0.8335908835602255, "-1.2": 0.7412762609705104, "-1.1": 0.6354525575185228, "-1.0": 0.533540696253934, "-0.8999999999999999": 0.45286563753700226, "-0.7999999999999998": 0.407490846208839, "-0.7": 0.4055857155306655, "-0.5999999999999999": 0.44782364453650336, "-0.5": 0.5271236133303566, "-0.3999999999999999": 0.6298021421069152, "-0.2999999999999998": 0.7379412463055968, "-0.19999999999999996": 0.8325505229744109, "-0.09999999999999987": 0.8969509119164917, "0.0": 0.9197627935464512, "0.10000000000000009": 0.8969509119164919, "0.20000000000000018": 0.8325505229744109, "0.30000000000000027": 0.7379412463055962, "0.40000000000000036": 0.6298021421069147, "0.5": 0.5271236133303563, "0.6000000000000001": 0.4478236445365035, "0.7000000000000002": 0.405585715530665, "0.8000000000000003": 0.40749084620883663, "0.9000000000000004": 0.45286563753700304, "1.0": 0.5335406962539342, "1.1": 0.6354525575185237, "1.2000000000000002": 0.7412762609705112, "1.3000000000000003": 0.8335908835602261, "1.4000000000000004": 0.8979904191062987, "1.5": 0.9255729972816898, "1.6": 0.9143671151697984, "1.7000000000000002": 0.8694591298459673, "1.8000000000000003": 0.801831827189106, "1.9000000000000004": 0.726162592320586}