{"-2.0": 0.9999467185886695, "-1.9": 0.9997880528578337, "-1.8": 0.9986793382204562, "-1.7": 0.9967820869224522, "-1.6": 0.9944609560789505, "-1.5": 0.9922121874423901, "-1.4": 0.9905548543898177, "-1.2999999999999998": 0.9899071153621367, "-1.2": 0.9904748575783958, "-1.1": 0.9921795884851393, "-1.0": 0.994645900112941, "-0.8999999999999999": 0.997257267650919, "-0.7999999999999998": 0.9992744620039079, "-0.7": 0.9999963358746691, "-0.5999999999999999": 0.9989312745769046, "-0.5": 0.9959418606973554, "-0.3999999999999999": 0.991326966687166, "-0.2999999999999998": 0.9858148414962922, "-0.19999999999999996": 0.9804565292379318, "-0.09999999999999987": 0.9764284915247252, "0.0": 0.9747729944811268, "0.10000000000000009": 0.9761207674930299, "0.20000000000000018": 0.9804491997509256, "0.30000000000000027": 0.9869286230545866, "0.40000000000000036": 0.9938984112044077, "0.5": 0.9989949654894036, "0.6000000000000001": 0.9994281589315884, "0.7000000000000002": 0.9923757628430285, "0.8000000000000003": 0.9754416047645055, "0.9000000000000004": 0.947107209143469, "1.0": 0.9071017853086522, "1.1": 0.8566231572143194, "1.2000000000000002": 0.7983619049954442, "1.3000000000000003": 0.7363097989013515, "1.4000000000000004": 0.675367028382281, "1.5": 0.62079527586648, "1.6": 0.577589846506501, "1.7000000000000002": 0.5498592769456033, "1.8000000000000003": 0.5403023058681602, "1.9000000000000004": 0.5498592769456054}