{"-2.0": 0.7650715977440539, "-1.9": 0.6809253988829683, "-1.8": 0.598980592385826, "-1.7": 0.5316645187923887, "-1.6": 0.4897739499222391, "-1.5": 0.4804329406464081, "-1.4": 0.5056171187431544, "-1.2999999999999998": 0.5615428280762322, "-1.2": 0.639069467347985, "-1.1": 0.7250805390451308, "-1.0": 0.8046269454636281, "-0.8999999999999999": 0.863469192844069, "-0.7999999999999998": 0.8905717783962577, "-0.7": 0.8801001559172431, "-0.5999999999999999": 0.8325505229744077, "-0.5": 0.7547920023048372, "-0.3999999999999999": 0.6589931572571089, "-0.2999999999999998": 0.5606053324027809, "-0.19999999999999996": 0.4757472220472828, "-0.09999999999999987": 0.4184464227911303, "0.0": 0.3982235209677661, "0.10000000000000009": 0.4184464227911303, "0.20000000000000018": 0.47574722204728304, "0.30000000000000027": 0.5606053324027814, "0.40000000000000036": 0.6589931572571097, "0.5": 0.7547920023048373, "0.6000000000000001": 0.8325505229744082, "0.7000000000000002": 0.8801001559172433, "0.8000000000000003": 0.890571778396254, "0.9000000000000004": 0.8634691928440694, "1.0": 0.8046269454636281, "1.1": 0.7250805390451308, "1.2000000000000002": 0.6390694673479843, "1.3000000000000003": 0.561542828076232, "1.4000000000000004": 0.5056171187431545, "1.5": 0.4804329406464081, "1.6": 0.4897739499222391, "1.7000000000000002": 0.5316645187923881, "1.8000000000000003": 0.5989805923858261, "1.9000000000000004": 0.6809253988829702}