{"-2.0": 0.9293367307874524, "-1.9": 0.8806627396559022, "-1.8": 0.815204479069475, "-1.7": 0.7428573381877464, "-1.6": 0.675850888347325, "-1.5": 0.6264935392208867, "-1.4": 0.6047186414114567, "-1.2999999999999998": 0.61588777028356, "-1.2": 0.659281445267032, "-1.1": 0.7276008660075661, "-1.0": 0.8076338940747937, "-0.8999999999999999": 0.8820341775465417, "-0.7999999999999998": 0.9319605389695219, "-0.7": 0.9401612100216132, "-0.5999999999999999": 0.8939942774381583, "-0.5": 0.7878697045279959, "-0.3999999999999999": 0.624681886504648, "-0.2999999999999998": 0.4159612396032085, "-0.19999999999999996": 0.18068158351141506, "-0.09999999999999987": -0.057118847651595084, "0.0": -0.27154914593568236, "0.10000000000000009": -0.4384196028395386, "0.20000000000000018": -0.5385918498703817, "0.30000000000000027": -0.5606144073398013, "0.40000000000000036": -0.5022508037472113, "0.5": -0.3706870703773679, "0.6000000000000001": -0.18141521756065737, "0.7000000000000002": 0.044006474905301685, "0.8000000000000003": 0.2809504833333945, "0.9000000000000004": 0.5050083393507858, "1.0": 0.6950824039550011, "1.1": 0.8358495536551712, "1.2000000000000002": 0.9192857856826857, "1.3000000000000003": 0.9451018498687684, "1.4000000000000004": 0.9201124690744713, "1.5": 0.8567164547982993, "1.6": 0.770778260456416, "1.7000000000000002": 0.6792585718105812, "1.8000000000000003": 0.597938794653826, "1.9000000000000004": 0.5395289276199654}