{"-2.0": 0.7005835465729131, "-1.9": 0.7901090254471701, "-1.8": 0.8803280714822657, "-1.7": 0.9536401215586154, "-1.6": 0.9944736690429684, "-1.5": 0.9922495172835545, "-1.4": 0.9435581303199897, "-1.2999999999999998": 0.8531150849157689, "-1.2": 0.7332721547632157, "-1.1": 0.6021233055834108, "-1.0": 0.4805066246811671, "-0.8999999999999999": 0.38841564636997733, "-0.7999999999999998": 0.3414556596698887, "-0.7": 0.3479876360001094, "-0.5999999999999999": 0.4074908462088382, "-0.5": 0.5104637170675587, "-0.3999999999999999": 0.6399086811205505, "-0.2999999999999998": 0.774160524478905, "-0.19999999999999996": 0.8905717783962611, "-0.09999999999999987": 0.9694088242824112, "0.0": 0.9972687873174869, "0.10000000000000009": 0.9694088242824109, "0.20000000000000018": 0.8905717783962609, "0.30000000000000027": 0.7741605244789046, "0.40000000000000036": 0.6399086811205499, "0.5": 0.5104637170675586, "0.6000000000000001": 0.4074908462088379, "0.7000000000000002": 0.3479876360001095, "0.8000000000000003": 0.34145565966988717, "0.9000000000000004": 0.38841564636997833, "1.0": 0.4805066246811673, "1.1": 0.6021233055834113, "1.2000000000000002": 0.7332721547632158, "1.3000000000000003": 0.85311508491577, "1.4000000000000004": 0.9435581303199896, "1.5": 0.9922495172835546, "1.6": 0.9944736690429686, "1.7000000000000002": 0.9536401215586142, "1.8000000000000003": 0.8803280714822659, "1.9000000000000004": 0.7901090254471707}