{"-2.0": 0.99085284284655, "-1.9": 0.9931607628878005, "-1.8": 0.9947771717639455, "-1.7": 0.9952579684664434, "-1.6": 0.9943440799103795, "-1.5": 0.9920397736492571, "-1.4": 0.9886458600561273, "-1.2999999999999998": 0.9847342665108499, "-1.2": 0.9810605295107684, "-1.1": 0.9784227149150835, "-1.0": 0.9774869949786769, "-0.8999999999999999": 0.9786092815651738, "-0.7999999999999998": 0.9816869143872556, "-0.7": 0.9860730975381107, "-0.5999999999999999": 0.9905792316928596, "-0.5": 0.993577306704457, "-0.3999999999999999": 0.9931979770371098, "-0.2999999999999998": 0.9876025208287622, "-0.19999999999999996": 0.9752916289258338, "-0.09999999999999987": 0.9554037650399743, "0.0": 0.9279528682532157, "0.10000000000000009": 0.8939604899929176, "0.20000000000000018": 0.8554507411790373, "0.30000000000000027": 0.8152959420066614, "0.40000000000000036": 0.7769237170446655, "0.5": 0.743918840634195, "0.6000000000000001": 0.7195716629264534, "0.7000000000000002": 0.7064361975287644, "0.8000000000000003": 0.7059627733121705, "0.9000000000000004": 0.7182618773834873, "1.0": 0.742038419842376, "1.1": 0.7747116345506273, "1.2000000000000002": 0.8127088362021234, "1.3000000000000003": 0.8518954823600968, "1.4000000000000004": 0.8880835093686522, "1.5": 0.9175479883581501, "1.6": 0.9374806983777545, "1.7000000000000002": 0.9463184847990349, "1.8000000000000003": 0.9439027979578214, "1.9000000000000004": 0.9314516580386496}