{"-2.0": 0.922712708945157, "-1.9": 0.9211006155231002, "-1.8": 0.9226346718516674, "-1.7": 0.9271143585653007, "-1.6": 0.9340993758110457, "-1.5": 0.9429699718762458, "-1.4": 0.9529971459605378, "-1.2999999999999998": 0.9634127669961661, "-1.2": 0.9734723426401851, "-1.1": 0.9825067244047266, "-1.0": 0.9899624088982155, "-0.8999999999999999": 0.995432377715051, "-0.7999999999999998": 0.9986800450784779, "-0.7": 0.9996577787458176, "-0.5999999999999999": 0.9985190658553976, "-0.5": 0.9956205635608327, "-0.3999999999999999": 0.9915080619454987, "-0.2999999999999998": 0.986879788878314, "-0.19999999999999996": 0.9825221672115032, "-0.09999999999999987": 0.9792172200717374, "0.0": 0.9776268038928414, "0.10000000000000009": 0.9781656407139254, "0.20000000000000018": 0.9808812343337772, "0.30000000000000027": 0.9853626032110578, "0.40000000000000036": 0.9907000097816449, "0.5": 0.9955137513822706, "0.6000000000000001": 0.9980616546761756, "0.7000000000000002": 0.9964231336705586, "0.8000000000000003": 0.9887442860026253, "0.9000000000000004": 0.9735158062753411, "1.0": 0.9498459220983302, "1.1": 0.9176862222317477, "1.2000000000000002": 0.8779705081702738, "1.3000000000000003": 0.8326359479191712, "1.4000000000000004": 0.7845109171926602, "1.5": 0.7370729182887248, "1.6": 0.6940999717682198, "1.7000000000000002": 0.6592566118005074, "1.8000000000000003": 0.635668004128576, "1.9000000000000004": 0.625540411911584}