{"-2.0": 0.7942382022075894, "-1.9": 0.7699408146852139, "-1.8": 0.7219761675200365, "-1.7": 0.6577903201032038, "-1.6": 0.5872632621701125, "-1.5": 0.5212157806379115, "-1.4": 0.46971320737985656, "-1.2999999999999998": 0.4404281511267475, "-1.2": 0.43732902625580894, "-1.1": 0.45992196718114137, "-1.0": 0.5031944879804118, "-0.8999999999999999": 0.5583010627912802, "-0.7999999999999998": 0.6139103443718478, "-0.7": 0.6580207342637805, "-0.5999999999999999": 0.6799649687660939, "-0.5": 0.6722811487517435, "-0.3999999999999999": 0.6321364869653383, "-0.2999999999999998": 0.5620517253080316, "-0.19999999999999996": 0.46978040708136903, "-0.09999999999999987": 0.3673317199645262, "0.0": 0.2692667273113629, "0.10000000000000009": 0.19052184245343, "0.20000000000000018": 0.14409885900008684, "0.30000000000000027": 0.1389921343707139, "0.40000000000000036": 0.17869384055675175, "0.5": 0.26053098344964987, "0.6000000000000001": 0.3759565003898735, "0.7000000000000002": 0.5117623786244572, "0.8000000000000003": 0.6520309727737371, "0.9000000000000004": 0.7805171693613563, "1.0": 0.8830800208103682, "1.1": 0.9497711185826867, "1.2000000000000002": 0.9762409704768108, "1.3000000000000003": 0.9642355686336921, "1.4000000000000004": 0.9211049797676876, "1.5": 0.8584092028824511, "1.6": 0.7898562454321608, "1.7000000000000002": 0.7289180685775615, "1.8000000000000003": 0.686522980260132, "1.9000000000000004": 0.6692092211444578}