{"-2.0": 0.9804565292379259, "-1.9": 0.976428491524723, "-1.8": 0.9747729944811265, "-1.7": 0.9761207674930256, "-1.6": 0.9804491997509233, "-1.5": 0.9869286230545845, "-1.4": 0.9938984112044016, "-1.2999999999999998": 0.9989949654893986, "-1.2": 0.9994281589315781, "-1.1": 0.9923757628430214, "-1.0": 0.9754416047645039, "-0.8999999999999999": 0.9471072091434645, "-0.7999999999999998": 0.90710178530865, "-0.7": 0.8566231572143143, "-0.5999999999999999": 0.7983619049954447, "-0.5": 0.7363097989013512, "-0.3999999999999999": 0.6753670283822801, "-0.2999999999999998": 0.6207952758664756, "-0.19999999999999996": 0.5775898465064984, "-0.09999999999999987": 0.5498592769456028, "0.0": 0.540302305868156, "0.10000000000000009": 0.5498592769456029, "0.20000000000000018": 0.5775898465064986, "0.30000000000000027": 0.6207952758664763, "0.40000000000000036": 0.6753670283822808, "0.5": 0.7363097989013512, "0.6000000000000001": 0.798361904995445, "0.7000000000000002": 0.8566231572143144, "0.8000000000000003": 0.907101785308646, "0.9000000000000004": 0.9471072091434647, "1.0": 0.9754416047645036, "1.1": 0.9923757628430213, "1.2000000000000002": 0.9994281589315785, "1.3000000000000003": 0.9989949654893993, "1.4000000000000004": 0.9938984112044026, "1.5": 0.9869286230545842, "1.6": 0.980449199750923, "1.7000000000000002": 0.9761207674930251, "1.8000000000000003": 0.9747729944811269, "1.9000000000000004": 0.9764284915247239}