{"-2.0": 0.9904748575783916, "-1.9": 0.992179588485135, "-1.8": 0.9946459001129422, "-1.7": 0.997257267650919, "-1.6": 0.9992744620039054, "-1.5": 0.9999963358746641, "-1.4": 0.9989312745768951, "-1.2999999999999998": 0.9959418606973522, "-1.2": 0.991326966687156, "-1.1": 0.9858148414962846, "-1.0": 0.9804565292379237, "-0.8999999999999999": 0.9764284915247151, "-0.7999999999999998": 0.9747729944811215, "-0.7": 0.9761207674930239, "-0.5999999999999999": 0.980449199750922, "-0.5": 0.9869286230545782, "-0.3999999999999999": 0.9938984112044069, "-0.2999999999999998": 0.998994965489402, "-0.19999999999999996": 0.9994281589315797, "-0.09999999999999987": 0.9923757628430244, "0.0": 0.9754416047645058, "0.10000000000000009": 0.9471072091434694, "0.20000000000000018": 0.9071017853086518, "0.30000000000000027": 0.8566231572143175, "0.40000000000000036": 0.7983619049954449, "0.5": 0.736309798901348, "0.6000000000000001": 0.6753670283822812, "0.7000000000000002": 0.6207952758664771, "0.8000000000000003": 0.5775898465064967, "0.9000000000000004": 0.549859276945601, "1.0": 0.5403023058681559, "1.1": 0.5498592769456019, "1.2000000000000002": 0.5775898465064966, "1.3000000000000003": 0.6207952758664756, "1.4000000000000004": 0.6753670283822784, "1.5": 0.736309798901349, "1.6": 0.7983619049954417, "1.7000000000000002": 0.8566231572143155, "1.8000000000000003": 0.9071017853086493, "1.9000000000000004": 0.9471072091434707}