{"-2.0": 0.9987471295280135, "-1.9": 0.9966762244437545, "-1.8": 0.9935760615169177, "-1.7": 0.9899907645408388, "-1.6": 0.9866359764858603, "-1.5": 0.9842577758882289, "-1.4": 0.9834661272900587, "-1.2999999999999998": 0.9845729796820897, "-1.2": 0.987466727848069, "-1.1": 0.991550499561083, "-1.0": 0.9957621413826433, "-0.8999999999999999": 0.9986803768399446, "-0.7999999999999998": 0.9987066874972528, "-0.7": 0.9942986523408452, "-0.5999999999999999": 0.984220275124471, "-0.5": 0.9677701410150678, "-0.3999999999999999": 0.9449500309576249, "-0.2999999999999998": 0.9165447075090023, "-0.19999999999999996": 0.8840966802774635, "-0.09999999999999987": 0.8497756884319805, "0.0": 0.816158732042539, "0.10000000000000009": 0.7859500557883392, "0.20000000000000018": 0.7616793111702103, "0.30000000000000027": 0.7454188206373571, "0.40000000000000036": 0.7385571429326607, "0.5": 0.7416568065339451, "0.6000000000000001": 0.7544108856719909, "0.7000000000000002": 0.7756983841459131, "0.8000000000000003": 0.8037246636795365, "0.9000000000000004": 0.8362226029792856, "1.0": 0.870684313584343, "1.1": 0.9045926549713048, "1.2000000000000002": 0.9356260848538686, "1.3000000000000003": 0.9618182971807993, "1.4000000000000004": 0.9816638197328, "1.5": 0.9941702640510167, "1.6": 0.9988654631671989, "1.7000000000000002": 0.9957720802623367, "1.8000000000000003": 0.9853629818779014, "1.9000000000000004": 0.9685081207262648}