{"-2.0": 0.9959420840181955, "-1.9": 0.9924981568278056, "-1.8": 0.9868256099063575, "-1.7": 0.9792656956382356, "-1.6": 0.9705981748689814, "-1.5": 0.9619528216721916, "-1.4": 0.9546372786167276, "-1.2999999999999998": 0.9499047523027658, "-1.2": 0.9486989782518067, "-1.1": 0.9514218361233714, "-1.0": 0.957769037428336, "-0.8999999999999999": 0.966670907401309, "-0.7999999999999998": 0.9763594700149794, "-0.7": 0.9845622881820761, "-0.5999999999999999": 0.9888013168949893, "-0.5": 0.986755331391306, "-0.3999999999999999": 0.9766309488698868, "-0.2999999999999998": 0.9574825593734668, "-0.19999999999999996": 0.9294268184752283, "-0.09999999999999987": 0.8937121769052687, "0.0": 0.8526259729032856, "0.10000000000000009": 0.8092472951982436, "0.20000000000000018": 0.7670788172166793, "0.30000000000000027": 0.7296108192839312, "0.40000000000000036": 0.6998821656242356, "0.5": 0.6801040247436738, "0.6000000000000001": 0.6714023601379343, "0.7000000000000002": 0.6737162829457237, "0.8000000000000003": 0.6858644475603966, "0.9000000000000004": 0.7057650108015755, "1.0": 0.7307707721696906, "1.1": 0.7580639616325779, "1.2000000000000002": 0.7850475258053127, "1.3000000000000003": 0.8096727783439561, "1.4000000000000004": 0.83065616174738, "1.5": 0.8475581561247459, "1.6": 0.8607213763430275, "1.7000000000000002": 0.8710883809963789, "1.8000000000000003": 0.8799386466014463, "1.9000000000000004": 0.8885954341694837}