{"-2.0": 0.7307511628855847, "-1.9": 0.6833013004850368, "-1.8": 0.6404973885130971, "-1.7": 0.6077351111725088, "-1.6": 0.5892625983229443, "-1.5": 0.5873874160021727, "-1.4": 0.6019708384460996, "-1.2999999999999998": 0.6303149485613024, "-1.2": 0.6674824595145716, "-1.1": 0.7070134793837013, "-1.0": 0.7419312950443746, "-0.8999999999999999": 0.7658739485781092, "-0.7999999999999998": 0.7741605244789038, "-0.7": 0.764606510938695, "-0.5999999999999999": 0.7379412463055947, "-0.5": 0.6977461541426273, "-0.3999999999999999": 0.6499140007679476, "-0.2999999999999998": 0.6017124895048447, "-0.19999999999999996": 0.5606053324027807, "-0.09999999999999987": 0.5330278897995492, "0.0": 0.5233244243280242, "0.10000000000000009": 0.5330278897995493, "0.20000000000000018": 0.5606053324027805, "0.30000000000000027": 0.6017124895048455, "0.40000000000000036": 0.6499140007679477, "0.5": 0.6977461541426276, "0.6000000000000001": 0.7379412463055953, "0.7000000000000002": 0.7646065109386955, "0.8000000000000003": 0.7741605244789014, "0.9000000000000004": 0.7658739485781084, "1.0": 0.7419312950443746, "1.1": 0.7070134793837022, "1.2000000000000002": 0.6674824595145715, "1.3000000000000003": 0.630314948561302, "1.4000000000000004": 0.6019708384461002, "1.5": 0.5873874160021724, "1.6": 0.5892625983229443, "1.7000000000000002": 0.607735111172509, "1.8000000000000003": 0.6404973885130973, "1.9000000000000004": 0.6833013004850381}