{"-2.0": 0.97515227549129, "-1.9": 0.9768438570134721, "-1.8": 0.9794262864129548, "-1.7": 0.9823402523843482, "-1.6": 0.9849214877160789, "-1.5": 0.9865356287915344, "-1.4": 0.9867214970147294, "-1.2999999999999998": 0.9853123498758871, "-1.2": 0.982506041203018, "-1.1": 0.9788626598228375, "-1.0": 0.9752210505160896, "-0.8999999999999999": 0.9725414867155862, "-0.7999999999999998": 0.9716977088591658, "-0.7": 0.9732543766255097, "-0.5999999999999999": 0.9772729007346539, "-0.5": 0.9831877750470857, "-0.3999999999999999": 0.9897864599415089, "-0.2999999999999998": 0.9953096687789554, "-0.19999999999999996": 0.9976681154308156, "-0.09999999999999987": 0.9947499644658713, "0.0": 0.9847743753705314, "0.10000000000000009": 0.9666343235948656, "0.20000000000000018": 0.9401689722369648, "0.30000000000000027": 0.9063133551384002, "0.40000000000000036": 0.8670902745928519, "0.5": 0.8254335925968963, "0.6000000000000001": 0.7848595860930451, "0.7000000000000002": 0.749029087553007, "0.8000000000000003": 0.7212631602240295, "0.9000000000000004": 0.7040853783571319, "1.0": 0.6988622951174109, "1.1": 0.705600281214355, "1.2000000000000002": 0.722933566286621, "1.3000000000000003": 0.7483087350385239, "1.4000000000000004": 0.7783399827008268, "1.5": 0.8092822864046271, "1.6": 0.8375508742920671, "1.7000000000000002": 0.8602081519329031, "1.8000000000000003": 0.8753448005477983, "1.9000000000000004": 0.8822991463881869}