{"-2.0": 0.9982814161856353, "-1.9": 0.9976583077928667, "-1.8": 0.995829523556915, "-1.7": 0.9930345008538563, "-1.6": 0.9897462455034249, "-1.5": 0.9865956569167528, "-1.4": 0.9842530446567483, "-1.2999999999999998": 0.9832846695990951, "-1.2": 0.9840084111520673, "-1.1": 0.9863750540356289, "-1.0": 0.9898995540900825, "-0.8999999999999999": 0.9936601043229567, "-0.7999999999999998": 0.9963727772363936, "-0.7": 0.996537506665165, "-0.5999999999999999": 0.9926391238698683, "-0.5": 0.9833770808793909, "-0.3999999999999999": 0.9678911124975288, "-0.2999999999999998": 0.9459485741022916, "-0.19999999999999996": 0.91806294275929, "-0.09999999999999987": 0.8855215376472843, "0.0": 0.8503126792298974, "0.10000000000000009": 0.8149564622204389, "0.20000000000000018": 0.7822569744374668, "0.30000000000000027": 0.75500510950534, "0.40000000000000036": 0.7356684246784292, "0.5": 0.7261067423754772, "0.6000000000000001": 0.7273491185798264, "0.7000000000000002": 0.7394599329724271, "0.8000000000000003": 0.7615104130245366, "0.9000000000000004": 0.7916585815518963, "1.0": 0.8273273064104901, "1.1": 0.8654586274608278, "1.2000000000000002": 0.9028142767620466, "1.3000000000000003": 0.9362881837690666, "1.4000000000000004": 0.9631970227754656, "1.5": 0.9815191502158979, "1.6": 0.9900597212009085, "1.7000000000000002": 0.9885291635697573, "1.8000000000000003": 0.9775321981984602, "1.9000000000000004": 0.9584739819070898}