{"-2.0": 0.9558540493909911, "-1.9": 0.9525267662179808, "-1.8": 0.9518343780953658, "-1.7": 0.9538362688992927, "-1.6": 0.9581629226490296, "-1.5": 0.9640677731383207, "-1.4": 0.9705540878532892, "-1.2999999999999998": 0.9765559034665753, "-1.2": 0.9811400276853621, "-1.1": 0.9836899981183013, "-1.0": 0.9840341632575479, "-0.8999999999999999": 0.9824888571093101, "-0.7999999999999998": 0.979802639626767, "-0.7": 0.97700616165137, "-0.5999999999999999": 0.9751909631427438, "-0.5": 0.9752558213249487, "-0.3999999999999999": 0.9776680300586773, "-0.2999999999999998": 0.9822872310846258, "-0.19999999999999996": 0.9882906875143352, "-0.09999999999999987": 0.9942224220630975, "0.0": 0.998167168746434, "0.10000000000000009": 0.9980273727362101, "0.20000000000000018": 0.9918616447495363, "0.30000000000000027": 0.978229861415055, "0.40000000000000036": 0.9564861287609965, "0.5": 0.9269671065530619, "0.6000000000000001": 0.8910389047481486, "0.7000000000000002": 0.8509883644796714, "0.8000000000000003": 0.80977018883844, "0.9000000000000004": 0.7706456435196618, "1.0": 0.73676713856703, "1.1": 0.7107726211452846, "1.2000000000000002": 0.6944526078983657, "1.3000000000000003": 0.6885410012019451, "1.4000000000000004": 0.6926605705050473, "1.5": 0.705428651574382, "1.6": 0.7247026149142022, "1.7000000000000002": 0.7479224617320726, "1.8000000000000003": 0.7724932915831412, "1.9000000000000004": 0.7961457413957507}