{"-2.0": 0.9863756217230202, "-1.9": 0.9815245666344649, "-1.8": 0.9751793508534221, "-1.7": 0.9677139112195616, "-1.6": 0.9598176099506235, "-1.5": 0.9524104693090704, "-1.4": 0.9464905839736208, "-1.2999999999999998": 0.942934835964818, "-1.2": 0.9422865092684689, "-1.1": 0.9445705024710161, "-1.0": 0.9491766480477499, "-0.8999999999999999": 0.9548435334629278, "-0.7999999999999998": 0.9597600468555586, "-0.7": 0.9617819317360723, "-0.5999999999999999": 0.9587393007570996, "-0.5": 0.948792197576686, "-0.3999999999999999": 0.9307785734292722, "-0.2999999999999998": 0.9044952225241982, "-0.19999999999999996": 0.8708585917462537, "-0.09999999999999987": 0.8319084576969888, "0.0": 0.7906409822915784, "0.10000000000000009": 0.7506849059245052, "0.20000000000000018": 0.7158610692943624, "0.30000000000000027": 0.6896864769626836, "0.40000000000000036": 0.6748959043014829, "0.5": 0.6730542576346391, "0.6000000000000001": 0.6843211128890737, "0.7000000000000002": 0.7074067261831548, "0.8000000000000003": 0.7397297907909128, "0.9000000000000004": 0.7777560140424946, "1.0": 0.8174683549286063, "1.1": 0.8548992040050718, "1.2000000000000002": 0.8866453431176582, "1.3000000000000003": 0.9102897681988946, "1.4000000000000004": 0.924669825004734, "1.5": 0.9299559819317409, "1.6": 0.9275357464279947, "1.7000000000000002": 0.9197276703791393, "1.8000000000000003": 0.9093760601729566, "1.9000000000000004": 0.8993937759556351}