{"-2.0": 0.6685645127900242, "-1.9": 0.704218361109175, "-1.8": 0.7479212320462707, "-1.7": 0.7896692853516464, "-1.6": 0.8196333658433452, "-1.5": 0.8300464070705857, "-1.4": 0.8167401275609749, "-1.2999999999999998": 0.7800292578560282, "-1.2": 0.7247612258836871, "-1.1": 0.6595059637114957, "-1.0": 0.5950245471486492, "-0.8999999999999999": 0.5422952150406148, "-0.7999999999999998": 0.5104637170675592, "-0.7": 0.5051043122887658, "-0.5999999999999999": 0.5271236133303564, "-0.5": 0.5725214743546463, "-0.3999999999999999": 0.6330632447686965, "-0.2999999999999998": 0.6977461541426268, "-0.19999999999999996": 0.7547920023048387, "-0.09999999999999987": 0.7937975260888894, "0.0": 0.8076422435513204, "0.10000000000000009": 0.7937975260888898, "0.20000000000000018": 0.7547920023048387, "0.30000000000000027": 0.6977461541426271, "0.40000000000000036": 0.6330632447686956, "0.5": 0.5725214743546464, "0.6000000000000001": 0.5271236133303564, "0.7000000000000002": 0.505104312288766, "0.8000000000000003": 0.5104637170675572, "0.9000000000000004": 0.5422952150406143, "1.0": 0.5950245471486494, "1.1": 0.6595059637114957, "1.2000000000000002": 0.7247612258836871, "1.3000000000000003": 0.780029257856029, "1.4000000000000004": 0.8167401275609751, "1.5": 0.8300464070705855, "1.6": 0.8196333658433452, "1.7000000000000002": 0.7896692853516456, "1.8000000000000003": 0.7479212320462708, "1.9000000000000004": 0.7042183611091754}