{"-2.0": 0.7887682825475936, "-1.9": 0.7748236649017273, "-1.8": 0.7694908220443172, "-1.7": 0.7733206819340362, "-1.6": 0.7860254012927322, "-1.5": 0.8065037316544423, "-1.4": 0.8329609413860579, "-1.2999999999999998": 0.8631084571317519, "-1.2": 0.8944183812869273, "-1.1": 0.9244013728497389, "-1.0": 0.950873842710805, "-0.8999999999999999": 0.9721822383972041, "-0.7999999999999998": 0.9873580333842188, "-0.7": 0.9961860493588582, "-0.5999999999999999": 0.9991797167542559, "-0.5": 0.9974684130933877, "-0.3999999999999999": 0.9926126889457966, "-0.2999999999999998": 0.9863717322754454, "-0.19999999999999996": 0.9804528644944365, "-0.09999999999999987": 0.9762746295088872, "0.0": 0.9747729944811347, "0.10000000000000009": 0.9762746295088867, "0.20000000000000018": 0.9804528644944364, "0.30000000000000027": 0.9863717322754455, "0.40000000000000036": 0.9926126889457966, "0.5": 0.9974684130933877, "0.6000000000000001": 0.9991797167542558, "0.7000000000000002": 0.9961860493588585, "0.8000000000000003": 0.9873580333842139, "0.9000000000000004": 0.9721822383972045, "1.0": 0.9508738427108051, "1.1": 0.9244013728497402, "1.2000000000000002": 0.8944183812869272, "1.3000000000000003": 0.8631084571317524, "1.4000000000000004": 0.8329609413860578, "1.5": 0.8065037316544423, "1.6": 0.7860254012927322, "1.7000000000000002": 0.773320681934037, "1.8000000000000003": 0.7694908220443163, "1.9000000000000004": 0.7748236649017275}